block,block_title,scope,label,value,unit,study,population,base_n,field_period,question_ref,source_title,source_url,source_locator,detail,block_note
kopftuch,Gründe für das Tragen eines Kopftuchs,Deutschland,Religiöse Pflicht,88.6,percent,MLD 2020,"Musliminnen mit Migrationshintergrund aus muslimisch geprägten Herkunftsländern ab 16 Jahren, die das Kopftuch manchmal, meistens oder immer tragen",603,Juli 2019 bis März 2020,v401_1–v401_9,"Pfündel/Stichs/Tanis (2021): Muslimisches Leben in Deutschland 2020, BAMF-Forschungsbericht 38",https://www.bamf.de/SharedDocs/Anlagen/DE/Forschung/Forschungsberichte/fb38-muslimisches-leben.pdf,"Abbildung 4-41, S. 121",,
kopftuch,Gründe für das Tragen eines Kopftuchs,Deutschland,Vermittlung von Sicherheit,37.5,percent,MLD 2020,dieselbe Gruppe,603,Juli 2019 bis März 2020,v401_1–v401_9,"Pfündel/Stichs/Tanis (2021): Muslimisches Leben in Deutschland 2020, BAMF-Forschungsbericht 38",https://www.bamf.de/SharedDocs/Anlagen/DE/Forschung/Forschungsberichte/fb38-muslimisches-leben.pdf,"Abbildung 4-41, S. 121",,
kopftuch,Gründe für das Tragen eines Kopftuchs,Deutschland,Tradition,31.8,percent,MLD 2020,dieselbe Gruppe,603,Juli 2019 bis März 2020,v401_1–v401_9,"Pfündel/Stichs/Tanis (2021): Muslimisches Leben in Deutschland 2020, BAMF-Forschungsbericht 38",https://www.bamf.de/SharedDocs/Anlagen/DE/Forschung/Forschungsberichte/fb38-muslimisches-leben.pdf,"Abbildung 4-41, S. 121",,
kopftuch,Gründe für das Tragen eines Kopftuchs,Deutschland,Erkennbarkeit als Muslimin in der Öffentlichkeit,29.0,percent,MLD 2020,dieselbe Gruppe,603,Juli 2019 bis März 2020,v401_1–v401_9,"Pfündel/Stichs/Tanis (2021): Muslimisches Leben in Deutschland 2020, BAMF-Forschungsbericht 38",https://www.bamf.de/SharedDocs/Anlagen/DE/Forschung/Forschungsberichte/fb38-muslimisches-leben.pdf,"Abbildung 4-41, S. 121",,
kopftuch,Gründe für das Tragen eines Kopftuchs,Deutschland,Schutz vor Belästigung von Männern,10.9,percent,MLD 2020,dieselbe Gruppe,603,Juli 2019 bis März 2020,v401_1–v401_9,"Pfündel/Stichs/Tanis (2021): Muslimisches Leben in Deutschland 2020, BAMF-Forschungsbericht 38",https://www.bamf.de/SharedDocs/Anlagen/DE/Forschung/Forschungsberichte/fb38-muslimisches-leben.pdf,"Abbildung 4-41, S. 121",,
kopftuch,Gründe für das Tragen eines Kopftuchs,Deutschland,Andere Gründe,9.7,percent,MLD 2020,dieselbe Gruppe,603,Juli 2019 bis März 2020,v401_1–v401_9,"Pfündel/Stichs/Tanis (2021): Muslimisches Leben in Deutschland 2020, BAMF-Forschungsbericht 38",https://www.bamf.de/SharedDocs/Anlagen/DE/Forschung/Forschungsberichte/fb38-muslimisches-leben.pdf,"Abbildung 4-41, S. 121",,
kopftuch,Gründe für das Tragen eines Kopftuchs,Deutschland,Erwartungen des Bekanntenkreises,4.6,percent,MLD 2020,dieselbe Gruppe,603,Juli 2019 bis März 2020,v401_1–v401_9,"Pfündel/Stichs/Tanis (2021): Muslimisches Leben in Deutschland 2020, BAMF-Forschungsbericht 38",https://www.bamf.de/SharedDocs/Anlagen/DE/Forschung/Forschungsberichte/fb38-muslimisches-leben.pdf,"Abbildung 4-41, S. 121",,
kopftuch,Gründe für das Tragen eines Kopftuchs,Deutschland,Erwartung oder Forderung von Familie oder Partner,4.4,percent,MLD 2020,dieselbe Gruppe,603,Juli 2019 bis März 2020,v401_1–v401_9,"Pfündel/Stichs/Tanis (2021): Muslimisches Leben in Deutschland 2020, BAMF-Forschungsbericht 38",https://www.bamf.de/SharedDocs/Anlagen/DE/Forschung/Forschungsberichte/fb38-muslimisches-leben.pdf,"Abbildung 4-41, S. 121",,
kopftuch,Gründe für das Tragen eines Kopftuchs,Deutschland,Modische Gründe,3.4,percent,MLD 2020,dieselbe Gruppe,603,Juli 2019 bis März 2020,v401_1–v401_9,"Pfündel/Stichs/Tanis (2021): Muslimisches Leben in Deutschland 2020, BAMF-Forschungsbericht 38",https://www.bamf.de/SharedDocs/Anlagen/DE/Forschung/Forschungsberichte/fb38-muslimisches-leben.pdf,"Abbildung 4-41, S. 121",,
abgrenzung,Wollen Muslime sich abgrenzen? Selbstbild und Fremdbild,Mehrere Länder,Befragte Muslime: Zuwandernde Muslime wollen sich anpassen,30,percent,Pew Global Attitudes 2006,Muslime in Deutschland,,31.03. bis 14.05.2006,,Pew Research Center (2006): Muslims in Europe – Economic Worries Top Concerns About Religious and Cultural Identity,https://www.pewresearch.org/global/2006/07/06/muslims-in-europe-economic-worries-top-concerns-about-religious-and-cultural-identity/,Kapitel Identität,,
abgrenzung,Wollen Muslime sich abgrenzen? Selbstbild und Fremdbild,Mehrere Länder,Befragte Muslime: Zuwandernde Muslime wollen sich abgrenzen,52,percent,Pew Global Attitudes 2006,Muslime in Deutschland,,31.03. bis 14.05.2006,,Pew Research Center (2006): Muslims in Europe – Economic Worries Top Concerns About Religious and Cultural Identity,https://www.pewresearch.org/global/2006/07/06/muslims-in-europe-economic-worries-top-concerns-about-religious-and-cultural-identity/,Kapitel Identität,,
abgrenzung,Wollen Muslime sich abgrenzen? Selbstbild und Fremdbild,Mehrere Länder,Allgemeinbevölkerung: Muslime wollen sich abgrenzen,76,percent,Pew Global Attitudes 2006,Bevölkerung Deutschlands,,31.03. bis 14.05.2006,,Pew Research Center (2006): Muslims in Europe – Economic Worries Top Concerns About Religious and Cultural Identity,https://www.pewresearch.org/global/2006/07/06/muslims-in-europe-economic-worries-top-concerns-about-religious-and-cultural-identity/,Kapitel Identität,,
abgrenzung,Wollen Muslime sich abgrenzen? Selbstbild und Fremdbild,Mehrere Länder,Allgemeinbevölkerung: Muslime wollen sich abgrenzen (zehn Jahre später),61,percent,Pew 2016/17,Bevölkerung Deutschlands,,2016 bis 2017,,Pew Research Center (2017): Europe’s Growing Muslim Population,https://www.pewresearch.org/religion/2017/11/29/europes-growing-muslim-population/,Abschnitt Wahrnehmung,,
bw_religioese_vielfalt,Offenheit für religiöse Vielfalt in Baden-Württemberg,Baden-Württemberg,Der Islam passt durchaus in die westliche Welt.,44,percent,Integration unter Druck? 2019,"deutschsprechende Personen ab 18 Jahren mit Hauptwohnsitz in Baden-Württemberg, telefonisch befragt von der Forschungsgruppe Wahlen",1587,09.07. bis 24.07.2019,,"Ministerium für Soziales und Integration Baden-Württemberg (2020): Integrationsbericht des Landes Baden-Württemberg 2020, Datenquelle: Umfrage „Integration unter Druck?"" 2019",https://sozialministerium.baden-wuerttemberg.de/,"Abbildung 9-11, S. 91",voll und ganz 14 · eher zu 30 · eher nicht 31 · überhaupt nicht 19,
bw_religioese_vielfalt,Offenheit für religiöse Vielfalt in Baden-Württemberg,Baden-Württemberg,"Religiöse Bekundungen und Symbole wie Kruzifix, Kopftuch oder Kippah haben in der Öffentlichkeit nichts verloren.",43,percent,Integration unter Druck? 2019,"deutschsprechende Personen ab 18 Jahren mit Hauptwohnsitz in Baden-Württemberg, telefonisch befragt von der Forschungsgruppe Wahlen",1587,09.07. bis 24.07.2019,,"Ministerium für Soziales und Integration Baden-Württemberg (2020): Integrationsbericht des Landes Baden-Württemberg 2020, Datenquelle: Umfrage „Integration unter Druck?"" 2019",https://sozialministerium.baden-wuerttemberg.de/,"Abbildung 9-11, S. 91",voll und ganz 23 · eher zu 20 · eher nicht 30 · überhaupt nicht 22,
bw_religioese_vielfalt,Offenheit für religiöse Vielfalt in Baden-Württemberg,Baden-Württemberg,Gesetzliche Feiertage sollte es in Deutschland auch zu Festen anderer Religionen geben.,27,percent,Integration unter Druck? 2019,"deutschsprechende Personen ab 18 Jahren mit Hauptwohnsitz in Baden-Württemberg, telefonisch befragt von der Forschungsgruppe Wahlen",1587,09.07. bis 24.07.2019,,"Ministerium für Soziales und Integration Baden-Württemberg (2020): Integrationsbericht des Landes Baden-Württemberg 2020, Datenquelle: Umfrage „Integration unter Druck?"" 2019",https://sozialministerium.baden-wuerttemberg.de/,"Abbildung 9-11, S. 91",voll und ganz 8 · eher zu 19 · eher nicht 37 · überhaupt nicht 32,
bw_kopftuch_2012,"„Stört mich"": das Tragen von Kopftüchern, Baden-Württemberg 2012",Baden-Württemberg,Alle Befragten,34,percent,Gelebte Vielfalt 2012,"Deutsche ab 18 Jahren (Wahlberechtigte) mit Hauptwohnsitz in Baden-Württemberg, telefonisch befragt von Infratest dimap",3001,30.01. bis 04.03.2012,,Ministerium für Integration Baden-Württemberg (2012): Gelebte Vielfalt. Ergebnisse und Analysen einer repräsentativen Bevölkerungsumfrage zur Integration in Baden-Württemberg 2012,https://sozialministerium.baden-wuerttemberg.de/fileadmin/redaktion/m-sm/intern/downloads/Publikationen/Gelebte-Vielfalt_Bevoelk-umfrage-Integration_Okt-2012.pdf,"Abbildung 7-2, S. 23",stört mich nicht 64,
bw_kopftuch_2012,"„Stört mich"": das Tragen von Kopftüchern, Baden-Württemberg 2012",Baden-Württemberg,Befragte ohne Konfession,42,percent,Gelebte Vielfalt 2012,"Deutsche ab 18 Jahren (Wahlberechtigte) mit Hauptwohnsitz in Baden-Württemberg, telefonisch befragt von Infratest dimap",3001,30.01. bis 04.03.2012,,Ministerium für Integration Baden-Württemberg (2012): Gelebte Vielfalt. Ergebnisse und Analysen einer repräsentativen Bevölkerungsumfrage zur Integration in Baden-Württemberg 2012,https://sozialministerium.baden-wuerttemberg.de/fileadmin/redaktion/m-sm/intern/downloads/Publikationen/Gelebte-Vielfalt_Bevoelk-umfrage-Integration_Okt-2012.pdf,"Abbildung 7-4, S. 24",stört mich nicht 57,
bw_kopftuch_2012,"„Stört mich"": das Tragen von Kopftüchern, Baden-Württemberg 2012",Baden-Württemberg,Befragte anderer Religion,39,percent,Gelebte Vielfalt 2012,"Deutsche ab 18 Jahren (Wahlberechtigte) mit Hauptwohnsitz in Baden-Württemberg, telefonisch befragt von Infratest dimap",3001,30.01. bis 04.03.2012,,Ministerium für Integration Baden-Württemberg (2012): Gelebte Vielfalt. Ergebnisse und Analysen einer repräsentativen Bevölkerungsumfrage zur Integration in Baden-Württemberg 2012,https://sozialministerium.baden-wuerttemberg.de/fileadmin/redaktion/m-sm/intern/downloads/Publikationen/Gelebte-Vielfalt_Bevoelk-umfrage-Integration_Okt-2012.pdf,"Abbildung 7-4, S. 24",stört mich nicht 59,
bw_kopftuch_2012,"„Stört mich"": das Tragen von Kopftüchern, Baden-Württemberg 2012",Baden-Württemberg,Katholische Befragte,34,percent,Gelebte Vielfalt 2012,"Deutsche ab 18 Jahren (Wahlberechtigte) mit Hauptwohnsitz in Baden-Württemberg, telefonisch befragt von Infratest dimap",3001,30.01. bis 04.03.2012,,Ministerium für Integration Baden-Württemberg (2012): Gelebte Vielfalt. Ergebnisse und Analysen einer repräsentativen Bevölkerungsumfrage zur Integration in Baden-Württemberg 2012,https://sozialministerium.baden-wuerttemberg.de/fileadmin/redaktion/m-sm/intern/downloads/Publikationen/Gelebte-Vielfalt_Bevoelk-umfrage-Integration_Okt-2012.pdf,"Abbildung 7-4, S. 24",stört mich nicht 65,
bw_kopftuch_2012,"„Stört mich"": das Tragen von Kopftüchern, Baden-Württemberg 2012",Baden-Württemberg,Evangelische Befragte,33,percent,Gelebte Vielfalt 2012,"Deutsche ab 18 Jahren (Wahlberechtigte) mit Hauptwohnsitz in Baden-Württemberg, telefonisch befragt von Infratest dimap",3001,30.01. bis 04.03.2012,,Ministerium für Integration Baden-Württemberg (2012): Gelebte Vielfalt. Ergebnisse und Analysen einer repräsentativen Bevölkerungsumfrage zur Integration in Baden-Württemberg 2012,https://sozialministerium.baden-wuerttemberg.de/fileadmin/redaktion/m-sm/intern/downloads/Publikationen/Gelebte-Vielfalt_Bevoelk-umfrage-Integration_Okt-2012.pdf,"Abbildung 7-4, S. 24",stört mich nicht 65,
bw_kopftuch_2012,"„Stört mich"": das Tragen von Kopftüchern, Baden-Württemberg 2012",Baden-Württemberg,Muslimische Befragte,7,percent,Gelebte Vielfalt 2012,"Deutsche ab 18 Jahren (Wahlberechtigte) mit Hauptwohnsitz in Baden-Württemberg, telefonisch befragt von Infratest dimap",3001,30.01. bis 04.03.2012,,Ministerium für Integration Baden-Württemberg (2012): Gelebte Vielfalt. Ergebnisse und Analysen einer repräsentativen Bevölkerungsumfrage zur Integration in Baden-Württemberg 2012,https://sozialministerium.baden-wuerttemberg.de/fileadmin/redaktion/m-sm/intern/downloads/Publikationen/Gelebte-Vielfalt_Bevoelk-umfrage-Integration_Okt-2012.pdf,"Abbildung 7-4, S. 24",stört mich nicht 93,
bw_kopftuch_2012,"„Stört mich"": das Tragen von Kopftüchern, Baden-Württemberg 2012",Baden-Württemberg,Landesteil Württemberg,38,percent,Gelebte Vielfalt 2012,"Deutsche ab 18 Jahren (Wahlberechtigte) mit Hauptwohnsitz in Baden-Württemberg, telefonisch befragt von Infratest dimap",3001,30.01. bis 04.03.2012,,Ministerium für Integration Baden-Württemberg (2012): Gelebte Vielfalt. Ergebnisse und Analysen einer repräsentativen Bevölkerungsumfrage zur Integration in Baden-Württemberg 2012,https://sozialministerium.baden-wuerttemberg.de/fileadmin/redaktion/m-sm/intern/downloads/Publikationen/Gelebte-Vielfalt_Bevoelk-umfrage-Integration_Okt-2012.pdf,Fließtext S. 25,,
bw_kopftuch_2012,"„Stört mich"": das Tragen von Kopftüchern, Baden-Württemberg 2012",Baden-Württemberg,Landesteil Baden,30,percent,Gelebte Vielfalt 2012,"Deutsche ab 18 Jahren (Wahlberechtigte) mit Hauptwohnsitz in Baden-Württemberg, telefonisch befragt von Infratest dimap",3001,30.01. bis 04.03.2012,,Ministerium für Integration Baden-Württemberg (2012): Gelebte Vielfalt. Ergebnisse und Analysen einer repräsentativen Bevölkerungsumfrage zur Integration in Baden-Württemberg 2012,https://sozialministerium.baden-wuerttemberg.de/fileadmin/redaktion/m-sm/intern/downloads/Publikationen/Gelebte-Vielfalt_Bevoelk-umfrage-Integration_Okt-2012.pdf,Fließtext S. 25,,
fundamentalismus_sciics,Zustimmung zu allen drei Fundamentalismus-Aussagen,Sechs europäische Länder,Muslime in Deutschland,30,percent,SCIICS 2008 (WZB),"Personen türkischer und marokkanischer Herkunft sowie eine einheimische Vergleichsgruppe in Deutschland, Frankreich, den Niederlanden, Belgien, Österreich und Schweden",,2008,,"Koopmans (2013): Fundamentalismus und Fremdenfeindlichkeit. Muslime und Christen im europäischen Vergleich, WZB Mitteilungen 142",https://bibliothek.wzb.eu/artikel/2013/f-18232.pdf,S. 21–25,niedrigster Wert der sechs Länder,"Wortlaut der drei Aussagen: „Christen [Muslime] sollten zu den Wurzeln des Christentums [Islam] zurückkehren."" · „Es gibt nur eine Auslegung der Bibel [des Korans] und alle Christen [Muslime] müssen sich daran halten."" · „Die Regeln der Bibel [des Korans] sind mir wichtiger als die Gesetze von Deutschland."" Diese Stichprobe ist keine Stichprobe der Muslime in Deutschland. Befragt wurden ausschließlich Personen türkischer und marokkanischer Herkunft, deren Eltern oder Großeltern vor 1975 eingewandert sind; die Hälfte der türkeistämmigen Befragten stammt aus bestimmten ländlichen Regionen Zentral- und Ostanatoliens. Koopmans selbst schreibt, die Daten seien deshalb möglicherweise nicht national repräsentativ. Die Vergleichsgruppe der Einheimischen unterlag diesen Einschränkungen nicht — der Vergleich ist also nicht symmetrisch. In Deutschland wurden 489 türkeistämmige und 479 marokkostämmige Personen befragt, insgesamt rund 9.000 in sechs Ländern; 96 Prozent der Befragten mit türkischer oder marokkanischer Herkunft bezeichneten sich als Muslime, 70 Prozent der Einheimischen als Christen. Fallzahlen je Balken sind nicht veröffentlicht. Auf die drei Aussagen einzeln bezogen liegt die Zustimmung unter den befragten Muslimen bei fast 60 Prozent (Rückkehr zu den Wurzeln), 75 Prozent (nur eine Auslegung) und 65 Prozent (religiöse Regeln vor weltlichen Gesetzen); unter den einheimischen Christen nennt der Text für die einzelnen Aussagen eine Spanne von 13 bis 21 Prozent. Weil die Christenwerte je Aussage nicht als einzelne Zahlen veröffentlicht sind, zeigt die Grafik nur das Maß, das für alle Gruppen exakt beziffert ist: die Zustimmung zu allen drei Aussagen zugleich."
fundamentalismus_sciics,Zustimmung zu allen drei Fundamentalismus-Aussagen,Sechs europäische Länder,"Muslime, sechs Länder zusammen",44,percent,SCIICS 2008 (WZB),"Personen türkischer und marokkanischer Herkunft sowie eine einheimische Vergleichsgruppe in Deutschland, Frankreich, den Niederlanden, Belgien, Österreich und Schweden",,2008,,"Koopmans (2013): Fundamentalismus und Fremdenfeindlichkeit. Muslime und Christen im europäischen Vergleich, WZB Mitteilungen 142",https://bibliothek.wzb.eu/artikel/2013/f-18232.pdf,S. 21–25,,"Wortlaut der drei Aussagen: „Christen [Muslime] sollten zu den Wurzeln des Christentums [Islam] zurückkehren."" · „Es gibt nur eine Auslegung der Bibel [des Korans] und alle Christen [Muslime] müssen sich daran halten."" · „Die Regeln der Bibel [des Korans] sind mir wichtiger als die Gesetze von Deutschland."" Diese Stichprobe ist keine Stichprobe der Muslime in Deutschland. Befragt wurden ausschließlich Personen türkischer und marokkanischer Herkunft, deren Eltern oder Großeltern vor 1975 eingewandert sind; die Hälfte der türkeistämmigen Befragten stammt aus bestimmten ländlichen Regionen Zentral- und Ostanatoliens. Koopmans selbst schreibt, die Daten seien deshalb möglicherweise nicht national repräsentativ. Die Vergleichsgruppe der Einheimischen unterlag diesen Einschränkungen nicht — der Vergleich ist also nicht symmetrisch. In Deutschland wurden 489 türkeistämmige und 479 marokkostämmige Personen befragt, insgesamt rund 9.000 in sechs Ländern; 96 Prozent der Befragten mit türkischer oder marokkanischer Herkunft bezeichneten sich als Muslime, 70 Prozent der Einheimischen als Christen. Fallzahlen je Balken sind nicht veröffentlicht. Auf die drei Aussagen einzeln bezogen liegt die Zustimmung unter den befragten Muslimen bei fast 60 Prozent (Rückkehr zu den Wurzeln), 75 Prozent (nur eine Auslegung) und 65 Prozent (religiöse Regeln vor weltlichen Gesetzen); unter den einheimischen Christen nennt der Text für die einzelnen Aussagen eine Spanne von 13 bis 21 Prozent. Weil die Christenwerte je Aussage nicht als einzelne Zahlen veröffentlicht sind, zeigt die Grafik nur das Maß, das für alle Gruppen exakt beziffert ist: die Zustimmung zu allen drei Aussagen zugleich."
fundamentalismus_sciics,Zustimmung zu allen drei Fundamentalismus-Aussagen,Sechs europäische Länder,"davon sunnitisch, türkischer Herkunft",45,percent,SCIICS 2008 (WZB),"Personen türkischer und marokkanischer Herkunft sowie eine einheimische Vergleichsgruppe in Deutschland, Frankreich, den Niederlanden, Belgien, Österreich und Schweden",,2008,,"Koopmans (2013): Fundamentalismus und Fremdenfeindlichkeit. Muslime und Christen im europäischen Vergleich, WZB Mitteilungen 142",https://bibliothek.wzb.eu/artikel/2013/f-18232.pdf,S. 21–25,,"Wortlaut der drei Aussagen: „Christen [Muslime] sollten zu den Wurzeln des Christentums [Islam] zurückkehren."" · „Es gibt nur eine Auslegung der Bibel [des Korans] und alle Christen [Muslime] müssen sich daran halten."" · „Die Regeln der Bibel [des Korans] sind mir wichtiger als die Gesetze von Deutschland."" Diese Stichprobe ist keine Stichprobe der Muslime in Deutschland. Befragt wurden ausschließlich Personen türkischer und marokkanischer Herkunft, deren Eltern oder Großeltern vor 1975 eingewandert sind; die Hälfte der türkeistämmigen Befragten stammt aus bestimmten ländlichen Regionen Zentral- und Ostanatoliens. Koopmans selbst schreibt, die Daten seien deshalb möglicherweise nicht national repräsentativ. Die Vergleichsgruppe der Einheimischen unterlag diesen Einschränkungen nicht — der Vergleich ist also nicht symmetrisch. In Deutschland wurden 489 türkeistämmige und 479 marokkostämmige Personen befragt, insgesamt rund 9.000 in sechs Ländern; 96 Prozent der Befragten mit türkischer oder marokkanischer Herkunft bezeichneten sich als Muslime, 70 Prozent der Einheimischen als Christen. Fallzahlen je Balken sind nicht veröffentlicht. Auf die drei Aussagen einzeln bezogen liegt die Zustimmung unter den befragten Muslimen bei fast 60 Prozent (Rückkehr zu den Wurzeln), 75 Prozent (nur eine Auslegung) und 65 Prozent (religiöse Regeln vor weltlichen Gesetzen); unter den einheimischen Christen nennt der Text für die einzelnen Aussagen eine Spanne von 13 bis 21 Prozent. Weil die Christenwerte je Aussage nicht als einzelne Zahlen veröffentlicht sind, zeigt die Grafik nur das Maß, das für alle Gruppen exakt beziffert ist: die Zustimmung zu allen drei Aussagen zugleich."
fundamentalismus_sciics,Zustimmung zu allen drei Fundamentalismus-Aussagen,Sechs europäische Länder,davon marokkanischer Herkunft,50,percent,SCIICS 2008 (WZB),"Personen türkischer und marokkanischer Herkunft sowie eine einheimische Vergleichsgruppe in Deutschland, Frankreich, den Niederlanden, Belgien, Österreich und Schweden",,2008,,"Koopmans (2013): Fundamentalismus und Fremdenfeindlichkeit. Muslime und Christen im europäischen Vergleich, WZB Mitteilungen 142",https://bibliothek.wzb.eu/artikel/2013/f-18232.pdf,S. 21–25,,"Wortlaut der drei Aussagen: „Christen [Muslime] sollten zu den Wurzeln des Christentums [Islam] zurückkehren."" · „Es gibt nur eine Auslegung der Bibel [des Korans] und alle Christen [Muslime] müssen sich daran halten."" · „Die Regeln der Bibel [des Korans] sind mir wichtiger als die Gesetze von Deutschland."" Diese Stichprobe ist keine Stichprobe der Muslime in Deutschland. Befragt wurden ausschließlich Personen türkischer und marokkanischer Herkunft, deren Eltern oder Großeltern vor 1975 eingewandert sind; die Hälfte der türkeistämmigen Befragten stammt aus bestimmten ländlichen Regionen Zentral- und Ostanatoliens. Koopmans selbst schreibt, die Daten seien deshalb möglicherweise nicht national repräsentativ. Die Vergleichsgruppe der Einheimischen unterlag diesen Einschränkungen nicht — der Vergleich ist also nicht symmetrisch. In Deutschland wurden 489 türkeistämmige und 479 marokkostämmige Personen befragt, insgesamt rund 9.000 in sechs Ländern; 96 Prozent der Befragten mit türkischer oder marokkanischer Herkunft bezeichneten sich als Muslime, 70 Prozent der Einheimischen als Christen. Fallzahlen je Balken sind nicht veröffentlicht. Auf die drei Aussagen einzeln bezogen liegt die Zustimmung unter den befragten Muslimen bei fast 60 Prozent (Rückkehr zu den Wurzeln), 75 Prozent (nur eine Auslegung) und 65 Prozent (religiöse Regeln vor weltlichen Gesetzen); unter den einheimischen Christen nennt der Text für die einzelnen Aussagen eine Spanne von 13 bis 21 Prozent. Weil die Christenwerte je Aussage nicht als einzelne Zahlen veröffentlicht sind, zeigt die Grafik nur das Maß, das für alle Gruppen exakt beziffert ist: die Zustimmung zu allen drei Aussagen zugleich."
fundamentalismus_sciics,Zustimmung zu allen drei Fundamentalismus-Aussagen,Sechs europäische Länder,davon alevitisch,15,percent,SCIICS 2008 (WZB),"Personen türkischer und marokkanischer Herkunft sowie eine einheimische Vergleichsgruppe in Deutschland, Frankreich, den Niederlanden, Belgien, Österreich und Schweden",,2008,,"Koopmans (2013): Fundamentalismus und Fremdenfeindlichkeit. Muslime und Christen im europäischen Vergleich, WZB Mitteilungen 142",https://bibliothek.wzb.eu/artikel/2013/f-18232.pdf,S. 21–25,,"Wortlaut der drei Aussagen: „Christen [Muslime] sollten zu den Wurzeln des Christentums [Islam] zurückkehren."" · „Es gibt nur eine Auslegung der Bibel [des Korans] und alle Christen [Muslime] müssen sich daran halten."" · „Die Regeln der Bibel [des Korans] sind mir wichtiger als die Gesetze von Deutschland."" Diese Stichprobe ist keine Stichprobe der Muslime in Deutschland. Befragt wurden ausschließlich Personen türkischer und marokkanischer Herkunft, deren Eltern oder Großeltern vor 1975 eingewandert sind; die Hälfte der türkeistämmigen Befragten stammt aus bestimmten ländlichen Regionen Zentral- und Ostanatoliens. Koopmans selbst schreibt, die Daten seien deshalb möglicherweise nicht national repräsentativ. Die Vergleichsgruppe der Einheimischen unterlag diesen Einschränkungen nicht — der Vergleich ist also nicht symmetrisch. In Deutschland wurden 489 türkeistämmige und 479 marokkostämmige Personen befragt, insgesamt rund 9.000 in sechs Ländern; 96 Prozent der Befragten mit türkischer oder marokkanischer Herkunft bezeichneten sich als Muslime, 70 Prozent der Einheimischen als Christen. Fallzahlen je Balken sind nicht veröffentlicht. Auf die drei Aussagen einzeln bezogen liegt die Zustimmung unter den befragten Muslimen bei fast 60 Prozent (Rückkehr zu den Wurzeln), 75 Prozent (nur eine Auslegung) und 65 Prozent (religiöse Regeln vor weltlichen Gesetzen); unter den einheimischen Christen nennt der Text für die einzelnen Aussagen eine Spanne von 13 bis 21 Prozent. Weil die Christenwerte je Aussage nicht als einzelne Zahlen veröffentlicht sind, zeigt die Grafik nur das Maß, das für alle Gruppen exakt beziffert ist: die Zustimmung zu allen drei Aussagen zugleich."
fundamentalismus_sciics,Zustimmung zu allen drei Fundamentalismus-Aussagen,Sechs europäische Länder,Einheimische Katholiken,3,percent,SCIICS 2008 (WZB),"Personen türkischer und marokkanischer Herkunft sowie eine einheimische Vergleichsgruppe in Deutschland, Frankreich, den Niederlanden, Belgien, Österreich und Schweden",,2008,,"Koopmans (2013): Fundamentalismus und Fremdenfeindlichkeit. Muslime und Christen im europäischen Vergleich, WZB Mitteilungen 142",https://bibliothek.wzb.eu/artikel/2013/f-18232.pdf,S. 21–25,,"Wortlaut der drei Aussagen: „Christen [Muslime] sollten zu den Wurzeln des Christentums [Islam] zurückkehren."" · „Es gibt nur eine Auslegung der Bibel [des Korans] und alle Christen [Muslime] müssen sich daran halten."" · „Die Regeln der Bibel [des Korans] sind mir wichtiger als die Gesetze von Deutschland."" Diese Stichprobe ist keine Stichprobe der Muslime in Deutschland. Befragt wurden ausschließlich Personen türkischer und marokkanischer Herkunft, deren Eltern oder Großeltern vor 1975 eingewandert sind; die Hälfte der türkeistämmigen Befragten stammt aus bestimmten ländlichen Regionen Zentral- und Ostanatoliens. Koopmans selbst schreibt, die Daten seien deshalb möglicherweise nicht national repräsentativ. Die Vergleichsgruppe der Einheimischen unterlag diesen Einschränkungen nicht — der Vergleich ist also nicht symmetrisch. In Deutschland wurden 489 türkeistämmige und 479 marokkostämmige Personen befragt, insgesamt rund 9.000 in sechs Ländern; 96 Prozent der Befragten mit türkischer oder marokkanischer Herkunft bezeichneten sich als Muslime, 70 Prozent der Einheimischen als Christen. Fallzahlen je Balken sind nicht veröffentlicht. Auf die drei Aussagen einzeln bezogen liegt die Zustimmung unter den befragten Muslimen bei fast 60 Prozent (Rückkehr zu den Wurzeln), 75 Prozent (nur eine Auslegung) und 65 Prozent (religiöse Regeln vor weltlichen Gesetzen); unter den einheimischen Christen nennt der Text für die einzelnen Aussagen eine Spanne von 13 bis 21 Prozent. Weil die Christenwerte je Aussage nicht als einzelne Zahlen veröffentlicht sind, zeigt die Grafik nur das Maß, das für alle Gruppen exakt beziffert ist: die Zustimmung zu allen drei Aussagen zugleich."
fundamentalismus_sciics,Zustimmung zu allen drei Fundamentalismus-Aussagen,Sechs europäische Länder,Einheimische Protestanten der Hauptströmung,4,percent,SCIICS 2008 (WZB),"Personen türkischer und marokkanischer Herkunft sowie eine einheimische Vergleichsgruppe in Deutschland, Frankreich, den Niederlanden, Belgien, Österreich und Schweden",,2008,,"Koopmans (2013): Fundamentalismus und Fremdenfeindlichkeit. Muslime und Christen im europäischen Vergleich, WZB Mitteilungen 142",https://bibliothek.wzb.eu/artikel/2013/f-18232.pdf,S. 21–25,,"Wortlaut der drei Aussagen: „Christen [Muslime] sollten zu den Wurzeln des Christentums [Islam] zurückkehren."" · „Es gibt nur eine Auslegung der Bibel [des Korans] und alle Christen [Muslime] müssen sich daran halten."" · „Die Regeln der Bibel [des Korans] sind mir wichtiger als die Gesetze von Deutschland."" Diese Stichprobe ist keine Stichprobe der Muslime in Deutschland. Befragt wurden ausschließlich Personen türkischer und marokkanischer Herkunft, deren Eltern oder Großeltern vor 1975 eingewandert sind; die Hälfte der türkeistämmigen Befragten stammt aus bestimmten ländlichen Regionen Zentral- und Ostanatoliens. Koopmans selbst schreibt, die Daten seien deshalb möglicherweise nicht national repräsentativ. Die Vergleichsgruppe der Einheimischen unterlag diesen Einschränkungen nicht — der Vergleich ist also nicht symmetrisch. In Deutschland wurden 489 türkeistämmige und 479 marokkostämmige Personen befragt, insgesamt rund 9.000 in sechs Ländern; 96 Prozent der Befragten mit türkischer oder marokkanischer Herkunft bezeichneten sich als Muslime, 70 Prozent der Einheimischen als Christen. Fallzahlen je Balken sind nicht veröffentlicht. Auf die drei Aussagen einzeln bezogen liegt die Zustimmung unter den befragten Muslimen bei fast 60 Prozent (Rückkehr zu den Wurzeln), 75 Prozent (nur eine Auslegung) und 65 Prozent (religiöse Regeln vor weltlichen Gesetzen); unter den einheimischen Christen nennt der Text für die einzelnen Aussagen eine Spanne von 13 bis 21 Prozent. Weil die Christenwerte je Aussage nicht als einzelne Zahlen veröffentlicht sind, zeigt die Grafik nur das Maß, das für alle Gruppen exakt beziffert ist: die Zustimmung zu allen drei Aussagen zugleich."
fundamentalismus_sciics,Zustimmung zu allen drei Fundamentalismus-Aussagen,Sechs europäische Länder,Kleinere protestantische Gemeinschaften,12,percent,SCIICS 2008 (WZB),"Personen türkischer und marokkanischer Herkunft sowie eine einheimische Vergleichsgruppe in Deutschland, Frankreich, den Niederlanden, Belgien, Österreich und Schweden",,2008,,"Koopmans (2013): Fundamentalismus und Fremdenfeindlichkeit. Muslime und Christen im europäischen Vergleich, WZB Mitteilungen 142",https://bibliothek.wzb.eu/artikel/2013/f-18232.pdf,S. 21–25,"Siebenten-Tags-Adventisten, Zeugen Jehovas, Pfingstkirchen","Wortlaut der drei Aussagen: „Christen [Muslime] sollten zu den Wurzeln des Christentums [Islam] zurückkehren."" · „Es gibt nur eine Auslegung der Bibel [des Korans] und alle Christen [Muslime] müssen sich daran halten."" · „Die Regeln der Bibel [des Korans] sind mir wichtiger als die Gesetze von Deutschland."" Diese Stichprobe ist keine Stichprobe der Muslime in Deutschland. Befragt wurden ausschließlich Personen türkischer und marokkanischer Herkunft, deren Eltern oder Großeltern vor 1975 eingewandert sind; die Hälfte der türkeistämmigen Befragten stammt aus bestimmten ländlichen Regionen Zentral- und Ostanatoliens. Koopmans selbst schreibt, die Daten seien deshalb möglicherweise nicht national repräsentativ. Die Vergleichsgruppe der Einheimischen unterlag diesen Einschränkungen nicht — der Vergleich ist also nicht symmetrisch. In Deutschland wurden 489 türkeistämmige und 479 marokkostämmige Personen befragt, insgesamt rund 9.000 in sechs Ländern; 96 Prozent der Befragten mit türkischer oder marokkanischer Herkunft bezeichneten sich als Muslime, 70 Prozent der Einheimischen als Christen. Fallzahlen je Balken sind nicht veröffentlicht. Auf die drei Aussagen einzeln bezogen liegt die Zustimmung unter den befragten Muslimen bei fast 60 Prozent (Rückkehr zu den Wurzeln), 75 Prozent (nur eine Auslegung) und 65 Prozent (religiöse Regeln vor weltlichen Gesetzen); unter den einheimischen Christen nennt der Text für die einzelnen Aussagen eine Spanne von 13 bis 21 Prozent. Weil die Christenwerte je Aussage nicht als einzelne Zahlen veröffentlicht sind, zeigt die Grafik nur das Maß, das für alle Gruppen exakt beziffert ist: die Zustimmung zu allen drei Aussagen zugleich."
konid_verfassung,"„Meine Religion hat im Konfliktfall Vorrang vor der Verfassung""",Deutschland,Römisch-katholisch,11,percent,KONID Survey 2019,Wohnbevölkerung ab 16 Jahren in Deutschland,,Frühjahr bis Sommer 2019,,"Liedhegener/Pickel/Odermatt/Yendell/Jaeckel (2019): Wie Religion „uns"" trennt – und verbindet, Forschungsbericht (CC BY-NC)",https://www.resic.info/wp-content/uploads/2019/12/KONID-Bericht-2019_Religion-trennt-verbindet.pdf,"Abbildung 5.3 und Text, S. 26",,"Vierstufige Skala; als Zustimmung zählt die Summe aus „stimme eher zu"" und „stimme voll und ganz zu"", so wie der Bericht selbst rechnet. Befragt wurde die Wohnbevölkerung ab 16 Jahren in Deutschland, unabhängig von der Staatsangehörigkeit: eine bevölkerungsrepräsentative Hauptstichprobe von 2.363 Befragten, dazu eine Sonderstichprobe von 500 türkischen Muslimen und je eine weitere für bosnische Muslime und kroatische Katholiken. In der Hauptstichprobe sind nur 1,6 Prozent muslimisch — die muslimischen Werte stützen sich also überwiegend auf die Sonderstichproben und bilden nicht alle muslimischen Richtungen in Deutschland gleichgewichtig ab. Die Freikirchen stellen 4,3 Prozent der Hauptstichprobe, das ist eine kleine Gruppe. Fallzahlen je Balken nennt der Bericht nicht. Er selbst hält fest, dass es auch in den auffälligeren Gruppen Minderheiten sind und dass das Phänomen über alle Bekenntnisse hinweg auftritt. Die SCIICS-Befragung von 2008 kommt für eine ähnlich klingende Aussage — „Die Regeln des Korans sind mir wichtiger als die Gesetze von Deutschland"" — auf 65 Prozent über sechs Länder. Anderer Wortlaut, andere Stichprobe, elf Jahre früher: wer beide Zahlen nebeneinanderlegt, vergleicht nicht zwei Zeitpunkte, sondern zwei Fragen."
konid_verfassung,"„Meine Religion hat im Konfliktfall Vorrang vor der Verfassung""",Deutschland,Landeskirchlich evangelisch,11,percent,KONID Survey 2019,Wohnbevölkerung ab 16 Jahren in Deutschland,,Frühjahr bis Sommer 2019,,"Liedhegener/Pickel/Odermatt/Yendell/Jaeckel (2019): Wie Religion „uns"" trennt – und verbindet, Forschungsbericht (CC BY-NC)",https://www.resic.info/wp-content/uploads/2019/12/KONID-Bericht-2019_Religion-trennt-verbindet.pdf,"Abbildung 5.3 und Text, S. 26",,"Vierstufige Skala; als Zustimmung zählt die Summe aus „stimme eher zu"" und „stimme voll und ganz zu"", so wie der Bericht selbst rechnet. Befragt wurde die Wohnbevölkerung ab 16 Jahren in Deutschland, unabhängig von der Staatsangehörigkeit: eine bevölkerungsrepräsentative Hauptstichprobe von 2.363 Befragten, dazu eine Sonderstichprobe von 500 türkischen Muslimen und je eine weitere für bosnische Muslime und kroatische Katholiken. In der Hauptstichprobe sind nur 1,6 Prozent muslimisch — die muslimischen Werte stützen sich also überwiegend auf die Sonderstichproben und bilden nicht alle muslimischen Richtungen in Deutschland gleichgewichtig ab. Die Freikirchen stellen 4,3 Prozent der Hauptstichprobe, das ist eine kleine Gruppe. Fallzahlen je Balken nennt der Bericht nicht. Er selbst hält fest, dass es auch in den auffälligeren Gruppen Minderheiten sind und dass das Phänomen über alle Bekenntnisse hinweg auftritt. Die SCIICS-Befragung von 2008 kommt für eine ähnlich klingende Aussage — „Die Regeln des Korans sind mir wichtiger als die Gesetze von Deutschland"" — auf 65 Prozent über sechs Länder. Anderer Wortlaut, andere Stichprobe, elf Jahre früher: wer beide Zahlen nebeneinanderlegt, vergleicht nicht zwei Zeitpunkte, sondern zwei Fragen."
konid_verfassung,"„Meine Religion hat im Konfliktfall Vorrang vor der Verfassung""",Deutschland,Evangelische Freikirchen,32,percent,KONID Survey 2019,Wohnbevölkerung ab 16 Jahren in Deutschland,,Frühjahr bis Sommer 2019,,"Liedhegener/Pickel/Odermatt/Yendell/Jaeckel (2019): Wie Religion „uns"" trennt – und verbindet, Forschungsbericht (CC BY-NC)",https://www.resic.info/wp-content/uploads/2019/12/KONID-Bericht-2019_Religion-trennt-verbindet.pdf,"Abbildung 5.3 und Text, S. 26",,"Vierstufige Skala; als Zustimmung zählt die Summe aus „stimme eher zu"" und „stimme voll und ganz zu"", so wie der Bericht selbst rechnet. Befragt wurde die Wohnbevölkerung ab 16 Jahren in Deutschland, unabhängig von der Staatsangehörigkeit: eine bevölkerungsrepräsentative Hauptstichprobe von 2.363 Befragten, dazu eine Sonderstichprobe von 500 türkischen Muslimen und je eine weitere für bosnische Muslime und kroatische Katholiken. In der Hauptstichprobe sind nur 1,6 Prozent muslimisch — die muslimischen Werte stützen sich also überwiegend auf die Sonderstichproben und bilden nicht alle muslimischen Richtungen in Deutschland gleichgewichtig ab. Die Freikirchen stellen 4,3 Prozent der Hauptstichprobe, das ist eine kleine Gruppe. Fallzahlen je Balken nennt der Bericht nicht. Er selbst hält fest, dass es auch in den auffälligeren Gruppen Minderheiten sind und dass das Phänomen über alle Bekenntnisse hinweg auftritt. Die SCIICS-Befragung von 2008 kommt für eine ähnlich klingende Aussage — „Die Regeln des Korans sind mir wichtiger als die Gesetze von Deutschland"" — auf 65 Prozent über sechs Länder. Anderer Wortlaut, andere Stichprobe, elf Jahre früher: wer beide Zahlen nebeneinanderlegt, vergleicht nicht zwei Zeitpunkte, sondern zwei Fragen."
konid_verfassung,"„Meine Religion hat im Konfliktfall Vorrang vor der Verfassung""",Deutschland,Muslimisch,28,percent,KONID Survey 2019,Wohnbevölkerung ab 16 Jahren in Deutschland,,Frühjahr bis Sommer 2019,,"Liedhegener/Pickel/Odermatt/Yendell/Jaeckel (2019): Wie Religion „uns"" trennt – und verbindet, Forschungsbericht (CC BY-NC)",https://www.resic.info/wp-content/uploads/2019/12/KONID-Bericht-2019_Religion-trennt-verbindet.pdf,"Abbildung 5.3 und Text, S. 26",,"Vierstufige Skala; als Zustimmung zählt die Summe aus „stimme eher zu"" und „stimme voll und ganz zu"", so wie der Bericht selbst rechnet. Befragt wurde die Wohnbevölkerung ab 16 Jahren in Deutschland, unabhängig von der Staatsangehörigkeit: eine bevölkerungsrepräsentative Hauptstichprobe von 2.363 Befragten, dazu eine Sonderstichprobe von 500 türkischen Muslimen und je eine weitere für bosnische Muslime und kroatische Katholiken. In der Hauptstichprobe sind nur 1,6 Prozent muslimisch — die muslimischen Werte stützen sich also überwiegend auf die Sonderstichproben und bilden nicht alle muslimischen Richtungen in Deutschland gleichgewichtig ab. Die Freikirchen stellen 4,3 Prozent der Hauptstichprobe, das ist eine kleine Gruppe. Fallzahlen je Balken nennt der Bericht nicht. Er selbst hält fest, dass es auch in den auffälligeren Gruppen Minderheiten sind und dass das Phänomen über alle Bekenntnisse hinweg auftritt. Die SCIICS-Befragung von 2008 kommt für eine ähnlich klingende Aussage — „Die Regeln des Korans sind mir wichtiger als die Gesetze von Deutschland"" — auf 65 Prozent über sechs Länder. Anderer Wortlaut, andere Stichprobe, elf Jahre früher: wer beide Zahlen nebeneinanderlegt, vergleicht nicht zwei Zeitpunkte, sondern zwei Fragen."
konid_autoritaet,"„Religion sollte die einzige und letztgültige politische Autorität sein""",Deutschland,Römisch-katholisch,11,percent,KONID Survey 2019,Wohnbevölkerung ab 16 Jahren in Deutschland,,Frühjahr bis Sommer 2019,,"Liedhegener/Pickel/Odermatt/Yendell/Jaeckel (2019): Wie Religion „uns"" trennt – und verbindet, Forschungsbericht (CC BY-NC)",https://www.resic.info/wp-content/uploads/2019/12/KONID-Bericht-2019_Religion-trennt-verbindet.pdf,"Abbildung 5.3 und Text, S. 26",,"Vierstufige Skala; als Zustimmung zählt die Summe aus „stimme eher zu"" und „stimme voll und ganz zu"", so wie der Bericht selbst rechnet. Befragt wurde die Wohnbevölkerung ab 16 Jahren in Deutschland, unabhängig von der Staatsangehörigkeit: eine bevölkerungsrepräsentative Hauptstichprobe von 2.363 Befragten, dazu eine Sonderstichprobe von 500 türkischen Muslimen und je eine weitere für bosnische Muslime und kroatische Katholiken. In der Hauptstichprobe sind nur 1,6 Prozent muslimisch — die muslimischen Werte stützen sich also überwiegend auf die Sonderstichproben und bilden nicht alle muslimischen Richtungen in Deutschland gleichgewichtig ab. Die Freikirchen stellen 4,3 Prozent der Hauptstichprobe, das ist eine kleine Gruppe. Fallzahlen je Balken nennt der Bericht nicht. Er selbst hält fest, dass es auch in den auffälligeren Gruppen Minderheiten sind und dass das Phänomen über alle Bekenntnisse hinweg auftritt."
konid_autoritaet,"„Religion sollte die einzige und letztgültige politische Autorität sein""",Deutschland,Landeskirchlich evangelisch,10,percent,KONID Survey 2019,Wohnbevölkerung ab 16 Jahren in Deutschland,,Frühjahr bis Sommer 2019,,"Liedhegener/Pickel/Odermatt/Yendell/Jaeckel (2019): Wie Religion „uns"" trennt – und verbindet, Forschungsbericht (CC BY-NC)",https://www.resic.info/wp-content/uploads/2019/12/KONID-Bericht-2019_Religion-trennt-verbindet.pdf,"Abbildung 5.3 und Text, S. 26",,"Vierstufige Skala; als Zustimmung zählt die Summe aus „stimme eher zu"" und „stimme voll und ganz zu"", so wie der Bericht selbst rechnet. Befragt wurde die Wohnbevölkerung ab 16 Jahren in Deutschland, unabhängig von der Staatsangehörigkeit: eine bevölkerungsrepräsentative Hauptstichprobe von 2.363 Befragten, dazu eine Sonderstichprobe von 500 türkischen Muslimen und je eine weitere für bosnische Muslime und kroatische Katholiken. In der Hauptstichprobe sind nur 1,6 Prozent muslimisch — die muslimischen Werte stützen sich also überwiegend auf die Sonderstichproben und bilden nicht alle muslimischen Richtungen in Deutschland gleichgewichtig ab. Die Freikirchen stellen 4,3 Prozent der Hauptstichprobe, das ist eine kleine Gruppe. Fallzahlen je Balken nennt der Bericht nicht. Er selbst hält fest, dass es auch in den auffälligeren Gruppen Minderheiten sind und dass das Phänomen über alle Bekenntnisse hinweg auftritt."
konid_autoritaet,"„Religion sollte die einzige und letztgültige politische Autorität sein""",Deutschland,Evangelische Freikirchen,11,percent,KONID Survey 2019,Wohnbevölkerung ab 16 Jahren in Deutschland,,Frühjahr bis Sommer 2019,,"Liedhegener/Pickel/Odermatt/Yendell/Jaeckel (2019): Wie Religion „uns"" trennt – und verbindet, Forschungsbericht (CC BY-NC)",https://www.resic.info/wp-content/uploads/2019/12/KONID-Bericht-2019_Religion-trennt-verbindet.pdf,"Abbildung 5.3 und Text, S. 26",,"Vierstufige Skala; als Zustimmung zählt die Summe aus „stimme eher zu"" und „stimme voll und ganz zu"", so wie der Bericht selbst rechnet. Befragt wurde die Wohnbevölkerung ab 16 Jahren in Deutschland, unabhängig von der Staatsangehörigkeit: eine bevölkerungsrepräsentative Hauptstichprobe von 2.363 Befragten, dazu eine Sonderstichprobe von 500 türkischen Muslimen und je eine weitere für bosnische Muslime und kroatische Katholiken. In der Hauptstichprobe sind nur 1,6 Prozent muslimisch — die muslimischen Werte stützen sich also überwiegend auf die Sonderstichproben und bilden nicht alle muslimischen Richtungen in Deutschland gleichgewichtig ab. Die Freikirchen stellen 4,3 Prozent der Hauptstichprobe, das ist eine kleine Gruppe. Fallzahlen je Balken nennt der Bericht nicht. Er selbst hält fest, dass es auch in den auffälligeren Gruppen Minderheiten sind und dass das Phänomen über alle Bekenntnisse hinweg auftritt."
konid_autoritaet,"„Religion sollte die einzige und letztgültige politische Autorität sein""",Deutschland,Muslimisch,25,percent,KONID Survey 2019,Wohnbevölkerung ab 16 Jahren in Deutschland,,Frühjahr bis Sommer 2019,,"Liedhegener/Pickel/Odermatt/Yendell/Jaeckel (2019): Wie Religion „uns"" trennt – und verbindet, Forschungsbericht (CC BY-NC)",https://www.resic.info/wp-content/uploads/2019/12/KONID-Bericht-2019_Religion-trennt-verbindet.pdf,"Abbildung 5.3 und Text, S. 26",,"Vierstufige Skala; als Zustimmung zählt die Summe aus „stimme eher zu"" und „stimme voll und ganz zu"", so wie der Bericht selbst rechnet. Befragt wurde die Wohnbevölkerung ab 16 Jahren in Deutschland, unabhängig von der Staatsangehörigkeit: eine bevölkerungsrepräsentative Hauptstichprobe von 2.363 Befragten, dazu eine Sonderstichprobe von 500 türkischen Muslimen und je eine weitere für bosnische Muslime und kroatische Katholiken. In der Hauptstichprobe sind nur 1,6 Prozent muslimisch — die muslimischen Werte stützen sich also überwiegend auf die Sonderstichproben und bilden nicht alle muslimischen Richtungen in Deutschland gleichgewichtig ab. Die Freikirchen stellen 4,3 Prozent der Hauptstichprobe, das ist eine kleine Gruppe. Fallzahlen je Balken nennt der Bericht nicht. Er selbst hält fest, dass es auch in den auffälligeren Gruppen Minderheiten sind und dass das Phänomen über alle Bekenntnisse hinweg auftritt."
konid_gewalt,"„Ich wäre bereit, meine religiösen Überzeugungen auch mit Gewalt durchzusetzen""",Deutschland,Römisch-katholisch,5,percent,KONID Survey 2019,Wohnbevölkerung ab 16 Jahren in Deutschland,,Frühjahr bis Sommer 2019,,"Liedhegener/Pickel/Odermatt/Yendell/Jaeckel (2019): Wie Religion „uns"" trennt – und verbindet, Forschungsbericht (CC BY-NC)",https://www.resic.info/wp-content/uploads/2019/12/KONID-Bericht-2019_Religion-trennt-verbindet.pdf,"Abbildung 5.3 und Text, S. 26",,"Vierstufige Skala; als Zustimmung zählt die Summe aus „stimme eher zu"" und „stimme voll und ganz zu"", so wie der Bericht selbst rechnet. Befragt wurde die Wohnbevölkerung ab 16 Jahren in Deutschland, unabhängig von der Staatsangehörigkeit: eine bevölkerungsrepräsentative Hauptstichprobe von 2.363 Befragten, dazu eine Sonderstichprobe von 500 türkischen Muslimen und je eine weitere für bosnische Muslime und kroatische Katholiken. In der Hauptstichprobe sind nur 1,6 Prozent muslimisch — die muslimischen Werte stützen sich also überwiegend auf die Sonderstichproben und bilden nicht alle muslimischen Richtungen in Deutschland gleichgewichtig ab. Die Freikirchen stellen 4,3 Prozent der Hauptstichprobe, das ist eine kleine Gruppe. Fallzahlen je Balken nennt der Bericht nicht. Er selbst hält fest, dass es auch in den auffälligeren Gruppen Minderheiten sind und dass das Phänomen über alle Bekenntnisse hinweg auftritt."
konid_gewalt,"„Ich wäre bereit, meine religiösen Überzeugungen auch mit Gewalt durchzusetzen""",Deutschland,Landeskirchlich evangelisch,2,percent,KONID Survey 2019,Wohnbevölkerung ab 16 Jahren in Deutschland,,Frühjahr bis Sommer 2019,,"Liedhegener/Pickel/Odermatt/Yendell/Jaeckel (2019): Wie Religion „uns"" trennt – und verbindet, Forschungsbericht (CC BY-NC)",https://www.resic.info/wp-content/uploads/2019/12/KONID-Bericht-2019_Religion-trennt-verbindet.pdf,"Abbildung 5.3 und Text, S. 26",,"Vierstufige Skala; als Zustimmung zählt die Summe aus „stimme eher zu"" und „stimme voll und ganz zu"", so wie der Bericht selbst rechnet. Befragt wurde die Wohnbevölkerung ab 16 Jahren in Deutschland, unabhängig von der Staatsangehörigkeit: eine bevölkerungsrepräsentative Hauptstichprobe von 2.363 Befragten, dazu eine Sonderstichprobe von 500 türkischen Muslimen und je eine weitere für bosnische Muslime und kroatische Katholiken. In der Hauptstichprobe sind nur 1,6 Prozent muslimisch — die muslimischen Werte stützen sich also überwiegend auf die Sonderstichproben und bilden nicht alle muslimischen Richtungen in Deutschland gleichgewichtig ab. Die Freikirchen stellen 4,3 Prozent der Hauptstichprobe, das ist eine kleine Gruppe. Fallzahlen je Balken nennt der Bericht nicht. Er selbst hält fest, dass es auch in den auffälligeren Gruppen Minderheiten sind und dass das Phänomen über alle Bekenntnisse hinweg auftritt."
konid_gewalt,"„Ich wäre bereit, meine religiösen Überzeugungen auch mit Gewalt durchzusetzen""",Deutschland,Evangelische Freikirchen,2,percent,KONID Survey 2019,Wohnbevölkerung ab 16 Jahren in Deutschland,,Frühjahr bis Sommer 2019,,"Liedhegener/Pickel/Odermatt/Yendell/Jaeckel (2019): Wie Religion „uns"" trennt – und verbindet, Forschungsbericht (CC BY-NC)",https://www.resic.info/wp-content/uploads/2019/12/KONID-Bericht-2019_Religion-trennt-verbindet.pdf,"Abbildung 5.3 und Text, S. 26",,"Vierstufige Skala; als Zustimmung zählt die Summe aus „stimme eher zu"" und „stimme voll und ganz zu"", so wie der Bericht selbst rechnet. Befragt wurde die Wohnbevölkerung ab 16 Jahren in Deutschland, unabhängig von der Staatsangehörigkeit: eine bevölkerungsrepräsentative Hauptstichprobe von 2.363 Befragten, dazu eine Sonderstichprobe von 500 türkischen Muslimen und je eine weitere für bosnische Muslime und kroatische Katholiken. In der Hauptstichprobe sind nur 1,6 Prozent muslimisch — die muslimischen Werte stützen sich also überwiegend auf die Sonderstichproben und bilden nicht alle muslimischen Richtungen in Deutschland gleichgewichtig ab. Die Freikirchen stellen 4,3 Prozent der Hauptstichprobe, das ist eine kleine Gruppe. Fallzahlen je Balken nennt der Bericht nicht. Er selbst hält fest, dass es auch in den auffälligeren Gruppen Minderheiten sind und dass das Phänomen über alle Bekenntnisse hinweg auftritt."
konid_gewalt,"„Ich wäre bereit, meine religiösen Überzeugungen auch mit Gewalt durchzusetzen""",Deutschland,Muslimisch,17,percent,KONID Survey 2019,Wohnbevölkerung ab 16 Jahren in Deutschland,,Frühjahr bis Sommer 2019,,"Liedhegener/Pickel/Odermatt/Yendell/Jaeckel (2019): Wie Religion „uns"" trennt – und verbindet, Forschungsbericht (CC BY-NC)",https://www.resic.info/wp-content/uploads/2019/12/KONID-Bericht-2019_Religion-trennt-verbindet.pdf,"Abbildung 5.3 und Text, S. 26",,"Vierstufige Skala; als Zustimmung zählt die Summe aus „stimme eher zu"" und „stimme voll und ganz zu"", so wie der Bericht selbst rechnet. Befragt wurde die Wohnbevölkerung ab 16 Jahren in Deutschland, unabhängig von der Staatsangehörigkeit: eine bevölkerungsrepräsentative Hauptstichprobe von 2.363 Befragten, dazu eine Sonderstichprobe von 500 türkischen Muslimen und je eine weitere für bosnische Muslime und kroatische Katholiken. In der Hauptstichprobe sind nur 1,6 Prozent muslimisch — die muslimischen Werte stützen sich also überwiegend auf die Sonderstichproben und bilden nicht alle muslimischen Richtungen in Deutschland gleichgewichtig ab. Die Freikirchen stellen 4,3 Prozent der Hauptstichprobe, das ist eine kleine Gruppe. Fallzahlen je Balken nennt der Bericht nicht. Er selbst hält fest, dass es auch in den auffälligeren Gruppen Minderheiten sind und dass das Phänomen über alle Bekenntnisse hinweg auftritt."
bw_integration_bewertung,Wie gut ist die Integration in Baden-Württemberg gelungen — im Land und am eigenen Wohnort,Baden-Württemberg,Im Land: sehr gut gelungen,3,percent,Integration unter Druck? 2019,"deutschsprechende Personen ab 18 Jahren mit Hauptwohnsitz in Baden-Württemberg, telefonisch befragt von der Forschungsgruppe Wahlen",1587,09.07. bis 24.07.2019,,"Ministerium für Soziales und Integration Baden-Württemberg (2020): Integrationsbericht des Landes Baden-Württemberg 2020, Datenquelle: Umfrage „Integration unter Druck?"" 2019",https://sozialministerium.baden-wuerttemberg.de/,"Abbildung 3-1, S. 26",,"Gefragt wurde nach „Zuwanderern""; der Fragebogen erläuterte den Begriff als „Ausländer, die hier leben, als auch Eingebürgerte oder Spätaussiedler, die seit 1949 nach Deutschland zugewandert sind, und auch ihre Nachkommen"". Die Frage betrifft also nicht Religion, sondern Einwanderung — sie steht hier, weil beides in der öffentlichen Debatte ständig vermischt wird und dieser Atlas es auseinanderhält. Die zu 100 Prozent fehlenden Anteile entfallen auf Befragte, die keine Angabe machen konnten oder wollten; im Land sind das 13 Prozent."
bw_integration_bewertung,Wie gut ist die Integration in Baden-Württemberg gelungen — im Land und am eigenen Wohnort,Baden-Württemberg,Im Land: gut gelungen,46,percent,Integration unter Druck? 2019,"deutschsprechende Personen ab 18 Jahren mit Hauptwohnsitz in Baden-Württemberg, telefonisch befragt von der Forschungsgruppe Wahlen",1587,09.07. bis 24.07.2019,,"Ministerium für Soziales und Integration Baden-Württemberg (2020): Integrationsbericht des Landes Baden-Württemberg 2020, Datenquelle: Umfrage „Integration unter Druck?"" 2019",https://sozialministerium.baden-wuerttemberg.de/,"Abbildung 3-1, S. 26",,"Gefragt wurde nach „Zuwanderern""; der Fragebogen erläuterte den Begriff als „Ausländer, die hier leben, als auch Eingebürgerte oder Spätaussiedler, die seit 1949 nach Deutschland zugewandert sind, und auch ihre Nachkommen"". Die Frage betrifft also nicht Religion, sondern Einwanderung — sie steht hier, weil beides in der öffentlichen Debatte ständig vermischt wird und dieser Atlas es auseinanderhält. Die zu 100 Prozent fehlenden Anteile entfallen auf Befragte, die keine Angabe machen konnten oder wollten; im Land sind das 13 Prozent."
bw_integration_bewertung,Wie gut ist die Integration in Baden-Württemberg gelungen — im Land und am eigenen Wohnort,Baden-Württemberg,Im Land: weniger gut gelungen,35,percent,Integration unter Druck? 2019,"deutschsprechende Personen ab 18 Jahren mit Hauptwohnsitz in Baden-Württemberg, telefonisch befragt von der Forschungsgruppe Wahlen",1587,09.07. bis 24.07.2019,,"Ministerium für Soziales und Integration Baden-Württemberg (2020): Integrationsbericht des Landes Baden-Württemberg 2020, Datenquelle: Umfrage „Integration unter Druck?"" 2019",https://sozialministerium.baden-wuerttemberg.de/,"Abbildung 3-1, S. 26",,"Gefragt wurde nach „Zuwanderern""; der Fragebogen erläuterte den Begriff als „Ausländer, die hier leben, als auch Eingebürgerte oder Spätaussiedler, die seit 1949 nach Deutschland zugewandert sind, und auch ihre Nachkommen"". Die Frage betrifft also nicht Religion, sondern Einwanderung — sie steht hier, weil beides in der öffentlichen Debatte ständig vermischt wird und dieser Atlas es auseinanderhält. Die zu 100 Prozent fehlenden Anteile entfallen auf Befragte, die keine Angabe machen konnten oder wollten; im Land sind das 13 Prozent."
bw_integration_bewertung,Wie gut ist die Integration in Baden-Württemberg gelungen — im Land und am eigenen Wohnort,Baden-Württemberg,Im Land: überhaupt nicht gelungen,3,percent,Integration unter Druck? 2019,"deutschsprechende Personen ab 18 Jahren mit Hauptwohnsitz in Baden-Württemberg, telefonisch befragt von der Forschungsgruppe Wahlen",1587,09.07. bis 24.07.2019,,"Ministerium für Soziales und Integration Baden-Württemberg (2020): Integrationsbericht des Landes Baden-Württemberg 2020, Datenquelle: Umfrage „Integration unter Druck?"" 2019",https://sozialministerium.baden-wuerttemberg.de/,"Abbildung 3-1, S. 26",,"Gefragt wurde nach „Zuwanderern""; der Fragebogen erläuterte den Begriff als „Ausländer, die hier leben, als auch Eingebürgerte oder Spätaussiedler, die seit 1949 nach Deutschland zugewandert sind, und auch ihre Nachkommen"". Die Frage betrifft also nicht Religion, sondern Einwanderung — sie steht hier, weil beides in der öffentlichen Debatte ständig vermischt wird und dieser Atlas es auseinanderhält. Die zu 100 Prozent fehlenden Anteile entfallen auf Befragte, die keine Angabe machen konnten oder wollten; im Land sind das 13 Prozent."
bw_integration_bewertung,Wie gut ist die Integration in Baden-Württemberg gelungen — im Land und am eigenen Wohnort,Baden-Württemberg,Am Wohnort: sehr gut gelungen,13,percent,Integration unter Druck? 2019,"deutschsprechende Personen ab 18 Jahren mit Hauptwohnsitz in Baden-Württemberg, telefonisch befragt von der Forschungsgruppe Wahlen",1587,09.07. bis 24.07.2019,,"Ministerium für Soziales und Integration Baden-Württemberg (2020): Integrationsbericht des Landes Baden-Württemberg 2020, Datenquelle: Umfrage „Integration unter Druck?"" 2019",https://sozialministerium.baden-wuerttemberg.de/,"Abbildung 3-1, S. 26",,"Gefragt wurde nach „Zuwanderern""; der Fragebogen erläuterte den Begriff als „Ausländer, die hier leben, als auch Eingebürgerte oder Spätaussiedler, die seit 1949 nach Deutschland zugewandert sind, und auch ihre Nachkommen"". Die Frage betrifft also nicht Religion, sondern Einwanderung — sie steht hier, weil beides in der öffentlichen Debatte ständig vermischt wird und dieser Atlas es auseinanderhält. Die zu 100 Prozent fehlenden Anteile entfallen auf Befragte, die keine Angabe machen konnten oder wollten; im Land sind das 13 Prozent."
bw_integration_bewertung,Wie gut ist die Integration in Baden-Württemberg gelungen — im Land und am eigenen Wohnort,Baden-Württemberg,Am Wohnort: gut gelungen,51,percent,Integration unter Druck? 2019,"deutschsprechende Personen ab 18 Jahren mit Hauptwohnsitz in Baden-Württemberg, telefonisch befragt von der Forschungsgruppe Wahlen",1587,09.07. bis 24.07.2019,,"Ministerium für Soziales und Integration Baden-Württemberg (2020): Integrationsbericht des Landes Baden-Württemberg 2020, Datenquelle: Umfrage „Integration unter Druck?"" 2019",https://sozialministerium.baden-wuerttemberg.de/,"Abbildung 3-1, S. 26",,"Gefragt wurde nach „Zuwanderern""; der Fragebogen erläuterte den Begriff als „Ausländer, die hier leben, als auch Eingebürgerte oder Spätaussiedler, die seit 1949 nach Deutschland zugewandert sind, und auch ihre Nachkommen"". Die Frage betrifft also nicht Religion, sondern Einwanderung — sie steht hier, weil beides in der öffentlichen Debatte ständig vermischt wird und dieser Atlas es auseinanderhält. Die zu 100 Prozent fehlenden Anteile entfallen auf Befragte, die keine Angabe machen konnten oder wollten; im Land sind das 13 Prozent."
bw_integration_bewertung,Wie gut ist die Integration in Baden-Württemberg gelungen — im Land und am eigenen Wohnort,Baden-Württemberg,Am Wohnort: weniger gut gelungen,20,percent,Integration unter Druck? 2019,"deutschsprechende Personen ab 18 Jahren mit Hauptwohnsitz in Baden-Württemberg, telefonisch befragt von der Forschungsgruppe Wahlen",1587,09.07. bis 24.07.2019,,"Ministerium für Soziales und Integration Baden-Württemberg (2020): Integrationsbericht des Landes Baden-Württemberg 2020, Datenquelle: Umfrage „Integration unter Druck?"" 2019",https://sozialministerium.baden-wuerttemberg.de/,"Abbildung 3-1, S. 26",,"Gefragt wurde nach „Zuwanderern""; der Fragebogen erläuterte den Begriff als „Ausländer, die hier leben, als auch Eingebürgerte oder Spätaussiedler, die seit 1949 nach Deutschland zugewandert sind, und auch ihre Nachkommen"". Die Frage betrifft also nicht Religion, sondern Einwanderung — sie steht hier, weil beides in der öffentlichen Debatte ständig vermischt wird und dieser Atlas es auseinanderhält. Die zu 100 Prozent fehlenden Anteile entfallen auf Befragte, die keine Angabe machen konnten oder wollten; im Land sind das 13 Prozent."
bw_integration_bewertung,Wie gut ist die Integration in Baden-Württemberg gelungen — im Land und am eigenen Wohnort,Baden-Württemberg,Am Wohnort: überhaupt nicht gelungen,4,percent,Integration unter Druck? 2019,"deutschsprechende Personen ab 18 Jahren mit Hauptwohnsitz in Baden-Württemberg, telefonisch befragt von der Forschungsgruppe Wahlen",1587,09.07. bis 24.07.2019,,"Ministerium für Soziales und Integration Baden-Württemberg (2020): Integrationsbericht des Landes Baden-Württemberg 2020, Datenquelle: Umfrage „Integration unter Druck?"" 2019",https://sozialministerium.baden-wuerttemberg.de/,"Abbildung 3-1, S. 26",,"Gefragt wurde nach „Zuwanderern""; der Fragebogen erläuterte den Begriff als „Ausländer, die hier leben, als auch Eingebürgerte oder Spätaussiedler, die seit 1949 nach Deutschland zugewandert sind, und auch ihre Nachkommen"". Die Frage betrifft also nicht Religion, sondern Einwanderung — sie steht hier, weil beides in der öffentlichen Debatte ständig vermischt wird und dieser Atlas es auseinanderhält. Die zu 100 Prozent fehlenden Anteile entfallen auf Befragte, die keine Angabe machen konnten oder wollten; im Land sind das 13 Prozent."
bw_integration_erwartung,Erwartung zum Stand der Integration in Baden-Württemberg in fünf Jahren,Baden-Württemberg,Ohne Migrationshintergrund: eher verbessert,34,percent,Integration unter Druck? 2019,"deutschsprechende Personen ab 18 Jahren mit Hauptwohnsitz in Baden-Württemberg, telefonisch befragt von der Forschungsgruppe Wahlen",1587,09.07. bis 24.07.2019,,"Ministerium für Soziales und Integration Baden-Württemberg (2020): Integrationsbericht des Landes Baden-Württemberg 2020, Datenquelle: Umfrage „Integration unter Druck?"" 2019",https://sozialministerium.baden-wuerttemberg.de/,"Abbildung 3-4, S. 29",,"Dieselbe Erhebung, dieselbe Erläuterung des Begriffs „Zuwanderer"". Die Aufteilung nach Migrationshintergrund stammt aus der Selbstauskunft der Befragten. Die zu 100 Prozent fehlenden Anteile entfallen auf Befragte ohne Angabe."
bw_integration_erwartung,Erwartung zum Stand der Integration in Baden-Württemberg in fünf Jahren,Baden-Württemberg,Mit Migrationshintergrund: eher verbessert,35,percent,Integration unter Druck? 2019,"deutschsprechende Personen ab 18 Jahren mit Hauptwohnsitz in Baden-Württemberg, telefonisch befragt von der Forschungsgruppe Wahlen",1587,09.07. bis 24.07.2019,,"Ministerium für Soziales und Integration Baden-Württemberg (2020): Integrationsbericht des Landes Baden-Württemberg 2020, Datenquelle: Umfrage „Integration unter Druck?"" 2019",https://sozialministerium.baden-wuerttemberg.de/,"Abbildung 3-4, S. 29",,"Dieselbe Erhebung, dieselbe Erläuterung des Begriffs „Zuwanderer"". Die Aufteilung nach Migrationshintergrund stammt aus der Selbstauskunft der Befragten. Die zu 100 Prozent fehlenden Anteile entfallen auf Befragte ohne Angabe."
bw_integration_erwartung,Erwartung zum Stand der Integration in Baden-Württemberg in fünf Jahren,Baden-Württemberg,Ohne Migrationshintergrund: eher verschlechtert,11,percent,Integration unter Druck? 2019,"deutschsprechende Personen ab 18 Jahren mit Hauptwohnsitz in Baden-Württemberg, telefonisch befragt von der Forschungsgruppe Wahlen",1587,09.07. bis 24.07.2019,,"Ministerium für Soziales und Integration Baden-Württemberg (2020): Integrationsbericht des Landes Baden-Württemberg 2020, Datenquelle: Umfrage „Integration unter Druck?"" 2019",https://sozialministerium.baden-wuerttemberg.de/,"Abbildung 3-4, S. 29",,"Dieselbe Erhebung, dieselbe Erläuterung des Begriffs „Zuwanderer"". Die Aufteilung nach Migrationshintergrund stammt aus der Selbstauskunft der Befragten. Die zu 100 Prozent fehlenden Anteile entfallen auf Befragte ohne Angabe."
bw_integration_erwartung,Erwartung zum Stand der Integration in Baden-Württemberg in fünf Jahren,Baden-Württemberg,Mit Migrationshintergrund: eher verschlechtert,15,percent,Integration unter Druck? 2019,"deutschsprechende Personen ab 18 Jahren mit Hauptwohnsitz in Baden-Württemberg, telefonisch befragt von der Forschungsgruppe Wahlen",1587,09.07. bis 24.07.2019,,"Ministerium für Soziales und Integration Baden-Württemberg (2020): Integrationsbericht des Landes Baden-Württemberg 2020, Datenquelle: Umfrage „Integration unter Druck?"" 2019",https://sozialministerium.baden-wuerttemberg.de/,"Abbildung 3-4, S. 29",,"Dieselbe Erhebung, dieselbe Erläuterung des Begriffs „Zuwanderer"". Die Aufteilung nach Migrationshintergrund stammt aus der Selbstauskunft der Befragten. Die zu 100 Prozent fehlenden Anteile entfallen auf Befragte ohne Angabe."
bw_integration_erwartung,Erwartung zum Stand der Integration in Baden-Württemberg in fünf Jahren,Baden-Württemberg,Ohne Migrationshintergrund: nicht viel verändert,51,percent,Integration unter Druck? 2019,"deutschsprechende Personen ab 18 Jahren mit Hauptwohnsitz in Baden-Württemberg, telefonisch befragt von der Forschungsgruppe Wahlen",1587,09.07. bis 24.07.2019,,"Ministerium für Soziales und Integration Baden-Württemberg (2020): Integrationsbericht des Landes Baden-Württemberg 2020, Datenquelle: Umfrage „Integration unter Druck?"" 2019",https://sozialministerium.baden-wuerttemberg.de/,"Abbildung 3-4, S. 29",,"Dieselbe Erhebung, dieselbe Erläuterung des Begriffs „Zuwanderer"". Die Aufteilung nach Migrationshintergrund stammt aus der Selbstauskunft der Befragten. Die zu 100 Prozent fehlenden Anteile entfallen auf Befragte ohne Angabe."
bw_integration_erwartung,Erwartung zum Stand der Integration in Baden-Württemberg in fünf Jahren,Baden-Württemberg,Mit Migrationshintergrund: nicht viel verändert,42,percent,Integration unter Druck? 2019,"deutschsprechende Personen ab 18 Jahren mit Hauptwohnsitz in Baden-Württemberg, telefonisch befragt von der Forschungsgruppe Wahlen",1587,09.07. bis 24.07.2019,,"Ministerium für Soziales und Integration Baden-Württemberg (2020): Integrationsbericht des Landes Baden-Württemberg 2020, Datenquelle: Umfrage „Integration unter Druck?"" 2019",https://sozialministerium.baden-wuerttemberg.de/,"Abbildung 3-4, S. 29",,"Dieselbe Erhebung, dieselbe Erläuterung des Begriffs „Zuwanderer"". Die Aufteilung nach Migrationshintergrund stammt aus der Selbstauskunft der Befragten. Die zu 100 Prozent fehlenden Anteile entfallen auf Befragte ohne Angabe."
rm2026_zusammenhalt,Gesellschaftlicher Zusammenhalt nach Religionszugehörigkeit und Religiosität,Deutschland,Evangelisch,55,index,Religionsmonitor 2026,"Wohnbevölkerung in Deutschland ab 18 Jahren, online befragt von infas",5231,März 2026,,"Bertelsmann Stiftung (2026): Gesellschaftlicher Zusammenhalt und die Rolle von Religion. Zentrale Ergebnisse des Religionsmonitors 2026, Religionsmonitor kompakt",https://www.bertelsmann-stiftung.de/fileadmin/files/Projekte/Zusammen_in_Vielfalt/Religionsmonitor_Kompakt_Gesellschaftlicher_Zusammenhalt_2026.pdf,"Abbildung 4, S. 9",,"Der Index reicht von 0 bis 100 und ist kein Prozentwert. Er fasst neun Indikatoren zu sozialen Beziehungen, Verbundenheit mit dem Gemeinwesen und Gemeinwohlorientierung zusammen. Der Gesamtwert für Deutschland liegt 2026 bei 51 Punkten, nach 46 im Jahr 2023 und 55 im Jahr 2020. Der Bericht schreibt seinen eigenen niedrigsten Wert nicht fest: Die vergleichsweise niedrigen Werte bei muslimischen Befragten dürften „keineswegs mit einer grundsätzlich geringeren Bereitschaft zu gesellschaftlichem Engagement und Solidarität gleichgesetzt werden""; frühere Erhebungen fanden ähnlich ausgeprägte Solidaritätspotenziale in der muslimischen, katholischen und evangelischen Bevölkerung. Die Religiosität ist mit der Zentralitätsskala nach Huber (2003) gemessen, nicht mit der Konfession. Befragt wurde online im März 2026; die muslimische Teilstichprobe wurde eigens aufgestockt, um sie überhaupt getrennt auswerten zu können."
rm2026_zusammenhalt,Gesellschaftlicher Zusammenhalt nach Religionszugehörigkeit und Religiosität,Deutschland,Katholisch,53,index,Religionsmonitor 2026,"Wohnbevölkerung in Deutschland ab 18 Jahren, online befragt von infas",5231,März 2026,,"Bertelsmann Stiftung (2026): Gesellschaftlicher Zusammenhalt und die Rolle von Religion. Zentrale Ergebnisse des Religionsmonitors 2026, Religionsmonitor kompakt",https://www.bertelsmann-stiftung.de/fileadmin/files/Projekte/Zusammen_in_Vielfalt/Religionsmonitor_Kompakt_Gesellschaftlicher_Zusammenhalt_2026.pdf,"Abbildung 4, S. 9",,"Der Index reicht von 0 bis 100 und ist kein Prozentwert. Er fasst neun Indikatoren zu sozialen Beziehungen, Verbundenheit mit dem Gemeinwesen und Gemeinwohlorientierung zusammen. Der Gesamtwert für Deutschland liegt 2026 bei 51 Punkten, nach 46 im Jahr 2023 und 55 im Jahr 2020. Der Bericht schreibt seinen eigenen niedrigsten Wert nicht fest: Die vergleichsweise niedrigen Werte bei muslimischen Befragten dürften „keineswegs mit einer grundsätzlich geringeren Bereitschaft zu gesellschaftlichem Engagement und Solidarität gleichgesetzt werden""; frühere Erhebungen fanden ähnlich ausgeprägte Solidaritätspotenziale in der muslimischen, katholischen und evangelischen Bevölkerung. Die Religiosität ist mit der Zentralitätsskala nach Huber (2003) gemessen, nicht mit der Konfession. Befragt wurde online im März 2026; die muslimische Teilstichprobe wurde eigens aufgestockt, um sie überhaupt getrennt auswerten zu können."
rm2026_zusammenhalt,Gesellschaftlicher Zusammenhalt nach Religionszugehörigkeit und Religiosität,Deutschland,Keine Religionszugehörigkeit,49,index,Religionsmonitor 2026,"Wohnbevölkerung in Deutschland ab 18 Jahren, online befragt von infas",5231,März 2026,,"Bertelsmann Stiftung (2026): Gesellschaftlicher Zusammenhalt und die Rolle von Religion. Zentrale Ergebnisse des Religionsmonitors 2026, Religionsmonitor kompakt",https://www.bertelsmann-stiftung.de/fileadmin/files/Projekte/Zusammen_in_Vielfalt/Religionsmonitor_Kompakt_Gesellschaftlicher_Zusammenhalt_2026.pdf,"Abbildung 4, S. 9",,"Der Index reicht von 0 bis 100 und ist kein Prozentwert. Er fasst neun Indikatoren zu sozialen Beziehungen, Verbundenheit mit dem Gemeinwesen und Gemeinwohlorientierung zusammen. Der Gesamtwert für Deutschland liegt 2026 bei 51 Punkten, nach 46 im Jahr 2023 und 55 im Jahr 2020. Der Bericht schreibt seinen eigenen niedrigsten Wert nicht fest: Die vergleichsweise niedrigen Werte bei muslimischen Befragten dürften „keineswegs mit einer grundsätzlich geringeren Bereitschaft zu gesellschaftlichem Engagement und Solidarität gleichgesetzt werden""; frühere Erhebungen fanden ähnlich ausgeprägte Solidaritätspotenziale in der muslimischen, katholischen und evangelischen Bevölkerung. Die Religiosität ist mit der Zentralitätsskala nach Huber (2003) gemessen, nicht mit der Konfession. Befragt wurde online im März 2026; die muslimische Teilstichprobe wurde eigens aufgestockt, um sie überhaupt getrennt auswerten zu können."
rm2026_zusammenhalt,Gesellschaftlicher Zusammenhalt nach Religionszugehörigkeit und Religiosität,Deutschland,Muslimisch,46,index,Religionsmonitor 2026,"Wohnbevölkerung in Deutschland ab 18 Jahren, online befragt von infas",5231,März 2026,,"Bertelsmann Stiftung (2026): Gesellschaftlicher Zusammenhalt und die Rolle von Religion. Zentrale Ergebnisse des Religionsmonitors 2026, Religionsmonitor kompakt",https://www.bertelsmann-stiftung.de/fileadmin/files/Projekte/Zusammen_in_Vielfalt/Religionsmonitor_Kompakt_Gesellschaftlicher_Zusammenhalt_2026.pdf,"Abbildung 4, S. 9",,"Der Index reicht von 0 bis 100 und ist kein Prozentwert. Er fasst neun Indikatoren zu sozialen Beziehungen, Verbundenheit mit dem Gemeinwesen und Gemeinwohlorientierung zusammen. Der Gesamtwert für Deutschland liegt 2026 bei 51 Punkten, nach 46 im Jahr 2023 und 55 im Jahr 2020. Der Bericht schreibt seinen eigenen niedrigsten Wert nicht fest: Die vergleichsweise niedrigen Werte bei muslimischen Befragten dürften „keineswegs mit einer grundsätzlich geringeren Bereitschaft zu gesellschaftlichem Engagement und Solidarität gleichgesetzt werden""; frühere Erhebungen fanden ähnlich ausgeprägte Solidaritätspotenziale in der muslimischen, katholischen und evangelischen Bevölkerung. Die Religiosität ist mit der Zentralitätsskala nach Huber (2003) gemessen, nicht mit der Konfession. Befragt wurde online im März 2026; die muslimische Teilstichprobe wurde eigens aufgestockt, um sie überhaupt getrennt auswerten zu können."
rm2026_zusammenhalt,Gesellschaftlicher Zusammenhalt nach Religionszugehörigkeit und Religiosität,Deutschland,Religiosität niedrig,49,index,Religionsmonitor 2026,"Wohnbevölkerung in Deutschland ab 18 Jahren, online befragt von infas",5231,März 2026,,"Bertelsmann Stiftung (2026): Gesellschaftlicher Zusammenhalt und die Rolle von Religion. Zentrale Ergebnisse des Religionsmonitors 2026, Religionsmonitor kompakt",https://www.bertelsmann-stiftung.de/fileadmin/files/Projekte/Zusammen_in_Vielfalt/Religionsmonitor_Kompakt_Gesellschaftlicher_Zusammenhalt_2026.pdf,"Abbildung 4, S. 9",,"Der Index reicht von 0 bis 100 und ist kein Prozentwert. Er fasst neun Indikatoren zu sozialen Beziehungen, Verbundenheit mit dem Gemeinwesen und Gemeinwohlorientierung zusammen. Der Gesamtwert für Deutschland liegt 2026 bei 51 Punkten, nach 46 im Jahr 2023 und 55 im Jahr 2020. Der Bericht schreibt seinen eigenen niedrigsten Wert nicht fest: Die vergleichsweise niedrigen Werte bei muslimischen Befragten dürften „keineswegs mit einer grundsätzlich geringeren Bereitschaft zu gesellschaftlichem Engagement und Solidarität gleichgesetzt werden""; frühere Erhebungen fanden ähnlich ausgeprägte Solidaritätspotenziale in der muslimischen, katholischen und evangelischen Bevölkerung. Die Religiosität ist mit der Zentralitätsskala nach Huber (2003) gemessen, nicht mit der Konfession. Befragt wurde online im März 2026; die muslimische Teilstichprobe wurde eigens aufgestockt, um sie überhaupt getrennt auswerten zu können."
rm2026_zusammenhalt,Gesellschaftlicher Zusammenhalt nach Religionszugehörigkeit und Religiosität,Deutschland,Religiosität mittel,53,index,Religionsmonitor 2026,"Wohnbevölkerung in Deutschland ab 18 Jahren, online befragt von infas",5231,März 2026,,"Bertelsmann Stiftung (2026): Gesellschaftlicher Zusammenhalt und die Rolle von Religion. Zentrale Ergebnisse des Religionsmonitors 2026, Religionsmonitor kompakt",https://www.bertelsmann-stiftung.de/fileadmin/files/Projekte/Zusammen_in_Vielfalt/Religionsmonitor_Kompakt_Gesellschaftlicher_Zusammenhalt_2026.pdf,"Abbildung 4, S. 9",,"Der Index reicht von 0 bis 100 und ist kein Prozentwert. Er fasst neun Indikatoren zu sozialen Beziehungen, Verbundenheit mit dem Gemeinwesen und Gemeinwohlorientierung zusammen. Der Gesamtwert für Deutschland liegt 2026 bei 51 Punkten, nach 46 im Jahr 2023 und 55 im Jahr 2020. Der Bericht schreibt seinen eigenen niedrigsten Wert nicht fest: Die vergleichsweise niedrigen Werte bei muslimischen Befragten dürften „keineswegs mit einer grundsätzlich geringeren Bereitschaft zu gesellschaftlichem Engagement und Solidarität gleichgesetzt werden""; frühere Erhebungen fanden ähnlich ausgeprägte Solidaritätspotenziale in der muslimischen, katholischen und evangelischen Bevölkerung. Die Religiosität ist mit der Zentralitätsskala nach Huber (2003) gemessen, nicht mit der Konfession. Befragt wurde online im März 2026; die muslimische Teilstichprobe wurde eigens aufgestockt, um sie überhaupt getrennt auswerten zu können."
rm2026_zusammenhalt,Gesellschaftlicher Zusammenhalt nach Religionszugehörigkeit und Religiosität,Deutschland,Religiosität hoch,52,index,Religionsmonitor 2026,"Wohnbevölkerung in Deutschland ab 18 Jahren, online befragt von infas",5231,März 2026,,"Bertelsmann Stiftung (2026): Gesellschaftlicher Zusammenhalt und die Rolle von Religion. Zentrale Ergebnisse des Religionsmonitors 2026, Religionsmonitor kompakt",https://www.bertelsmann-stiftung.de/fileadmin/files/Projekte/Zusammen_in_Vielfalt/Religionsmonitor_Kompakt_Gesellschaftlicher_Zusammenhalt_2026.pdf,"Abbildung 4, S. 9",,"Der Index reicht von 0 bis 100 und ist kein Prozentwert. Er fasst neun Indikatoren zu sozialen Beziehungen, Verbundenheit mit dem Gemeinwesen und Gemeinwohlorientierung zusammen. Der Gesamtwert für Deutschland liegt 2026 bei 51 Punkten, nach 46 im Jahr 2023 und 55 im Jahr 2020. Der Bericht schreibt seinen eigenen niedrigsten Wert nicht fest: Die vergleichsweise niedrigen Werte bei muslimischen Befragten dürften „keineswegs mit einer grundsätzlich geringeren Bereitschaft zu gesellschaftlichem Engagement und Solidarität gleichgesetzt werden""; frühere Erhebungen fanden ähnlich ausgeprägte Solidaritätspotenziale in der muslimischen, katholischen und evangelischen Bevölkerung. Die Religiosität ist mit der Zentralitätsskala nach Huber (2003) gemessen, nicht mit der Konfession. Befragt wurde online im März 2026; die muslimische Teilstichprobe wurde eigens aufgestockt, um sie überhaupt getrennt auswerten zu können."
kmu6_verbundenheit,Verbundenheit mit der eigenen Kirche,Deutschland,Evangelisch insgesamt,67,percent,KMU 6 (2022),"in Privathaushalten lebende Bevölkerung in Deutschland ab 14 Jahren, befragt von Forsa",5282,14.10. bis 22.12.2022,,Evangelische Kirche in Deutschland (2023): Wie hältst du’s mit der Kirche? Erste Ergebnisse der 6. Kirchenmitgliedschaftsuntersuchung,https://kmu.ekd.de/fileadmin/user_upload/kirchenmitgliedschaftsuntersuchung/PDF/Wie_h%C3%A4ltst_du%E2%80%99s_mit_der_Kirche_%E2%80%93_Zur_Bedeutung_der_Kirche%E2%80%93in%E2%80%93der%E2%80%93Gesellschaft_KMU_6.pdf,S. 43 f.,davon 8 % sehr verbunden,"Gefragt ist das eigene Verbundenheitsgefühl der Mitglieder, nicht die Mitgliedschaft selbst — gezählt wird hier niemand, es antworten Menschen über sich. Die KMU beteiligt erstmals in ihrer Geschichte auch die katholische Kirche, deshalb gibt es den Vergleich überhaupt. Bemerkenswert ist der Ost-West-Unterschied bei den Evangelischen: wo die Kirche zur kleinen Minderheit geworden ist, fühlen sich die Verbliebenen deutlich stärker verbunden. Die KMU nennt das einen Befund, der in früheren Untersuchungen nicht feststellbar war."
kmu6_verbundenheit,Verbundenheit mit der eigenen Kirche,Deutschland,"Evangelisch, Ostdeutschland",82,percent,KMU 6 (2022),"in Privathaushalten lebende Bevölkerung in Deutschland ab 14 Jahren, befragt von Forsa",5282,14.10. bis 22.12.2022,,Evangelische Kirche in Deutschland (2023): Wie hältst du’s mit der Kirche? Erste Ergebnisse der 6. Kirchenmitgliedschaftsuntersuchung,https://kmu.ekd.de/fileadmin/user_upload/kirchenmitgliedschaftsuntersuchung/PDF/Wie_h%C3%A4ltst_du%E2%80%99s_mit_der_Kirche_%E2%80%93_Zur_Bedeutung_der_Kirche%E2%80%93in%E2%80%93der%E2%80%93Gesellschaft_KMU_6.pdf,S. 43 f.,davon 14 % sehr verbunden,"Gefragt ist das eigene Verbundenheitsgefühl der Mitglieder, nicht die Mitgliedschaft selbst — gezählt wird hier niemand, es antworten Menschen über sich. Die KMU beteiligt erstmals in ihrer Geschichte auch die katholische Kirche, deshalb gibt es den Vergleich überhaupt. Bemerkenswert ist der Ost-West-Unterschied bei den Evangelischen: wo die Kirche zur kleinen Minderheit geworden ist, fühlen sich die Verbliebenen deutlich stärker verbunden. Die KMU nennt das einen Befund, der in früheren Untersuchungen nicht feststellbar war."
kmu6_verbundenheit,Verbundenheit mit der eigenen Kirche,Deutschland,"Evangelisch, Westdeutschland",65,percent,KMU 6 (2022),"in Privathaushalten lebende Bevölkerung in Deutschland ab 14 Jahren, befragt von Forsa",5282,14.10. bis 22.12.2022,,Evangelische Kirche in Deutschland (2023): Wie hältst du’s mit der Kirche? Erste Ergebnisse der 6. Kirchenmitgliedschaftsuntersuchung,https://kmu.ekd.de/fileadmin/user_upload/kirchenmitgliedschaftsuntersuchung/PDF/Wie_h%C3%A4ltst_du%E2%80%99s_mit_der_Kirche_%E2%80%93_Zur_Bedeutung_der_Kirche%E2%80%93in%E2%80%93der%E2%80%93Gesellschaft_KMU_6.pdf,S. 43 f.,,"Gefragt ist das eigene Verbundenheitsgefühl der Mitglieder, nicht die Mitgliedschaft selbst — gezählt wird hier niemand, es antworten Menschen über sich. Die KMU beteiligt erstmals in ihrer Geschichte auch die katholische Kirche, deshalb gibt es den Vergleich überhaupt. Bemerkenswert ist der Ost-West-Unterschied bei den Evangelischen: wo die Kirche zur kleinen Minderheit geworden ist, fühlen sich die Verbliebenen deutlich stärker verbunden. Die KMU nennt das einen Befund, der in früheren Untersuchungen nicht feststellbar war."
kmu6_verbundenheit,Verbundenheit mit der eigenen Kirche,Deutschland,Katholisch insgesamt,57,percent,KMU 6 (2022),"in Privathaushalten lebende Bevölkerung in Deutschland ab 14 Jahren, befragt von Forsa",5282,14.10. bis 22.12.2022,,Evangelische Kirche in Deutschland (2023): Wie hältst du’s mit der Kirche? Erste Ergebnisse der 6. Kirchenmitgliedschaftsuntersuchung,https://kmu.ekd.de/fileadmin/user_upload/kirchenmitgliedschaftsuntersuchung/PDF/Wie_h%C3%A4ltst_du%E2%80%99s_mit_der_Kirche_%E2%80%93_Zur_Bedeutung_der_Kirche%E2%80%93in%E2%80%93der%E2%80%93Gesellschaft_KMU_6.pdf,S. 43 f.,davon 7 % sehr verbunden,"Gefragt ist das eigene Verbundenheitsgefühl der Mitglieder, nicht die Mitgliedschaft selbst — gezählt wird hier niemand, es antworten Menschen über sich. Die KMU beteiligt erstmals in ihrer Geschichte auch die katholische Kirche, deshalb gibt es den Vergleich überhaupt. Bemerkenswert ist der Ost-West-Unterschied bei den Evangelischen: wo die Kirche zur kleinen Minderheit geworden ist, fühlen sich die Verbliebenen deutlich stärker verbunden. Die KMU nennt das einen Befund, der in früheren Untersuchungen nicht feststellbar war."
kmu6_verbundenheit,Verbundenheit mit der eigenen Kirche,Deutschland,"Katholisch, Ostdeutschland",64,percent,KMU 6 (2022),"in Privathaushalten lebende Bevölkerung in Deutschland ab 14 Jahren, befragt von Forsa",5282,14.10. bis 22.12.2022,,Evangelische Kirche in Deutschland (2023): Wie hältst du’s mit der Kirche? Erste Ergebnisse der 6. Kirchenmitgliedschaftsuntersuchung,https://kmu.ekd.de/fileadmin/user_upload/kirchenmitgliedschaftsuntersuchung/PDF/Wie_h%C3%A4ltst_du%E2%80%99s_mit_der_Kirche_%E2%80%93_Zur_Bedeutung_der_Kirche%E2%80%93in%E2%80%93der%E2%80%93Gesellschaft_KMU_6.pdf,S. 43 f.,,"Gefragt ist das eigene Verbundenheitsgefühl der Mitglieder, nicht die Mitgliedschaft selbst — gezählt wird hier niemand, es antworten Menschen über sich. Die KMU beteiligt erstmals in ihrer Geschichte auch die katholische Kirche, deshalb gibt es den Vergleich überhaupt. Bemerkenswert ist der Ost-West-Unterschied bei den Evangelischen: wo die Kirche zur kleinen Minderheit geworden ist, fühlen sich die Verbliebenen deutlich stärker verbunden. Die KMU nennt das einen Befund, der in früheren Untersuchungen nicht feststellbar war."
kmu6_verbundenheit,Verbundenheit mit der eigenen Kirche,Deutschland,"Katholisch, Westdeutschland",57,percent,KMU 6 (2022),"in Privathaushalten lebende Bevölkerung in Deutschland ab 14 Jahren, befragt von Forsa",5282,14.10. bis 22.12.2022,,Evangelische Kirche in Deutschland (2023): Wie hältst du’s mit der Kirche? Erste Ergebnisse der 6. Kirchenmitgliedschaftsuntersuchung,https://kmu.ekd.de/fileadmin/user_upload/kirchenmitgliedschaftsuntersuchung/PDF/Wie_h%C3%A4ltst_du%E2%80%99s_mit_der_Kirche_%E2%80%93_Zur_Bedeutung_der_Kirche%E2%80%93in%E2%80%93der%E2%80%93Gesellschaft_KMU_6.pdf,S. 43 f.,,"Gefragt ist das eigene Verbundenheitsgefühl der Mitglieder, nicht die Mitgliedschaft selbst — gezählt wird hier niemand, es antworten Menschen über sich. Die KMU beteiligt erstmals in ihrer Geschichte auch die katholische Kirche, deshalb gibt es den Vergleich überhaupt. Bemerkenswert ist der Ost-West-Unterschied bei den Evangelischen: wo die Kirche zur kleinen Minderheit geworden ist, fühlen sich die Verbliebenen deutlich stärker verbunden. Die KMU nennt das einen Befund, der in früheren Untersuchungen nicht feststellbar war."
kmu6_wandel,Hat die Verbundenheit zur Kirche nachgelassen?,Deutschland,Evangelisch: hat nachgelassen,31,percent,KMU 6 (2022),"in Privathaushalten lebende Bevölkerung in Deutschland ab 14 Jahren, befragt von Forsa",5282,14.10. bis 22.12.2022,,Evangelische Kirche in Deutschland (2023): Wie hältst du’s mit der Kirche? Erste Ergebnisse der 6. Kirchenmitgliedschaftsuntersuchung,https://kmu.ekd.de/fileadmin/user_upload/kirchenmitgliedschaftsuntersuchung/PDF/Wie_h%C3%A4ltst_du%E2%80%99s_mit_der_Kirche_%E2%80%93_Zur_Bedeutung_der_Kirche%E2%80%93in%E2%80%93der%E2%80%93Gesellschaft_KMU_6.pdf,S. 44,,"Rückblickende Selbsteinschätzung, keine gemessene Veränderung: gefragt war, ob das Verbundenheitsgefühl im Vergleich zu früher nachgelassen oder zugenommen hat. Der Abstand zwischen den Konfessionen ist der eigentliche Befund — bei den Katholischen berichtet fast das Doppelte einen Rückgang. Die Karte „Beide Kirchen · Veränderung 2011 bis 2022“ zeigt dasselbe Land von der anderen Seite: dort die gezählten Mitgliedschaften, hier das Empfinden derer, die geblieben sind."
kmu6_wandel,Hat die Verbundenheit zur Kirche nachgelassen?,Deutschland,Evangelisch: hat zugenommen,9,percent,KMU 6 (2022),"in Privathaushalten lebende Bevölkerung in Deutschland ab 14 Jahren, befragt von Forsa",5282,14.10. bis 22.12.2022,,Evangelische Kirche in Deutschland (2023): Wie hältst du’s mit der Kirche? Erste Ergebnisse der 6. Kirchenmitgliedschaftsuntersuchung,https://kmu.ekd.de/fileadmin/user_upload/kirchenmitgliedschaftsuntersuchung/PDF/Wie_h%C3%A4ltst_du%E2%80%99s_mit_der_Kirche_%E2%80%93_Zur_Bedeutung_der_Kirche%E2%80%93in%E2%80%93der%E2%80%93Gesellschaft_KMU_6.pdf,S. 44,,"Rückblickende Selbsteinschätzung, keine gemessene Veränderung: gefragt war, ob das Verbundenheitsgefühl im Vergleich zu früher nachgelassen oder zugenommen hat. Der Abstand zwischen den Konfessionen ist der eigentliche Befund — bei den Katholischen berichtet fast das Doppelte einen Rückgang. Die Karte „Beide Kirchen · Veränderung 2011 bis 2022“ zeigt dasselbe Land von der anderen Seite: dort die gezählten Mitgliedschaften, hier das Empfinden derer, die geblieben sind."
kmu6_wandel,Hat die Verbundenheit zur Kirche nachgelassen?,Deutschland,Katholisch: hat nachgelassen,62,percent,KMU 6 (2022),"in Privathaushalten lebende Bevölkerung in Deutschland ab 14 Jahren, befragt von Forsa",5282,14.10. bis 22.12.2022,,Evangelische Kirche in Deutschland (2023): Wie hältst du’s mit der Kirche? Erste Ergebnisse der 6. Kirchenmitgliedschaftsuntersuchung,https://kmu.ekd.de/fileadmin/user_upload/kirchenmitgliedschaftsuntersuchung/PDF/Wie_h%C3%A4ltst_du%E2%80%99s_mit_der_Kirche_%E2%80%93_Zur_Bedeutung_der_Kirche%E2%80%93in%E2%80%93der%E2%80%93Gesellschaft_KMU_6.pdf,S. 44,,"Rückblickende Selbsteinschätzung, keine gemessene Veränderung: gefragt war, ob das Verbundenheitsgefühl im Vergleich zu früher nachgelassen oder zugenommen hat. Der Abstand zwischen den Konfessionen ist der eigentliche Befund — bei den Katholischen berichtet fast das Doppelte einen Rückgang. Die Karte „Beide Kirchen · Veränderung 2011 bis 2022“ zeigt dasselbe Land von der anderen Seite: dort die gezählten Mitgliedschaften, hier das Empfinden derer, die geblieben sind."
kmu6_wandel,Hat die Verbundenheit zur Kirche nachgelassen?,Deutschland,Katholisch: hat zugenommen,4,percent,KMU 6 (2022),"in Privathaushalten lebende Bevölkerung in Deutschland ab 14 Jahren, befragt von Forsa",5282,14.10. bis 22.12.2022,,Evangelische Kirche in Deutschland (2023): Wie hältst du’s mit der Kirche? Erste Ergebnisse der 6. Kirchenmitgliedschaftsuntersuchung,https://kmu.ekd.de/fileadmin/user_upload/kirchenmitgliedschaftsuntersuchung/PDF/Wie_h%C3%A4ltst_du%E2%80%99s_mit_der_Kirche_%E2%80%93_Zur_Bedeutung_der_Kirche%E2%80%93in%E2%80%93der%E2%80%93Gesellschaft_KMU_6.pdf,S. 44,,"Rückblickende Selbsteinschätzung, keine gemessene Veränderung: gefragt war, ob das Verbundenheitsgefühl im Vergleich zu früher nachgelassen oder zugenommen hat. Der Abstand zwischen den Konfessionen ist der eigentliche Befund — bei den Katholischen berichtet fast das Doppelte einen Rückgang. Die Karte „Beide Kirchen · Veränderung 2011 bis 2022“ zeigt dasselbe Land von der anderen Seite: dort die gezählten Mitgliedschaften, hier das Empfinden derer, die geblieben sind."
rm2013_praxis,Monatliche religiöse Praxis · Religionsmonitor 2013,Deutschland,Katholisch,33,percent,Religionsmonitor 2013,Wohnbevölkerung Deutschlands ab 16 Jahren; jeweilige Untergruppe,,Oktober–Dezember 2012,,Religiosität und Zusammenhalt in Deutschland (2013),https://www.bertelsmann-stiftung.de/fileadmin/files/BSt/Publikationen/GrauePublikationen/GP_Religionsmonitor_verstehen_was_verbindet_Religioesitaet_und_Zusammenhalt_in_Deutschland.pdf,"Abbildung 4, S. 17; Tabellen 1–3, S. 11–13",,"Gewichtete Zustimmungsanteile aus Abbildung 4, visuell am Original geprüft. Erhebung Oktober–Dezember 2012, Publikation 2013. Untergruppen-Fallzahlen sind in der Abbildung nicht ausgewiesen. Die fünf Merkmale verwenden verschiedene Antwortschwellen und teils eingeschränkte Grundgesamtheiten; sie bilden keine gemeinsame Skala. Mindestens monatlicher Besuch von Gottesdienst, Tempel, Freitagsgebet, spirituellen Ritualen oder religiösen Handlungen; Kategorien und Schwelle siehe Tabelle 1, S. 11."
rm2013_praxis,Monatliche religiöse Praxis · Religionsmonitor 2013,Deutschland,Evangelisch,18,percent,Religionsmonitor 2013,Wohnbevölkerung Deutschlands ab 16 Jahren; jeweilige Untergruppe,,Oktober–Dezember 2012,,Religiosität und Zusammenhalt in Deutschland (2013),https://www.bertelsmann-stiftung.de/fileadmin/files/BSt/Publikationen/GrauePublikationen/GP_Religionsmonitor_verstehen_was_verbindet_Religioesitaet_und_Zusammenhalt_in_Deutschland.pdf,"Abbildung 4, S. 17; Tabellen 1–3, S. 11–13",,"Gewichtete Zustimmungsanteile aus Abbildung 4, visuell am Original geprüft. Erhebung Oktober–Dezember 2012, Publikation 2013. Untergruppen-Fallzahlen sind in der Abbildung nicht ausgewiesen. Die fünf Merkmale verwenden verschiedene Antwortschwellen und teils eingeschränkte Grundgesamtheiten; sie bilden keine gemeinsame Skala. Mindestens monatlicher Besuch von Gottesdienst, Tempel, Freitagsgebet, spirituellen Ritualen oder religiösen Handlungen; Kategorien und Schwelle siehe Tabelle 1, S. 11."
rm2013_praxis,Monatliche religiöse Praxis · Religionsmonitor 2013,Deutschland,Muslimisch,30,percent,Religionsmonitor 2013,Wohnbevölkerung Deutschlands ab 16 Jahren; jeweilige Untergruppe,,Oktober–Dezember 2012,,Religiosität und Zusammenhalt in Deutschland (2013),https://www.bertelsmann-stiftung.de/fileadmin/files/BSt/Publikationen/GrauePublikationen/GP_Religionsmonitor_verstehen_was_verbindet_Religioesitaet_und_Zusammenhalt_in_Deutschland.pdf,"Abbildung 4, S. 17; Tabellen 1–3, S. 11–13",,"Gewichtete Zustimmungsanteile aus Abbildung 4, visuell am Original geprüft. Erhebung Oktober–Dezember 2012, Publikation 2013. Untergruppen-Fallzahlen sind in der Abbildung nicht ausgewiesen. Die fünf Merkmale verwenden verschiedene Antwortschwellen und teils eingeschränkte Grundgesamtheiten; sie bilden keine gemeinsame Skala. Mindestens monatlicher Besuch von Gottesdienst, Tempel, Freitagsgebet, spirituellen Ritualen oder religiösen Handlungen; Kategorien und Schwelle siehe Tabelle 1, S. 11."
rm2013_praxis,Monatliche religiöse Praxis · Religionsmonitor 2013,Deutschland,Konfessionslos,4,percent,Religionsmonitor 2013,Wohnbevölkerung Deutschlands ab 16 Jahren; jeweilige Untergruppe,,Oktober–Dezember 2012,,Religiosität und Zusammenhalt in Deutschland (2013),https://www.bertelsmann-stiftung.de/fileadmin/files/BSt/Publikationen/GrauePublikationen/GP_Religionsmonitor_verstehen_was_verbindet_Religioesitaet_und_Zusammenhalt_in_Deutschland.pdf,"Abbildung 4, S. 17; Tabellen 1–3, S. 11–13",,"Gewichtete Zustimmungsanteile aus Abbildung 4, visuell am Original geprüft. Erhebung Oktober–Dezember 2012, Publikation 2013. Untergruppen-Fallzahlen sind in der Abbildung nicht ausgewiesen. Die fünf Merkmale verwenden verschiedene Antwortschwellen und teils eingeschränkte Grundgesamtheiten; sie bilden keine gemeinsame Skala. Mindestens monatlicher Besuch von Gottesdienst, Tempel, Freitagsgebet, spirituellen Ritualen oder religiösen Handlungen; Kategorien und Schwelle siehe Tabelle 1, S. 11."
rm2013_religiositaet,Religiöse Selbsteinschätzung · Religionsmonitor 2013,Deutschland,Katholisch,26,percent,Religionsmonitor 2013,Wohnbevölkerung Deutschlands ab 16 Jahren; jeweilige Untergruppe,,Oktober–Dezember 2012,,Religiosität und Zusammenhalt in Deutschland (2013),https://www.bertelsmann-stiftung.de/fileadmin/files/BSt/Publikationen/GrauePublikationen/GP_Religionsmonitor_verstehen_was_verbindet_Religioesitaet_und_Zusammenhalt_in_Deutschland.pdf,"Abbildung 4, S. 17; Tabellen 1–3, S. 11–13",,"Gewichtete Zustimmungsanteile aus Abbildung 4, visuell am Original geprüft. Erhebung Oktober–Dezember 2012, Publikation 2013. Untergruppen-Fallzahlen sind in der Abbildung nicht ausgewiesen. Die fünf Merkmale verwenden verschiedene Antwortschwellen und teils eingeschränkte Grundgesamtheiten; sie bilden keine gemeinsame Skala. Anteil „ziemlich/sehr“ religiös; fünfstufige Selbsteinschätzung, siehe Tabelle 2, S. 12."
rm2013_religiositaet,Religiöse Selbsteinschätzung · Religionsmonitor 2013,Deutschland,Evangelisch,21,percent,Religionsmonitor 2013,Wohnbevölkerung Deutschlands ab 16 Jahren; jeweilige Untergruppe,,Oktober–Dezember 2012,,Religiosität und Zusammenhalt in Deutschland (2013),https://www.bertelsmann-stiftung.de/fileadmin/files/BSt/Publikationen/GrauePublikationen/GP_Religionsmonitor_verstehen_was_verbindet_Religioesitaet_und_Zusammenhalt_in_Deutschland.pdf,"Abbildung 4, S. 17; Tabellen 1–3, S. 11–13",,"Gewichtete Zustimmungsanteile aus Abbildung 4, visuell am Original geprüft. Erhebung Oktober–Dezember 2012, Publikation 2013. Untergruppen-Fallzahlen sind in der Abbildung nicht ausgewiesen. Die fünf Merkmale verwenden verschiedene Antwortschwellen und teils eingeschränkte Grundgesamtheiten; sie bilden keine gemeinsame Skala. Anteil „ziemlich/sehr“ religiös; fünfstufige Selbsteinschätzung, siehe Tabelle 2, S. 12."
rm2013_religiositaet,Religiöse Selbsteinschätzung · Religionsmonitor 2013,Deutschland,Muslimisch,39,percent,Religionsmonitor 2013,Wohnbevölkerung Deutschlands ab 16 Jahren; jeweilige Untergruppe,,Oktober–Dezember 2012,,Religiosität und Zusammenhalt in Deutschland (2013),https://www.bertelsmann-stiftung.de/fileadmin/files/BSt/Publikationen/GrauePublikationen/GP_Religionsmonitor_verstehen_was_verbindet_Religioesitaet_und_Zusammenhalt_in_Deutschland.pdf,"Abbildung 4, S. 17; Tabellen 1–3, S. 11–13",,"Gewichtete Zustimmungsanteile aus Abbildung 4, visuell am Original geprüft. Erhebung Oktober–Dezember 2012, Publikation 2013. Untergruppen-Fallzahlen sind in der Abbildung nicht ausgewiesen. Die fünf Merkmale verwenden verschiedene Antwortschwellen und teils eingeschränkte Grundgesamtheiten; sie bilden keine gemeinsame Skala. Anteil „ziemlich/sehr“ religiös; fünfstufige Selbsteinschätzung, siehe Tabelle 2, S. 12."
rm2013_religiositaet,Religiöse Selbsteinschätzung · Religionsmonitor 2013,Deutschland,Konfessionslos,4,percent,Religionsmonitor 2013,Wohnbevölkerung Deutschlands ab 16 Jahren; jeweilige Untergruppe,,Oktober–Dezember 2012,,Religiosität und Zusammenhalt in Deutschland (2013),https://www.bertelsmann-stiftung.de/fileadmin/files/BSt/Publikationen/GrauePublikationen/GP_Religionsmonitor_verstehen_was_verbindet_Religioesitaet_und_Zusammenhalt_in_Deutschland.pdf,"Abbildung 4, S. 17; Tabellen 1–3, S. 11–13",,"Gewichtete Zustimmungsanteile aus Abbildung 4, visuell am Original geprüft. Erhebung Oktober–Dezember 2012, Publikation 2013. Untergruppen-Fallzahlen sind in der Abbildung nicht ausgewiesen. Die fünf Merkmale verwenden verschiedene Antwortschwellen und teils eingeschränkte Grundgesamtheiten; sie bilden keine gemeinsame Skala. Anteil „ziemlich/sehr“ religiös; fünfstufige Selbsteinschätzung, siehe Tabelle 2, S. 12."
rm2013_wichtigkeit,Wichtigkeit der Religion · Religionsmonitor 2013,Deutschland,Katholisch,64,percent,Religionsmonitor 2013,Wohnbevölkerung Deutschlands ab 16 Jahren; jeweilige Untergruppe,,Oktober–Dezember 2012,,Religiosität und Zusammenhalt in Deutschland (2013),https://www.bertelsmann-stiftung.de/fileadmin/files/BSt/Publikationen/GrauePublikationen/GP_Religionsmonitor_verstehen_was_verbindet_Religioesitaet_und_Zusammenhalt_in_Deutschland.pdf,"Abbildung 4, S. 17; Tabellen 1–3, S. 11–13",,"Gewichtete Zustimmungsanteile aus Abbildung 4, visuell am Original geprüft. Erhebung Oktober–Dezember 2012, Publikation 2013. Untergruppen-Fallzahlen sind in der Abbildung nicht ausgewiesen. Die fünf Merkmale verwenden verschiedene Antwortschwellen und teils eingeschränkte Grundgesamtheiten; sie bilden keine gemeinsame Skala. Anteil „eher/sehr wichtig“, siehe Abbildung 1, S. 14. Der gerundete Wert für katholische Befragte ist in Abbildung 4 mit 64 ausgewiesen; der Fließtext nennt daneben 65."
rm2013_wichtigkeit,Wichtigkeit der Religion · Religionsmonitor 2013,Deutschland,Evangelisch,58,percent,Religionsmonitor 2013,Wohnbevölkerung Deutschlands ab 16 Jahren; jeweilige Untergruppe,,Oktober–Dezember 2012,,Religiosität und Zusammenhalt in Deutschland (2013),https://www.bertelsmann-stiftung.de/fileadmin/files/BSt/Publikationen/GrauePublikationen/GP_Religionsmonitor_verstehen_was_verbindet_Religioesitaet_und_Zusammenhalt_in_Deutschland.pdf,"Abbildung 4, S. 17; Tabellen 1–3, S. 11–13",,"Gewichtete Zustimmungsanteile aus Abbildung 4, visuell am Original geprüft. Erhebung Oktober–Dezember 2012, Publikation 2013. Untergruppen-Fallzahlen sind in der Abbildung nicht ausgewiesen. Die fünf Merkmale verwenden verschiedene Antwortschwellen und teils eingeschränkte Grundgesamtheiten; sie bilden keine gemeinsame Skala. Anteil „eher/sehr wichtig“, siehe Abbildung 1, S. 14. Der gerundete Wert für katholische Befragte ist in Abbildung 4 mit 64 ausgewiesen; der Fließtext nennt daneben 65."
rm2013_wichtigkeit,Wichtigkeit der Religion · Religionsmonitor 2013,Deutschland,Muslimisch,89,percent,Religionsmonitor 2013,Wohnbevölkerung Deutschlands ab 16 Jahren; jeweilige Untergruppe,,Oktober–Dezember 2012,,Religiosität und Zusammenhalt in Deutschland (2013),https://www.bertelsmann-stiftung.de/fileadmin/files/BSt/Publikationen/GrauePublikationen/GP_Religionsmonitor_verstehen_was_verbindet_Religioesitaet_und_Zusammenhalt_in_Deutschland.pdf,"Abbildung 4, S. 17; Tabellen 1–3, S. 11–13",,"Gewichtete Zustimmungsanteile aus Abbildung 4, visuell am Original geprüft. Erhebung Oktober–Dezember 2012, Publikation 2013. Untergruppen-Fallzahlen sind in der Abbildung nicht ausgewiesen. Die fünf Merkmale verwenden verschiedene Antwortschwellen und teils eingeschränkte Grundgesamtheiten; sie bilden keine gemeinsame Skala. Anteil „eher/sehr wichtig“, siehe Abbildung 1, S. 14. Der gerundete Wert für katholische Befragte ist in Abbildung 4 mit 64 ausgewiesen; der Fließtext nennt daneben 65."
rm2013_wichtigkeit,Wichtigkeit der Religion · Religionsmonitor 2013,Deutschland,Konfessionslos,10,percent,Religionsmonitor 2013,Wohnbevölkerung Deutschlands ab 16 Jahren; jeweilige Untergruppe,,Oktober–Dezember 2012,,Religiosität und Zusammenhalt in Deutschland (2013),https://www.bertelsmann-stiftung.de/fileadmin/files/BSt/Publikationen/GrauePublikationen/GP_Religionsmonitor_verstehen_was_verbindet_Religioesitaet_und_Zusammenhalt_in_Deutschland.pdf,"Abbildung 4, S. 17; Tabellen 1–3, S. 11–13",,"Gewichtete Zustimmungsanteile aus Abbildung 4, visuell am Original geprüft. Erhebung Oktober–Dezember 2012, Publikation 2013. Untergruppen-Fallzahlen sind in der Abbildung nicht ausgewiesen. Die fünf Merkmale verwenden verschiedene Antwortschwellen und teils eingeschränkte Grundgesamtheiten; sie bilden keine gemeinsame Skala. Anteil „eher/sehr wichtig“, siehe Abbildung 1, S. 14. Der gerundete Wert für katholische Befragte ist in Abbildung 4 mit 64 ausgewiesen; der Fließtext nennt daneben 65."
rm2013_synkretismus,Lehren verschiedener Traditionen · Religionsmonitor 2013,Deutschland,Katholisch,26,percent,Religionsmonitor 2013,Wohnbevölkerung Deutschlands ab 16 Jahren; jeweilige Untergruppe,,Oktober–Dezember 2012,,Religiosität und Zusammenhalt in Deutschland (2013),https://www.bertelsmann-stiftung.de/fileadmin/files/BSt/Publikationen/GrauePublikationen/GP_Religionsmonitor_verstehen_was_verbindet_Religioesitaet_und_Zusammenhalt_in_Deutschland.pdf,"Abbildung 4, S. 17; Tabellen 1–3, S. 11–13",,"Gewichtete Zustimmungsanteile aus Abbildung 4, visuell am Original geprüft. Erhebung Oktober–Dezember 2012, Publikation 2013. Untergruppen-Fallzahlen sind in der Abbildung nicht ausgewiesen. Die fünf Merkmale verwenden verschiedene Antwortschwellen und teils eingeschränkte Grundgesamtheiten; sie bilden keine gemeinsame Skala. Zustimmung zum Rückgriff auf Lehren verschiedener religiöser Traditionen. Die Tabelle 3, S. 13, beschränkt die Auswertung auf mindestens wenig religiöse Befragte; diese Einschränkung gilt auch hier."
rm2013_synkretismus,Lehren verschiedener Traditionen · Religionsmonitor 2013,Deutschland,Evangelisch,24,percent,Religionsmonitor 2013,Wohnbevölkerung Deutschlands ab 16 Jahren; jeweilige Untergruppe,,Oktober–Dezember 2012,,Religiosität und Zusammenhalt in Deutschland (2013),https://www.bertelsmann-stiftung.de/fileadmin/files/BSt/Publikationen/GrauePublikationen/GP_Religionsmonitor_verstehen_was_verbindet_Religioesitaet_und_Zusammenhalt_in_Deutschland.pdf,"Abbildung 4, S. 17; Tabellen 1–3, S. 11–13",,"Gewichtete Zustimmungsanteile aus Abbildung 4, visuell am Original geprüft. Erhebung Oktober–Dezember 2012, Publikation 2013. Untergruppen-Fallzahlen sind in der Abbildung nicht ausgewiesen. Die fünf Merkmale verwenden verschiedene Antwortschwellen und teils eingeschränkte Grundgesamtheiten; sie bilden keine gemeinsame Skala. Zustimmung zum Rückgriff auf Lehren verschiedener religiöser Traditionen. Die Tabelle 3, S. 13, beschränkt die Auswertung auf mindestens wenig religiöse Befragte; diese Einschränkung gilt auch hier."
rm2013_synkretismus,Lehren verschiedener Traditionen · Religionsmonitor 2013,Deutschland,Muslimisch,42,percent,Religionsmonitor 2013,Wohnbevölkerung Deutschlands ab 16 Jahren; jeweilige Untergruppe,,Oktober–Dezember 2012,,Religiosität und Zusammenhalt in Deutschland (2013),https://www.bertelsmann-stiftung.de/fileadmin/files/BSt/Publikationen/GrauePublikationen/GP_Religionsmonitor_verstehen_was_verbindet_Religioesitaet_und_Zusammenhalt_in_Deutschland.pdf,"Abbildung 4, S. 17; Tabellen 1–3, S. 11–13",,"Gewichtete Zustimmungsanteile aus Abbildung 4, visuell am Original geprüft. Erhebung Oktober–Dezember 2012, Publikation 2013. Untergruppen-Fallzahlen sind in der Abbildung nicht ausgewiesen. Die fünf Merkmale verwenden verschiedene Antwortschwellen und teils eingeschränkte Grundgesamtheiten; sie bilden keine gemeinsame Skala. Zustimmung zum Rückgriff auf Lehren verschiedener religiöser Traditionen. Die Tabelle 3, S. 13, beschränkt die Auswertung auf mindestens wenig religiöse Befragte; diese Einschränkung gilt auch hier."
rm2013_synkretismus,Lehren verschiedener Traditionen · Religionsmonitor 2013,Deutschland,Konfessionslos,3,percent,Religionsmonitor 2013,Wohnbevölkerung Deutschlands ab 16 Jahren; jeweilige Untergruppe,,Oktober–Dezember 2012,,Religiosität und Zusammenhalt in Deutschland (2013),https://www.bertelsmann-stiftung.de/fileadmin/files/BSt/Publikationen/GrauePublikationen/GP_Religionsmonitor_verstehen_was_verbindet_Religioesitaet_und_Zusammenhalt_in_Deutschland.pdf,"Abbildung 4, S. 17; Tabellen 1–3, S. 11–13",,"Gewichtete Zustimmungsanteile aus Abbildung 4, visuell am Original geprüft. Erhebung Oktober–Dezember 2012, Publikation 2013. Untergruppen-Fallzahlen sind in der Abbildung nicht ausgewiesen. Die fünf Merkmale verwenden verschiedene Antwortschwellen und teils eingeschränkte Grundgesamtheiten; sie bilden keine gemeinsame Skala. Zustimmung zum Rückgriff auf Lehren verschiedener religiöser Traditionen. Die Tabelle 3, S. 13, beschränkt die Auswertung auf mindestens wenig religiöse Befragte; diese Einschränkung gilt auch hier."
rm2013_dogmatismus,Religiöser Dogmatismus · Religionsmonitor 2013,Deutschland,Katholisch,12,percent,Religionsmonitor 2013,Wohnbevölkerung Deutschlands ab 16 Jahren; jeweilige Untergruppe,,Oktober–Dezember 2012,,Religiosität und Zusammenhalt in Deutschland (2013),https://www.bertelsmann-stiftung.de/fileadmin/files/BSt/Publikationen/GrauePublikationen/GP_Religionsmonitor_verstehen_was_verbindet_Religioesitaet_und_Zusammenhalt_in_Deutschland.pdf,"Abbildung 4, S. 17; Tabellen 1–3, S. 11–13",,"Gewichtete Zustimmungsanteile aus Abbildung 4, visuell am Original geprüft. Erhebung Oktober–Dezember 2012, Publikation 2013. Untergruppen-Fallzahlen sind in der Abbildung nicht ausgewiesen. Die fünf Merkmale verwenden verschiedene Antwortschwellen und teils eingeschränkte Grundgesamtheiten; sie bilden keine gemeinsame Skala. Zustimmung zur Vorrangstellung der eigenen Religion in religiösen Wahrheitsfragen, siehe Tabelle 3, S. 13. Nur Konfessionsangehörige; für Konfessionslose ist kein Wert ausgewiesen. Dieser Wortlaut unterscheidet sich von den drei Aussagen der Erhebung 2017. Kein Zeitvergleich zwischen verschiedenen Items."
rm2013_dogmatismus,Religiöser Dogmatismus · Religionsmonitor 2013,Deutschland,Evangelisch,11,percent,Religionsmonitor 2013,Wohnbevölkerung Deutschlands ab 16 Jahren; jeweilige Untergruppe,,Oktober–Dezember 2012,,Religiosität und Zusammenhalt in Deutschland (2013),https://www.bertelsmann-stiftung.de/fileadmin/files/BSt/Publikationen/GrauePublikationen/GP_Religionsmonitor_verstehen_was_verbindet_Religioesitaet_und_Zusammenhalt_in_Deutschland.pdf,"Abbildung 4, S. 17; Tabellen 1–3, S. 11–13",,"Gewichtete Zustimmungsanteile aus Abbildung 4, visuell am Original geprüft. Erhebung Oktober–Dezember 2012, Publikation 2013. Untergruppen-Fallzahlen sind in der Abbildung nicht ausgewiesen. Die fünf Merkmale verwenden verschiedene Antwortschwellen und teils eingeschränkte Grundgesamtheiten; sie bilden keine gemeinsame Skala. Zustimmung zur Vorrangstellung der eigenen Religion in religiösen Wahrheitsfragen, siehe Tabelle 3, S. 13. Nur Konfessionsangehörige; für Konfessionslose ist kein Wert ausgewiesen. Dieser Wortlaut unterscheidet sich von den drei Aussagen der Erhebung 2017. Kein Zeitvergleich zwischen verschiedenen Items."
rm2013_dogmatismus,Religiöser Dogmatismus · Religionsmonitor 2013,Deutschland,Muslimisch,39,percent,Religionsmonitor 2013,Wohnbevölkerung Deutschlands ab 16 Jahren; jeweilige Untergruppe,,Oktober–Dezember 2012,,Religiosität und Zusammenhalt in Deutschland (2013),https://www.bertelsmann-stiftung.de/fileadmin/files/BSt/Publikationen/GrauePublikationen/GP_Religionsmonitor_verstehen_was_verbindet_Religioesitaet_und_Zusammenhalt_in_Deutschland.pdf,"Abbildung 4, S. 17; Tabellen 1–3, S. 11–13",,"Gewichtete Zustimmungsanteile aus Abbildung 4, visuell am Original geprüft. Erhebung Oktober–Dezember 2012, Publikation 2013. Untergruppen-Fallzahlen sind in der Abbildung nicht ausgewiesen. Die fünf Merkmale verwenden verschiedene Antwortschwellen und teils eingeschränkte Grundgesamtheiten; sie bilden keine gemeinsame Skala. Zustimmung zur Vorrangstellung der eigenen Religion in religiösen Wahrheitsfragen, siehe Tabelle 3, S. 13. Nur Konfessionsangehörige; für Konfessionslose ist kein Wert ausgewiesen. Dieser Wortlaut unterscheidet sich von den drei Aussagen der Erhebung 2017. Kein Zeitvergleich zwischen verschiedenen Items."
rm2017_wahrheit,Wahrheit nur in einer Religion · Religionsmonitor 2017,Deutschland,Katholiken,13,percent,Religionsmonitor 2017,Wohnbevölkerung Deutschlands ab 16 Jahren; jeweilige Untergruppe,,Religionsmonitor 2017; Feldmonate in dieser Abbildung nicht angegeben,,Weltanschauliche Vielfalt und Demokratie (2019),https://www.bertelsmann-stiftung.de/fileadmin/files/BSt/Publikationen/GrauePublikationen/Religionsmonitor_Vielfalt_und_Demokratie_7_2019.pdf,"Abbildung 18, S. 61; Einordnung S. 60–62",,"Zustimmung zur Aussage: „Wahrheit gibt es nur in einer Religion.“ Abbildung 18 wurde visuell geprüft. Gewichtete gültige Fälle; Fallzahlen der einzelnen Glaubensrichtungen sind an der Abbildung nicht veröffentlicht. Die Gruppen überschneiden sich: Glaubensrichtung und Geburtsort sind verschiedene Aufschlüsselungen derselben muslimischen Stichprobe. Balken deshalb nicht addieren. Der Bericht unterscheidet Dogmatismus ausdrücklich von Fundamentalismus. Publikation 2019, Daten des Religionsmonitors 2017."
rm2017_wahrheit,Wahrheit nur in einer Religion · Religionsmonitor 2017,Deutschland,Protestanten,11,percent,Religionsmonitor 2017,Wohnbevölkerung Deutschlands ab 16 Jahren; jeweilige Untergruppe,,Religionsmonitor 2017; Feldmonate in dieser Abbildung nicht angegeben,,Weltanschauliche Vielfalt und Demokratie (2019),https://www.bertelsmann-stiftung.de/fileadmin/files/BSt/Publikationen/GrauePublikationen/Religionsmonitor_Vielfalt_und_Demokratie_7_2019.pdf,"Abbildung 18, S. 61; Einordnung S. 60–62",,"Zustimmung zur Aussage: „Wahrheit gibt es nur in einer Religion.“ Abbildung 18 wurde visuell geprüft. Gewichtete gültige Fälle; Fallzahlen der einzelnen Glaubensrichtungen sind an der Abbildung nicht veröffentlicht. Die Gruppen überschneiden sich: Glaubensrichtung und Geburtsort sind verschiedene Aufschlüsselungen derselben muslimischen Stichprobe. Balken deshalb nicht addieren. Der Bericht unterscheidet Dogmatismus ausdrücklich von Fundamentalismus. Publikation 2019, Daten des Religionsmonitors 2017."
rm2017_wahrheit,Wahrheit nur in einer Religion · Religionsmonitor 2017,Deutschland,Sunniten,32,percent,Religionsmonitor 2017,Wohnbevölkerung Deutschlands ab 16 Jahren; jeweilige Untergruppe,,Religionsmonitor 2017; Feldmonate in dieser Abbildung nicht angegeben,,Weltanschauliche Vielfalt und Demokratie (2019),https://www.bertelsmann-stiftung.de/fileadmin/files/BSt/Publikationen/GrauePublikationen/Religionsmonitor_Vielfalt_und_Demokratie_7_2019.pdf,"Abbildung 18, S. 61; Einordnung S. 60–62",,"Zustimmung zur Aussage: „Wahrheit gibt es nur in einer Religion.“ Abbildung 18 wurde visuell geprüft. Gewichtete gültige Fälle; Fallzahlen der einzelnen Glaubensrichtungen sind an der Abbildung nicht veröffentlicht. Die Gruppen überschneiden sich: Glaubensrichtung und Geburtsort sind verschiedene Aufschlüsselungen derselben muslimischen Stichprobe. Balken deshalb nicht addieren. Der Bericht unterscheidet Dogmatismus ausdrücklich von Fundamentalismus. Publikation 2019, Daten des Religionsmonitors 2017."
rm2017_wahrheit,Wahrheit nur in einer Religion · Religionsmonitor 2017,Deutschland,Schiiten,21,percent,Religionsmonitor 2017,Wohnbevölkerung Deutschlands ab 16 Jahren; jeweilige Untergruppe,,Religionsmonitor 2017; Feldmonate in dieser Abbildung nicht angegeben,,Weltanschauliche Vielfalt und Demokratie (2019),https://www.bertelsmann-stiftung.de/fileadmin/files/BSt/Publikationen/GrauePublikationen/Religionsmonitor_Vielfalt_und_Demokratie_7_2019.pdf,"Abbildung 18, S. 61; Einordnung S. 60–62",,"Zustimmung zur Aussage: „Wahrheit gibt es nur in einer Religion.“ Abbildung 18 wurde visuell geprüft. Gewichtete gültige Fälle; Fallzahlen der einzelnen Glaubensrichtungen sind an der Abbildung nicht veröffentlicht. Die Gruppen überschneiden sich: Glaubensrichtung und Geburtsort sind verschiedene Aufschlüsselungen derselben muslimischen Stichprobe. Balken deshalb nicht addieren. Der Bericht unterscheidet Dogmatismus ausdrücklich von Fundamentalismus. Publikation 2019, Daten des Religionsmonitors 2017."
rm2017_wahrheit,Wahrheit nur in einer Religion · Religionsmonitor 2017,Deutschland,Aleviten,8,percent,Religionsmonitor 2017,Wohnbevölkerung Deutschlands ab 16 Jahren; jeweilige Untergruppe,,Religionsmonitor 2017; Feldmonate in dieser Abbildung nicht angegeben,,Weltanschauliche Vielfalt und Demokratie (2019),https://www.bertelsmann-stiftung.de/fileadmin/files/BSt/Publikationen/GrauePublikationen/Religionsmonitor_Vielfalt_und_Demokratie_7_2019.pdf,"Abbildung 18, S. 61; Einordnung S. 60–62",,"Zustimmung zur Aussage: „Wahrheit gibt es nur in einer Religion.“ Abbildung 18 wurde visuell geprüft. Gewichtete gültige Fälle; Fallzahlen der einzelnen Glaubensrichtungen sind an der Abbildung nicht veröffentlicht. Die Gruppen überschneiden sich: Glaubensrichtung und Geburtsort sind verschiedene Aufschlüsselungen derselben muslimischen Stichprobe. Balken deshalb nicht addieren. Der Bericht unterscheidet Dogmatismus ausdrücklich von Fundamentalismus. Publikation 2019, Daten des Religionsmonitors 2017."
rm2017_wahrheit,Wahrheit nur in einer Religion · Religionsmonitor 2017,Deutschland,Muslime ohne Glaubensrichtung,7,percent,Religionsmonitor 2017,Wohnbevölkerung Deutschlands ab 16 Jahren; jeweilige Untergruppe,,Religionsmonitor 2017; Feldmonate in dieser Abbildung nicht angegeben,,Weltanschauliche Vielfalt und Demokratie (2019),https://www.bertelsmann-stiftung.de/fileadmin/files/BSt/Publikationen/GrauePublikationen/Religionsmonitor_Vielfalt_und_Demokratie_7_2019.pdf,"Abbildung 18, S. 61; Einordnung S. 60–62",,"Zustimmung zur Aussage: „Wahrheit gibt es nur in einer Religion.“ Abbildung 18 wurde visuell geprüft. Gewichtete gültige Fälle; Fallzahlen der einzelnen Glaubensrichtungen sind an der Abbildung nicht veröffentlicht. Die Gruppen überschneiden sich: Glaubensrichtung und Geburtsort sind verschiedene Aufschlüsselungen derselben muslimischen Stichprobe. Balken deshalb nicht addieren. Der Bericht unterscheidet Dogmatismus ausdrücklich von Fundamentalismus. Publikation 2019, Daten des Religionsmonitors 2017."
rm2017_wahrheit,Wahrheit nur in einer Religion · Religionsmonitor 2017,Deutschland,Religiös Ungebundene,3,percent,Religionsmonitor 2017,Wohnbevölkerung Deutschlands ab 16 Jahren; jeweilige Untergruppe,,Religionsmonitor 2017; Feldmonate in dieser Abbildung nicht angegeben,,Weltanschauliche Vielfalt und Demokratie (2019),https://www.bertelsmann-stiftung.de/fileadmin/files/BSt/Publikationen/GrauePublikationen/Religionsmonitor_Vielfalt_und_Demokratie_7_2019.pdf,"Abbildung 18, S. 61; Einordnung S. 60–62",,"Zustimmung zur Aussage: „Wahrheit gibt es nur in einer Religion.“ Abbildung 18 wurde visuell geprüft. Gewichtete gültige Fälle; Fallzahlen der einzelnen Glaubensrichtungen sind an der Abbildung nicht veröffentlicht. Die Gruppen überschneiden sich: Glaubensrichtung und Geburtsort sind verschiedene Aufschlüsselungen derselben muslimischen Stichprobe. Balken deshalb nicht addieren. Der Bericht unterscheidet Dogmatismus ausdrücklich von Fundamentalismus. Publikation 2019, Daten des Religionsmonitors 2017."
rm2017_wahrheit,Wahrheit nur in einer Religion · Religionsmonitor 2017,Deutschland,"Muslime, zugezogen",25,percent,Religionsmonitor 2017,Wohnbevölkerung Deutschlands ab 16 Jahren; jeweilige Untergruppe,,Religionsmonitor 2017; Feldmonate in dieser Abbildung nicht angegeben,,Weltanschauliche Vielfalt und Demokratie (2019),https://www.bertelsmann-stiftung.de/fileadmin/files/BSt/Publikationen/GrauePublikationen/Religionsmonitor_Vielfalt_und_Demokratie_7_2019.pdf,"Abbildung 18, S. 61; Einordnung S. 60–62",,"Zustimmung zur Aussage: „Wahrheit gibt es nur in einer Religion.“ Abbildung 18 wurde visuell geprüft. Gewichtete gültige Fälle; Fallzahlen der einzelnen Glaubensrichtungen sind an der Abbildung nicht veröffentlicht. Die Gruppen überschneiden sich: Glaubensrichtung und Geburtsort sind verschiedene Aufschlüsselungen derselben muslimischen Stichprobe. Balken deshalb nicht addieren. Der Bericht unterscheidet Dogmatismus ausdrücklich von Fundamentalismus. Publikation 2019, Daten des Religionsmonitors 2017."
rm2017_wahrheit,Wahrheit nur in einer Religion · Religionsmonitor 2017,Deutschland,"Muslime, in Deutschland geboren",29,percent,Religionsmonitor 2017,Wohnbevölkerung Deutschlands ab 16 Jahren; jeweilige Untergruppe,,Religionsmonitor 2017; Feldmonate in dieser Abbildung nicht angegeben,,Weltanschauliche Vielfalt und Demokratie (2019),https://www.bertelsmann-stiftung.de/fileadmin/files/BSt/Publikationen/GrauePublikationen/Religionsmonitor_Vielfalt_und_Demokratie_7_2019.pdf,"Abbildung 18, S. 61; Einordnung S. 60–62",,"Zustimmung zur Aussage: „Wahrheit gibt es nur in einer Religion.“ Abbildung 18 wurde visuell geprüft. Gewichtete gültige Fälle; Fallzahlen der einzelnen Glaubensrichtungen sind an der Abbildung nicht veröffentlicht. Die Gruppen überschneiden sich: Glaubensrichtung und Geburtsort sind verschiedene Aufschlüsselungen derselben muslimischen Stichprobe. Balken deshalb nicht addieren. Der Bericht unterscheidet Dogmatismus ausdrücklich von Fundamentalismus. Publikation 2019, Daten des Religionsmonitors 2017."
rm2017_regeln,Nur eine Interpretation religiöser Regeln · Religionsmonitor 2017,Deutschland,Katholiken,24,percent,Religionsmonitor 2017,Wohnbevölkerung Deutschlands ab 16 Jahren; jeweilige Untergruppe,,Religionsmonitor 2017; Feldmonate in dieser Abbildung nicht angegeben,,Weltanschauliche Vielfalt und Demokratie (2019),https://www.bertelsmann-stiftung.de/fileadmin/files/BSt/Publikationen/GrauePublikationen/Religionsmonitor_Vielfalt_und_Demokratie_7_2019.pdf,"Abbildung 18, S. 61; Einordnung S. 60–62",,"Zustimmung zur Aussage: „Es gibt nur eine Interpretation religiöser Regeln und jede religiöse Person muss sich daran halten.“ Abbildung 18 wurde visuell geprüft. Gewichtete gültige Fälle; Fallzahlen der einzelnen Glaubensrichtungen sind an der Abbildung nicht veröffentlicht. Die Gruppen überschneiden sich: Glaubensrichtung und Geburtsort sind verschiedene Aufschlüsselungen derselben muslimischen Stichprobe. Balken deshalb nicht addieren. Der Bericht unterscheidet Dogmatismus ausdrücklich von Fundamentalismus. Publikation 2019, Daten des Religionsmonitors 2017."
rm2017_regeln,Nur eine Interpretation religiöser Regeln · Religionsmonitor 2017,Deutschland,Protestanten,19,percent,Religionsmonitor 2017,Wohnbevölkerung Deutschlands ab 16 Jahren; jeweilige Untergruppe,,Religionsmonitor 2017; Feldmonate in dieser Abbildung nicht angegeben,,Weltanschauliche Vielfalt und Demokratie (2019),https://www.bertelsmann-stiftung.de/fileadmin/files/BSt/Publikationen/GrauePublikationen/Religionsmonitor_Vielfalt_und_Demokratie_7_2019.pdf,"Abbildung 18, S. 61; Einordnung S. 60–62",,"Zustimmung zur Aussage: „Es gibt nur eine Interpretation religiöser Regeln und jede religiöse Person muss sich daran halten.“ Abbildung 18 wurde visuell geprüft. Gewichtete gültige Fälle; Fallzahlen der einzelnen Glaubensrichtungen sind an der Abbildung nicht veröffentlicht. Die Gruppen überschneiden sich: Glaubensrichtung und Geburtsort sind verschiedene Aufschlüsselungen derselben muslimischen Stichprobe. Balken deshalb nicht addieren. Der Bericht unterscheidet Dogmatismus ausdrücklich von Fundamentalismus. Publikation 2019, Daten des Religionsmonitors 2017."
rm2017_regeln,Nur eine Interpretation religiöser Regeln · Religionsmonitor 2017,Deutschland,Sunniten,40,percent,Religionsmonitor 2017,Wohnbevölkerung Deutschlands ab 16 Jahren; jeweilige Untergruppe,,Religionsmonitor 2017; Feldmonate in dieser Abbildung nicht angegeben,,Weltanschauliche Vielfalt und Demokratie (2019),https://www.bertelsmann-stiftung.de/fileadmin/files/BSt/Publikationen/GrauePublikationen/Religionsmonitor_Vielfalt_und_Demokratie_7_2019.pdf,"Abbildung 18, S. 61; Einordnung S. 60–62",,"Zustimmung zur Aussage: „Es gibt nur eine Interpretation religiöser Regeln und jede religiöse Person muss sich daran halten.“ Abbildung 18 wurde visuell geprüft. Gewichtete gültige Fälle; Fallzahlen der einzelnen Glaubensrichtungen sind an der Abbildung nicht veröffentlicht. Die Gruppen überschneiden sich: Glaubensrichtung und Geburtsort sind verschiedene Aufschlüsselungen derselben muslimischen Stichprobe. Balken deshalb nicht addieren. Der Bericht unterscheidet Dogmatismus ausdrücklich von Fundamentalismus. Publikation 2019, Daten des Religionsmonitors 2017."
rm2017_regeln,Nur eine Interpretation religiöser Regeln · Religionsmonitor 2017,Deutschland,Schiiten,20,percent,Religionsmonitor 2017,Wohnbevölkerung Deutschlands ab 16 Jahren; jeweilige Untergruppe,,Religionsmonitor 2017; Feldmonate in dieser Abbildung nicht angegeben,,Weltanschauliche Vielfalt und Demokratie (2019),https://www.bertelsmann-stiftung.de/fileadmin/files/BSt/Publikationen/GrauePublikationen/Religionsmonitor_Vielfalt_und_Demokratie_7_2019.pdf,"Abbildung 18, S. 61; Einordnung S. 60–62",,"Zustimmung zur Aussage: „Es gibt nur eine Interpretation religiöser Regeln und jede religiöse Person muss sich daran halten.“ Abbildung 18 wurde visuell geprüft. Gewichtete gültige Fälle; Fallzahlen der einzelnen Glaubensrichtungen sind an der Abbildung nicht veröffentlicht. Die Gruppen überschneiden sich: Glaubensrichtung und Geburtsort sind verschiedene Aufschlüsselungen derselben muslimischen Stichprobe. Balken deshalb nicht addieren. Der Bericht unterscheidet Dogmatismus ausdrücklich von Fundamentalismus. Publikation 2019, Daten des Religionsmonitors 2017."
rm2017_regeln,Nur eine Interpretation religiöser Regeln · Religionsmonitor 2017,Deutschland,Aleviten,18,percent,Religionsmonitor 2017,Wohnbevölkerung Deutschlands ab 16 Jahren; jeweilige Untergruppe,,Religionsmonitor 2017; Feldmonate in dieser Abbildung nicht angegeben,,Weltanschauliche Vielfalt und Demokratie (2019),https://www.bertelsmann-stiftung.de/fileadmin/files/BSt/Publikationen/GrauePublikationen/Religionsmonitor_Vielfalt_und_Demokratie_7_2019.pdf,"Abbildung 18, S. 61; Einordnung S. 60–62",,"Zustimmung zur Aussage: „Es gibt nur eine Interpretation religiöser Regeln und jede religiöse Person muss sich daran halten.“ Abbildung 18 wurde visuell geprüft. Gewichtete gültige Fälle; Fallzahlen der einzelnen Glaubensrichtungen sind an der Abbildung nicht veröffentlicht. Die Gruppen überschneiden sich: Glaubensrichtung und Geburtsort sind verschiedene Aufschlüsselungen derselben muslimischen Stichprobe. Balken deshalb nicht addieren. Der Bericht unterscheidet Dogmatismus ausdrücklich von Fundamentalismus. Publikation 2019, Daten des Religionsmonitors 2017."
rm2017_regeln,Nur eine Interpretation religiöser Regeln · Religionsmonitor 2017,Deutschland,Muslime ohne Glaubensrichtung,31,percent,Religionsmonitor 2017,Wohnbevölkerung Deutschlands ab 16 Jahren; jeweilige Untergruppe,,Religionsmonitor 2017; Feldmonate in dieser Abbildung nicht angegeben,,Weltanschauliche Vielfalt und Demokratie (2019),https://www.bertelsmann-stiftung.de/fileadmin/files/BSt/Publikationen/GrauePublikationen/Religionsmonitor_Vielfalt_und_Demokratie_7_2019.pdf,"Abbildung 18, S. 61; Einordnung S. 60–62",,"Zustimmung zur Aussage: „Es gibt nur eine Interpretation religiöser Regeln und jede religiöse Person muss sich daran halten.“ Abbildung 18 wurde visuell geprüft. Gewichtete gültige Fälle; Fallzahlen der einzelnen Glaubensrichtungen sind an der Abbildung nicht veröffentlicht. Die Gruppen überschneiden sich: Glaubensrichtung und Geburtsort sind verschiedene Aufschlüsselungen derselben muslimischen Stichprobe. Balken deshalb nicht addieren. Der Bericht unterscheidet Dogmatismus ausdrücklich von Fundamentalismus. Publikation 2019, Daten des Religionsmonitors 2017."
rm2017_regeln,Nur eine Interpretation religiöser Regeln · Religionsmonitor 2017,Deutschland,Religiös Ungebundene,16,percent,Religionsmonitor 2017,Wohnbevölkerung Deutschlands ab 16 Jahren; jeweilige Untergruppe,,Religionsmonitor 2017; Feldmonate in dieser Abbildung nicht angegeben,,Weltanschauliche Vielfalt und Demokratie (2019),https://www.bertelsmann-stiftung.de/fileadmin/files/BSt/Publikationen/GrauePublikationen/Religionsmonitor_Vielfalt_und_Demokratie_7_2019.pdf,"Abbildung 18, S. 61; Einordnung S. 60–62",,"Zustimmung zur Aussage: „Es gibt nur eine Interpretation religiöser Regeln und jede religiöse Person muss sich daran halten.“ Abbildung 18 wurde visuell geprüft. Gewichtete gültige Fälle; Fallzahlen der einzelnen Glaubensrichtungen sind an der Abbildung nicht veröffentlicht. Die Gruppen überschneiden sich: Glaubensrichtung und Geburtsort sind verschiedene Aufschlüsselungen derselben muslimischen Stichprobe. Balken deshalb nicht addieren. Der Bericht unterscheidet Dogmatismus ausdrücklich von Fundamentalismus. Publikation 2019, Daten des Religionsmonitors 2017."
rm2017_regeln,Nur eine Interpretation religiöser Regeln · Religionsmonitor 2017,Deutschland,"Muslime, zugezogen",33,percent,Religionsmonitor 2017,Wohnbevölkerung Deutschlands ab 16 Jahren; jeweilige Untergruppe,,Religionsmonitor 2017; Feldmonate in dieser Abbildung nicht angegeben,,Weltanschauliche Vielfalt und Demokratie (2019),https://www.bertelsmann-stiftung.de/fileadmin/files/BSt/Publikationen/GrauePublikationen/Religionsmonitor_Vielfalt_und_Demokratie_7_2019.pdf,"Abbildung 18, S. 61; Einordnung S. 60–62",,"Zustimmung zur Aussage: „Es gibt nur eine Interpretation religiöser Regeln und jede religiöse Person muss sich daran halten.“ Abbildung 18 wurde visuell geprüft. Gewichtete gültige Fälle; Fallzahlen der einzelnen Glaubensrichtungen sind an der Abbildung nicht veröffentlicht. Die Gruppen überschneiden sich: Glaubensrichtung und Geburtsort sind verschiedene Aufschlüsselungen derselben muslimischen Stichprobe. Balken deshalb nicht addieren. Der Bericht unterscheidet Dogmatismus ausdrücklich von Fundamentalismus. Publikation 2019, Daten des Religionsmonitors 2017."
rm2017_regeln,Nur eine Interpretation religiöser Regeln · Religionsmonitor 2017,Deutschland,"Muslime, in Deutschland geboren",40,percent,Religionsmonitor 2017,Wohnbevölkerung Deutschlands ab 16 Jahren; jeweilige Untergruppe,,Religionsmonitor 2017; Feldmonate in dieser Abbildung nicht angegeben,,Weltanschauliche Vielfalt und Demokratie (2019),https://www.bertelsmann-stiftung.de/fileadmin/files/BSt/Publikationen/GrauePublikationen/Religionsmonitor_Vielfalt_und_Demokratie_7_2019.pdf,"Abbildung 18, S. 61; Einordnung S. 60–62",,"Zustimmung zur Aussage: „Es gibt nur eine Interpretation religiöser Regeln und jede religiöse Person muss sich daran halten.“ Abbildung 18 wurde visuell geprüft. Gewichtete gültige Fälle; Fallzahlen der einzelnen Glaubensrichtungen sind an der Abbildung nicht veröffentlicht. Die Gruppen überschneiden sich: Glaubensrichtung und Geburtsort sind verschiedene Aufschlüsselungen derselben muslimischen Stichprobe. Balken deshalb nicht addieren. Der Bericht unterscheidet Dogmatismus ausdrücklich von Fundamentalismus. Publikation 2019, Daten des Religionsmonitors 2017."
rm2017_offenheit,Jede Religion hat einen wahren Kern · Religionsmonitor 2017,Deutschland,Katholiken,81,percent,Religionsmonitor 2017,Wohnbevölkerung Deutschlands ab 16 Jahren; jeweilige Untergruppe,,Religionsmonitor 2017; Feldmonate in dieser Abbildung nicht angegeben,,Weltanschauliche Vielfalt und Demokratie (2019),https://www.bertelsmann-stiftung.de/fileadmin/files/BSt/Publikationen/GrauePublikationen/Religionsmonitor_Vielfalt_und_Demokratie_7_2019.pdf,"Abbildung 18, S. 61; Einordnung S. 60–62",,"Zustimmung zur Aussage: „Für mich hat jede Religion einen wahren Kern.“ Abbildung 18 wurde visuell geprüft. Gewichtete gültige Fälle; Fallzahlen der einzelnen Glaubensrichtungen sind an der Abbildung nicht veröffentlicht. Die Gruppen überschneiden sich: Glaubensrichtung und Geburtsort sind verschiedene Aufschlüsselungen derselben muslimischen Stichprobe. Balken deshalb nicht addieren. Der Bericht unterscheidet Dogmatismus ausdrücklich von Fundamentalismus. Publikation 2019, Daten des Religionsmonitors 2017."
rm2017_offenheit,Jede Religion hat einen wahren Kern · Religionsmonitor 2017,Deutschland,Protestanten,79,percent,Religionsmonitor 2017,Wohnbevölkerung Deutschlands ab 16 Jahren; jeweilige Untergruppe,,Religionsmonitor 2017; Feldmonate in dieser Abbildung nicht angegeben,,Weltanschauliche Vielfalt und Demokratie (2019),https://www.bertelsmann-stiftung.de/fileadmin/files/BSt/Publikationen/GrauePublikationen/Religionsmonitor_Vielfalt_und_Demokratie_7_2019.pdf,"Abbildung 18, S. 61; Einordnung S. 60–62",,"Zustimmung zur Aussage: „Für mich hat jede Religion einen wahren Kern.“ Abbildung 18 wurde visuell geprüft. Gewichtete gültige Fälle; Fallzahlen der einzelnen Glaubensrichtungen sind an der Abbildung nicht veröffentlicht. Die Gruppen überschneiden sich: Glaubensrichtung und Geburtsort sind verschiedene Aufschlüsselungen derselben muslimischen Stichprobe. Balken deshalb nicht addieren. Der Bericht unterscheidet Dogmatismus ausdrücklich von Fundamentalismus. Publikation 2019, Daten des Religionsmonitors 2017."
rm2017_offenheit,Jede Religion hat einen wahren Kern · Religionsmonitor 2017,Deutschland,Sunniten,85,percent,Religionsmonitor 2017,Wohnbevölkerung Deutschlands ab 16 Jahren; jeweilige Untergruppe,,Religionsmonitor 2017; Feldmonate in dieser Abbildung nicht angegeben,,Weltanschauliche Vielfalt und Demokratie (2019),https://www.bertelsmann-stiftung.de/fileadmin/files/BSt/Publikationen/GrauePublikationen/Religionsmonitor_Vielfalt_und_Demokratie_7_2019.pdf,"Abbildung 18, S. 61; Einordnung S. 60–62",,"Zustimmung zur Aussage: „Für mich hat jede Religion einen wahren Kern.“ Abbildung 18 wurde visuell geprüft. Gewichtete gültige Fälle; Fallzahlen der einzelnen Glaubensrichtungen sind an der Abbildung nicht veröffentlicht. Die Gruppen überschneiden sich: Glaubensrichtung und Geburtsort sind verschiedene Aufschlüsselungen derselben muslimischen Stichprobe. Balken deshalb nicht addieren. Der Bericht unterscheidet Dogmatismus ausdrücklich von Fundamentalismus. Publikation 2019, Daten des Religionsmonitors 2017."
rm2017_offenheit,Jede Religion hat einen wahren Kern · Religionsmonitor 2017,Deutschland,Schiiten,79,percent,Religionsmonitor 2017,Wohnbevölkerung Deutschlands ab 16 Jahren; jeweilige Untergruppe,,Religionsmonitor 2017; Feldmonate in dieser Abbildung nicht angegeben,,Weltanschauliche Vielfalt und Demokratie (2019),https://www.bertelsmann-stiftung.de/fileadmin/files/BSt/Publikationen/GrauePublikationen/Religionsmonitor_Vielfalt_und_Demokratie_7_2019.pdf,"Abbildung 18, S. 61; Einordnung S. 60–62",,"Zustimmung zur Aussage: „Für mich hat jede Religion einen wahren Kern.“ Abbildung 18 wurde visuell geprüft. Gewichtete gültige Fälle; Fallzahlen der einzelnen Glaubensrichtungen sind an der Abbildung nicht veröffentlicht. Die Gruppen überschneiden sich: Glaubensrichtung und Geburtsort sind verschiedene Aufschlüsselungen derselben muslimischen Stichprobe. Balken deshalb nicht addieren. Der Bericht unterscheidet Dogmatismus ausdrücklich von Fundamentalismus. Publikation 2019, Daten des Religionsmonitors 2017."
rm2017_offenheit,Jede Religion hat einen wahren Kern · Religionsmonitor 2017,Deutschland,Aleviten,74,percent,Religionsmonitor 2017,Wohnbevölkerung Deutschlands ab 16 Jahren; jeweilige Untergruppe,,Religionsmonitor 2017; Feldmonate in dieser Abbildung nicht angegeben,,Weltanschauliche Vielfalt und Demokratie (2019),https://www.bertelsmann-stiftung.de/fileadmin/files/BSt/Publikationen/GrauePublikationen/Religionsmonitor_Vielfalt_und_Demokratie_7_2019.pdf,"Abbildung 18, S. 61; Einordnung S. 60–62",,"Zustimmung zur Aussage: „Für mich hat jede Religion einen wahren Kern.“ Abbildung 18 wurde visuell geprüft. Gewichtete gültige Fälle; Fallzahlen der einzelnen Glaubensrichtungen sind an der Abbildung nicht veröffentlicht. Die Gruppen überschneiden sich: Glaubensrichtung und Geburtsort sind verschiedene Aufschlüsselungen derselben muslimischen Stichprobe. Balken deshalb nicht addieren. Der Bericht unterscheidet Dogmatismus ausdrücklich von Fundamentalismus. Publikation 2019, Daten des Religionsmonitors 2017."
rm2017_offenheit,Jede Religion hat einen wahren Kern · Religionsmonitor 2017,Deutschland,Muslime ohne Glaubensrichtung,77,percent,Religionsmonitor 2017,Wohnbevölkerung Deutschlands ab 16 Jahren; jeweilige Untergruppe,,Religionsmonitor 2017; Feldmonate in dieser Abbildung nicht angegeben,,Weltanschauliche Vielfalt und Demokratie (2019),https://www.bertelsmann-stiftung.de/fileadmin/files/BSt/Publikationen/GrauePublikationen/Religionsmonitor_Vielfalt_und_Demokratie_7_2019.pdf,"Abbildung 18, S. 61; Einordnung S. 60–62",,"Zustimmung zur Aussage: „Für mich hat jede Religion einen wahren Kern.“ Abbildung 18 wurde visuell geprüft. Gewichtete gültige Fälle; Fallzahlen der einzelnen Glaubensrichtungen sind an der Abbildung nicht veröffentlicht. Die Gruppen überschneiden sich: Glaubensrichtung und Geburtsort sind verschiedene Aufschlüsselungen derselben muslimischen Stichprobe. Balken deshalb nicht addieren. Der Bericht unterscheidet Dogmatismus ausdrücklich von Fundamentalismus. Publikation 2019, Daten des Religionsmonitors 2017."
rm2017_offenheit,Jede Religion hat einen wahren Kern · Religionsmonitor 2017,Deutschland,Religiös Ungebundene,49,percent,Religionsmonitor 2017,Wohnbevölkerung Deutschlands ab 16 Jahren; jeweilige Untergruppe,,Religionsmonitor 2017; Feldmonate in dieser Abbildung nicht angegeben,,Weltanschauliche Vielfalt und Demokratie (2019),https://www.bertelsmann-stiftung.de/fileadmin/files/BSt/Publikationen/GrauePublikationen/Religionsmonitor_Vielfalt_und_Demokratie_7_2019.pdf,"Abbildung 18, S. 61; Einordnung S. 60–62",,"Zustimmung zur Aussage: „Für mich hat jede Religion einen wahren Kern.“ Abbildung 18 wurde visuell geprüft. Gewichtete gültige Fälle; Fallzahlen der einzelnen Glaubensrichtungen sind an der Abbildung nicht veröffentlicht. Die Gruppen überschneiden sich: Glaubensrichtung und Geburtsort sind verschiedene Aufschlüsselungen derselben muslimischen Stichprobe. Balken deshalb nicht addieren. Der Bericht unterscheidet Dogmatismus ausdrücklich von Fundamentalismus. Publikation 2019, Daten des Religionsmonitors 2017."
rm2017_offenheit,Jede Religion hat einen wahren Kern · Religionsmonitor 2017,Deutschland,"Muslime, zugezogen",82,percent,Religionsmonitor 2017,Wohnbevölkerung Deutschlands ab 16 Jahren; jeweilige Untergruppe,,Religionsmonitor 2017; Feldmonate in dieser Abbildung nicht angegeben,,Weltanschauliche Vielfalt und Demokratie (2019),https://www.bertelsmann-stiftung.de/fileadmin/files/BSt/Publikationen/GrauePublikationen/Religionsmonitor_Vielfalt_und_Demokratie_7_2019.pdf,"Abbildung 18, S. 61; Einordnung S. 60–62",,"Zustimmung zur Aussage: „Für mich hat jede Religion einen wahren Kern.“ Abbildung 18 wurde visuell geprüft. Gewichtete gültige Fälle; Fallzahlen der einzelnen Glaubensrichtungen sind an der Abbildung nicht veröffentlicht. Die Gruppen überschneiden sich: Glaubensrichtung und Geburtsort sind verschiedene Aufschlüsselungen derselben muslimischen Stichprobe. Balken deshalb nicht addieren. Der Bericht unterscheidet Dogmatismus ausdrücklich von Fundamentalismus. Publikation 2019, Daten des Religionsmonitors 2017."
rm2017_offenheit,Jede Religion hat einen wahren Kern · Religionsmonitor 2017,Deutschland,"Muslime, in Deutschland geboren",83,percent,Religionsmonitor 2017,Wohnbevölkerung Deutschlands ab 16 Jahren; jeweilige Untergruppe,,Religionsmonitor 2017; Feldmonate in dieser Abbildung nicht angegeben,,Weltanschauliche Vielfalt und Demokratie (2019),https://www.bertelsmann-stiftung.de/fileadmin/files/BSt/Publikationen/GrauePublikationen/Religionsmonitor_Vielfalt_und_Demokratie_7_2019.pdf,"Abbildung 18, S. 61; Einordnung S. 60–62",,"Zustimmung zur Aussage: „Für mich hat jede Religion einen wahren Kern.“ Abbildung 18 wurde visuell geprüft. Gewichtete gültige Fälle; Fallzahlen der einzelnen Glaubensrichtungen sind an der Abbildung nicht veröffentlicht. Die Gruppen überschneiden sich: Glaubensrichtung und Geburtsort sind verschiedene Aufschlüsselungen derselben muslimischen Stichprobe. Balken deshalb nicht addieren. Der Bericht unterscheidet Dogmatismus ausdrücklich von Fundamentalismus. Publikation 2019, Daten des Religionsmonitors 2017."
rm2023_praxis,Monatliche religiöse Praxis · Religionsmonitor 2023,Deutschland,Christentum,15,percent,Religionsmonitor 2023,Wohnbevölkerung Deutschlands ab 16 Jahren; jeweilige Untergruppe,,Juni–Juli 2022,,Zusammenleben in religiöser Vielfalt (2023),https://www.bertelsmann-stiftung.de/fileadmin/files/BSt/Publikationen/GrauePublikationen/ST_DZ_Religionsmonitor_Zusammenleben_in_religioeser_Vielfalt_2023.pdf,"Abbildung 2, S. 20",,"Erhebung Juni–Juli 2022, veröffentlicht als Religionsmonitor 2023. Analysestichprobe Deutschland: 4.363 Interviews (2.038 Melderegister, 2.325 Onlinepanel), gewichtet; muslimische Befragte wurden aufgestockt. 4.363 ist die Gesamtfallzahl, keine Fallzahl einer Religionsgruppe. Untergruppen-Fallzahlen stehen an der Abbildung nicht. Kleine Religionsgruppen sind besonders vorsichtig zu lesen; kein direkter Zeitvergleich mit 2013 wegen anderer Stichprobenzusammensetzung. Mindestens monatlicher Gottesdienstbesuch, einschließlich der entsprechenden Rituale anderer Religionen."
rm2023_praxis,Monatliche religiöse Praxis · Religionsmonitor 2023,Deutschland,Islam,27,percent,Religionsmonitor 2023,Wohnbevölkerung Deutschlands ab 16 Jahren; jeweilige Untergruppe,,Juni–Juli 2022,,Zusammenleben in religiöser Vielfalt (2023),https://www.bertelsmann-stiftung.de/fileadmin/files/BSt/Publikationen/GrauePublikationen/ST_DZ_Religionsmonitor_Zusammenleben_in_religioeser_Vielfalt_2023.pdf,"Abbildung 2, S. 20",,"Erhebung Juni–Juli 2022, veröffentlicht als Religionsmonitor 2023. Analysestichprobe Deutschland: 4.363 Interviews (2.038 Melderegister, 2.325 Onlinepanel), gewichtet; muslimische Befragte wurden aufgestockt. 4.363 ist die Gesamtfallzahl, keine Fallzahl einer Religionsgruppe. Untergruppen-Fallzahlen stehen an der Abbildung nicht. Kleine Religionsgruppen sind besonders vorsichtig zu lesen; kein direkter Zeitvergleich mit 2013 wegen anderer Stichprobenzusammensetzung. Mindestens monatlicher Gottesdienstbesuch, einschließlich der entsprechenden Rituale anderer Religionen."
rm2023_praxis,Monatliche religiöse Praxis · Religionsmonitor 2023,Deutschland,Buddhismus,38,percent,Religionsmonitor 2023,Wohnbevölkerung Deutschlands ab 16 Jahren; jeweilige Untergruppe,,Juni–Juli 2022,,Zusammenleben in religiöser Vielfalt (2023),https://www.bertelsmann-stiftung.de/fileadmin/files/BSt/Publikationen/GrauePublikationen/ST_DZ_Religionsmonitor_Zusammenleben_in_religioeser_Vielfalt_2023.pdf,"Abbildung 2, S. 20",,"Erhebung Juni–Juli 2022, veröffentlicht als Religionsmonitor 2023. Analysestichprobe Deutschland: 4.363 Interviews (2.038 Melderegister, 2.325 Onlinepanel), gewichtet; muslimische Befragte wurden aufgestockt. 4.363 ist die Gesamtfallzahl, keine Fallzahl einer Religionsgruppe. Untergruppen-Fallzahlen stehen an der Abbildung nicht. Kleine Religionsgruppen sind besonders vorsichtig zu lesen; kein direkter Zeitvergleich mit 2013 wegen anderer Stichprobenzusammensetzung. Mindestens monatlicher Gottesdienstbesuch, einschließlich der entsprechenden Rituale anderer Religionen."
rm2023_praxis,Monatliche religiöse Praxis · Religionsmonitor 2023,Deutschland,Hinduismus,44,percent,Religionsmonitor 2023,Wohnbevölkerung Deutschlands ab 16 Jahren; jeweilige Untergruppe,,Juni–Juli 2022,,Zusammenleben in religiöser Vielfalt (2023),https://www.bertelsmann-stiftung.de/fileadmin/files/BSt/Publikationen/GrauePublikationen/ST_DZ_Religionsmonitor_Zusammenleben_in_religioeser_Vielfalt_2023.pdf,"Abbildung 2, S. 20",,"Erhebung Juni–Juli 2022, veröffentlicht als Religionsmonitor 2023. Analysestichprobe Deutschland: 4.363 Interviews (2.038 Melderegister, 2.325 Onlinepanel), gewichtet; muslimische Befragte wurden aufgestockt. 4.363 ist die Gesamtfallzahl, keine Fallzahl einer Religionsgruppe. Untergruppen-Fallzahlen stehen an der Abbildung nicht. Kleine Religionsgruppen sind besonders vorsichtig zu lesen; kein direkter Zeitvergleich mit 2013 wegen anderer Stichprobenzusammensetzung. Mindestens monatlicher Gottesdienstbesuch, einschließlich der entsprechenden Rituale anderer Religionen."
rm2023_praxis,Monatliche religiöse Praxis · Religionsmonitor 2023,Deutschland,Ohne Religionszugehörigkeit,6,percent,Religionsmonitor 2023,Wohnbevölkerung Deutschlands ab 16 Jahren; jeweilige Untergruppe,,Juni–Juli 2022,,Zusammenleben in religiöser Vielfalt (2023),https://www.bertelsmann-stiftung.de/fileadmin/files/BSt/Publikationen/GrauePublikationen/ST_DZ_Religionsmonitor_Zusammenleben_in_religioeser_Vielfalt_2023.pdf,"Abbildung 2, S. 20",,"Erhebung Juni–Juli 2022, veröffentlicht als Religionsmonitor 2023. Analysestichprobe Deutschland: 4.363 Interviews (2.038 Melderegister, 2.325 Onlinepanel), gewichtet; muslimische Befragte wurden aufgestockt. 4.363 ist die Gesamtfallzahl, keine Fallzahl einer Religionsgruppe. Untergruppen-Fallzahlen stehen an der Abbildung nicht. Kleine Religionsgruppen sind besonders vorsichtig zu lesen; kein direkter Zeitvergleich mit 2013 wegen anderer Stichprobenzusammensetzung. Mindestens monatlicher Gottesdienstbesuch, einschließlich der entsprechenden Rituale anderer Religionen."
rm2023_gottesglaube,Glaube an Gott oder etwas Göttliches · Religionsmonitor 2023,Deutschland,Christentum,47,percent,Religionsmonitor 2023,Wohnbevölkerung Deutschlands ab 16 Jahren; jeweilige Untergruppe,,Juni–Juli 2022,,Zusammenleben in religiöser Vielfalt (2023),https://www.bertelsmann-stiftung.de/fileadmin/files/BSt/Publikationen/GrauePublikationen/ST_DZ_Religionsmonitor_Zusammenleben_in_religioeser_Vielfalt_2023.pdf,"Abbildung 3, S. 23",,"Erhebung Juni–Juli 2022, veröffentlicht als Religionsmonitor 2023. Analysestichprobe Deutschland: 4.363 Interviews (2.038 Melderegister, 2.325 Onlinepanel), gewichtet; muslimische Befragte wurden aufgestockt. 4.363 ist die Gesamtfallzahl, keine Fallzahl einer Religionsgruppe. Untergruppen-Fallzahlen stehen an der Abbildung nicht. Kleine Religionsgruppen sind besonders vorsichtig zu lesen; kein direkter Zeitvergleich mit 2013 wegen anderer Stichprobenzusammensetzung. Anteil mit „ziemlich/sehr“ starkem Glauben; weitere Antworten „wenig/mittel“ und „gar nicht“."
rm2023_gottesglaube,Glaube an Gott oder etwas Göttliches · Religionsmonitor 2023,Deutschland,Islam,85,percent,Religionsmonitor 2023,Wohnbevölkerung Deutschlands ab 16 Jahren; jeweilige Untergruppe,,Juni–Juli 2022,,Zusammenleben in religiöser Vielfalt (2023),https://www.bertelsmann-stiftung.de/fileadmin/files/BSt/Publikationen/GrauePublikationen/ST_DZ_Religionsmonitor_Zusammenleben_in_religioeser_Vielfalt_2023.pdf,"Abbildung 3, S. 23",,"Erhebung Juni–Juli 2022, veröffentlicht als Religionsmonitor 2023. Analysestichprobe Deutschland: 4.363 Interviews (2.038 Melderegister, 2.325 Onlinepanel), gewichtet; muslimische Befragte wurden aufgestockt. 4.363 ist die Gesamtfallzahl, keine Fallzahl einer Religionsgruppe. Untergruppen-Fallzahlen stehen an der Abbildung nicht. Kleine Religionsgruppen sind besonders vorsichtig zu lesen; kein direkter Zeitvergleich mit 2013 wegen anderer Stichprobenzusammensetzung. Anteil mit „ziemlich/sehr“ starkem Glauben; weitere Antworten „wenig/mittel“ und „gar nicht“."
rm2023_gottesglaube,Glaube an Gott oder etwas Göttliches · Religionsmonitor 2023,Deutschland,Buddhismus,38,percent,Religionsmonitor 2023,Wohnbevölkerung Deutschlands ab 16 Jahren; jeweilige Untergruppe,,Juni–Juli 2022,,Zusammenleben in religiöser Vielfalt (2023),https://www.bertelsmann-stiftung.de/fileadmin/files/BSt/Publikationen/GrauePublikationen/ST_DZ_Religionsmonitor_Zusammenleben_in_religioeser_Vielfalt_2023.pdf,"Abbildung 3, S. 23",,"Erhebung Juni–Juli 2022, veröffentlicht als Religionsmonitor 2023. Analysestichprobe Deutschland: 4.363 Interviews (2.038 Melderegister, 2.325 Onlinepanel), gewichtet; muslimische Befragte wurden aufgestockt. 4.363 ist die Gesamtfallzahl, keine Fallzahl einer Religionsgruppe. Untergruppen-Fallzahlen stehen an der Abbildung nicht. Kleine Religionsgruppen sind besonders vorsichtig zu lesen; kein direkter Zeitvergleich mit 2013 wegen anderer Stichprobenzusammensetzung. Anteil mit „ziemlich/sehr“ starkem Glauben; weitere Antworten „wenig/mittel“ und „gar nicht“."
rm2023_gottesglaube,Glaube an Gott oder etwas Göttliches · Religionsmonitor 2023,Deutschland,Hinduismus,33,percent,Religionsmonitor 2023,Wohnbevölkerung Deutschlands ab 16 Jahren; jeweilige Untergruppe,,Juni–Juli 2022,,Zusammenleben in religiöser Vielfalt (2023),https://www.bertelsmann-stiftung.de/fileadmin/files/BSt/Publikationen/GrauePublikationen/ST_DZ_Religionsmonitor_Zusammenleben_in_religioeser_Vielfalt_2023.pdf,"Abbildung 3, S. 23",,"Erhebung Juni–Juli 2022, veröffentlicht als Religionsmonitor 2023. Analysestichprobe Deutschland: 4.363 Interviews (2.038 Melderegister, 2.325 Onlinepanel), gewichtet; muslimische Befragte wurden aufgestockt. 4.363 ist die Gesamtfallzahl, keine Fallzahl einer Religionsgruppe. Untergruppen-Fallzahlen stehen an der Abbildung nicht. Kleine Religionsgruppen sind besonders vorsichtig zu lesen; kein direkter Zeitvergleich mit 2013 wegen anderer Stichprobenzusammensetzung. Anteil mit „ziemlich/sehr“ starkem Glauben; weitere Antworten „wenig/mittel“ und „gar nicht“."
rm2023_gottesglaube,Glaube an Gott oder etwas Göttliches · Religionsmonitor 2023,Deutschland,Ohne Religionszugehörigkeit,13,percent,Religionsmonitor 2023,Wohnbevölkerung Deutschlands ab 16 Jahren; jeweilige Untergruppe,,Juni–Juli 2022,,Zusammenleben in religiöser Vielfalt (2023),https://www.bertelsmann-stiftung.de/fileadmin/files/BSt/Publikationen/GrauePublikationen/ST_DZ_Religionsmonitor_Zusammenleben_in_religioeser_Vielfalt_2023.pdf,"Abbildung 3, S. 23",,"Erhebung Juni–Juli 2022, veröffentlicht als Religionsmonitor 2023. Analysestichprobe Deutschland: 4.363 Interviews (2.038 Melderegister, 2.325 Onlinepanel), gewichtet; muslimische Befragte wurden aufgestockt. 4.363 ist die Gesamtfallzahl, keine Fallzahl einer Religionsgruppe. Untergruppen-Fallzahlen stehen an der Abbildung nicht. Kleine Religionsgruppen sind besonders vorsichtig zu lesen; kein direkter Zeitvergleich mit 2013 wegen anderer Stichprobenzusammensetzung. Anteil mit „ziemlich/sehr“ starkem Glauben; weitere Antworten „wenig/mittel“ und „gar nicht“."
rm2023_religiositaet,Religiöse Selbsteinschätzung · Religionsmonitor 2023,Deutschland,Christentum,20,percent,Religionsmonitor 2023,Wohnbevölkerung Deutschlands ab 16 Jahren; jeweilige Untergruppe,,Juni–Juli 2022,,Zusammenleben in religiöser Vielfalt (2023),https://www.bertelsmann-stiftung.de/fileadmin/files/BSt/Publikationen/GrauePublikationen/ST_DZ_Religionsmonitor_Zusammenleben_in_religioeser_Vielfalt_2023.pdf,"Abbildung 3, S. 23",,"Erhebung Juni–Juli 2022, veröffentlicht als Religionsmonitor 2023. Analysestichprobe Deutschland: 4.363 Interviews (2.038 Melderegister, 2.325 Onlinepanel), gewichtet; muslimische Befragte wurden aufgestockt. 4.363 ist die Gesamtfallzahl, keine Fallzahl einer Religionsgruppe. Untergruppen-Fallzahlen stehen an der Abbildung nicht. Kleine Religionsgruppen sind besonders vorsichtig zu lesen; kein direkter Zeitvergleich mit 2013 wegen anderer Stichprobenzusammensetzung. Anteil „ziemlich/sehr“ religiös. Religiosität ist eine Selbsteinschätzung und keine Zugehörigkeitszählung."
rm2023_religiositaet,Religiöse Selbsteinschätzung · Religionsmonitor 2023,Deutschland,Islam,37,percent,Religionsmonitor 2023,Wohnbevölkerung Deutschlands ab 16 Jahren; jeweilige Untergruppe,,Juni–Juli 2022,,Zusammenleben in religiöser Vielfalt (2023),https://www.bertelsmann-stiftung.de/fileadmin/files/BSt/Publikationen/GrauePublikationen/ST_DZ_Religionsmonitor_Zusammenleben_in_religioeser_Vielfalt_2023.pdf,"Abbildung 3, S. 23",,"Erhebung Juni–Juli 2022, veröffentlicht als Religionsmonitor 2023. Analysestichprobe Deutschland: 4.363 Interviews (2.038 Melderegister, 2.325 Onlinepanel), gewichtet; muslimische Befragte wurden aufgestockt. 4.363 ist die Gesamtfallzahl, keine Fallzahl einer Religionsgruppe. Untergruppen-Fallzahlen stehen an der Abbildung nicht. Kleine Religionsgruppen sind besonders vorsichtig zu lesen; kein direkter Zeitvergleich mit 2013 wegen anderer Stichprobenzusammensetzung. Anteil „ziemlich/sehr“ religiös. Religiosität ist eine Selbsteinschätzung und keine Zugehörigkeitszählung."
rm2023_religiositaet,Religiöse Selbsteinschätzung · Religionsmonitor 2023,Deutschland,Buddhismus,21,percent,Religionsmonitor 2023,Wohnbevölkerung Deutschlands ab 16 Jahren; jeweilige Untergruppe,,Juni–Juli 2022,,Zusammenleben in religiöser Vielfalt (2023),https://www.bertelsmann-stiftung.de/fileadmin/files/BSt/Publikationen/GrauePublikationen/ST_DZ_Religionsmonitor_Zusammenleben_in_religioeser_Vielfalt_2023.pdf,"Abbildung 3, S. 23",,"Erhebung Juni–Juli 2022, veröffentlicht als Religionsmonitor 2023. Analysestichprobe Deutschland: 4.363 Interviews (2.038 Melderegister, 2.325 Onlinepanel), gewichtet; muslimische Befragte wurden aufgestockt. 4.363 ist die Gesamtfallzahl, keine Fallzahl einer Religionsgruppe. Untergruppen-Fallzahlen stehen an der Abbildung nicht. Kleine Religionsgruppen sind besonders vorsichtig zu lesen; kein direkter Zeitvergleich mit 2013 wegen anderer Stichprobenzusammensetzung. Anteil „ziemlich/sehr“ religiös. Religiosität ist eine Selbsteinschätzung und keine Zugehörigkeitszählung."
rm2023_religiositaet,Religiöse Selbsteinschätzung · Religionsmonitor 2023,Deutschland,Hinduismus,34,percent,Religionsmonitor 2023,Wohnbevölkerung Deutschlands ab 16 Jahren; jeweilige Untergruppe,,Juni–Juli 2022,,Zusammenleben in religiöser Vielfalt (2023),https://www.bertelsmann-stiftung.de/fileadmin/files/BSt/Publikationen/GrauePublikationen/ST_DZ_Religionsmonitor_Zusammenleben_in_religioeser_Vielfalt_2023.pdf,"Abbildung 3, S. 23",,"Erhebung Juni–Juli 2022, veröffentlicht als Religionsmonitor 2023. Analysestichprobe Deutschland: 4.363 Interviews (2.038 Melderegister, 2.325 Onlinepanel), gewichtet; muslimische Befragte wurden aufgestockt. 4.363 ist die Gesamtfallzahl, keine Fallzahl einer Religionsgruppe. Untergruppen-Fallzahlen stehen an der Abbildung nicht. Kleine Religionsgruppen sind besonders vorsichtig zu lesen; kein direkter Zeitvergleich mit 2013 wegen anderer Stichprobenzusammensetzung. Anteil „ziemlich/sehr“ religiös. Religiosität ist eine Selbsteinschätzung und keine Zugehörigkeitszählung."
rm2023_religiositaet,Religiöse Selbsteinschätzung · Religionsmonitor 2023,Deutschland,Ohne Religionszugehörigkeit,2,percent,Religionsmonitor 2023,Wohnbevölkerung Deutschlands ab 16 Jahren; jeweilige Untergruppe,,Juni–Juli 2022,,Zusammenleben in religiöser Vielfalt (2023),https://www.bertelsmann-stiftung.de/fileadmin/files/BSt/Publikationen/GrauePublikationen/ST_DZ_Religionsmonitor_Zusammenleben_in_religioeser_Vielfalt_2023.pdf,"Abbildung 3, S. 23",,"Erhebung Juni–Juli 2022, veröffentlicht als Religionsmonitor 2023. Analysestichprobe Deutschland: 4.363 Interviews (2.038 Melderegister, 2.325 Onlinepanel), gewichtet; muslimische Befragte wurden aufgestockt. 4.363 ist die Gesamtfallzahl, keine Fallzahl einer Religionsgruppe. Untergruppen-Fallzahlen stehen an der Abbildung nicht. Kleine Religionsgruppen sind besonders vorsichtig zu lesen; kein direkter Zeitvergleich mit 2013 wegen anderer Stichprobenzusammensetzung. Anteil „ziemlich/sehr“ religiös. Religiosität ist eine Selbsteinschätzung und keine Zugehörigkeitszählung."
rm2023_spiritualitaet,Spirituelle Selbsteinschätzung · Religionsmonitor 2023,Deutschland,Christentum,14,percent,Religionsmonitor 2023,Wohnbevölkerung Deutschlands ab 16 Jahren; jeweilige Untergruppe,,Juni–Juli 2022,,Zusammenleben in religiöser Vielfalt (2023),https://www.bertelsmann-stiftung.de/fileadmin/files/BSt/Publikationen/GrauePublikationen/ST_DZ_Religionsmonitor_Zusammenleben_in_religioeser_Vielfalt_2023.pdf,"Abbildung 3, S. 23",,"Erhebung Juni–Juli 2022, veröffentlicht als Religionsmonitor 2023. Analysestichprobe Deutschland: 4.363 Interviews (2.038 Melderegister, 2.325 Onlinepanel), gewichtet; muslimische Befragte wurden aufgestockt. 4.363 ist die Gesamtfallzahl, keine Fallzahl einer Religionsgruppe. Untergruppen-Fallzahlen stehen an der Abbildung nicht. Kleine Religionsgruppen sind besonders vorsichtig zu lesen; kein direkter Zeitvergleich mit 2013 wegen anderer Stichprobenzusammensetzung. Anteil „ziemlich/sehr“ spirituell. Spiritualität und Religiosität sind getrennt erfragt."
rm2023_spiritualitaet,Spirituelle Selbsteinschätzung · Religionsmonitor 2023,Deutschland,Islam,27,percent,Religionsmonitor 2023,Wohnbevölkerung Deutschlands ab 16 Jahren; jeweilige Untergruppe,,Juni–Juli 2022,,Zusammenleben in religiöser Vielfalt (2023),https://www.bertelsmann-stiftung.de/fileadmin/files/BSt/Publikationen/GrauePublikationen/ST_DZ_Religionsmonitor_Zusammenleben_in_religioeser_Vielfalt_2023.pdf,"Abbildung 3, S. 23",,"Erhebung Juni–Juli 2022, veröffentlicht als Religionsmonitor 2023. Analysestichprobe Deutschland: 4.363 Interviews (2.038 Melderegister, 2.325 Onlinepanel), gewichtet; muslimische Befragte wurden aufgestockt. 4.363 ist die Gesamtfallzahl, keine Fallzahl einer Religionsgruppe. Untergruppen-Fallzahlen stehen an der Abbildung nicht. Kleine Religionsgruppen sind besonders vorsichtig zu lesen; kein direkter Zeitvergleich mit 2013 wegen anderer Stichprobenzusammensetzung. Anteil „ziemlich/sehr“ spirituell. Spiritualität und Religiosität sind getrennt erfragt."
rm2023_spiritualitaet,Spirituelle Selbsteinschätzung · Religionsmonitor 2023,Deutschland,Buddhismus,41,percent,Religionsmonitor 2023,Wohnbevölkerung Deutschlands ab 16 Jahren; jeweilige Untergruppe,,Juni–Juli 2022,,Zusammenleben in religiöser Vielfalt (2023),https://www.bertelsmann-stiftung.de/fileadmin/files/BSt/Publikationen/GrauePublikationen/ST_DZ_Religionsmonitor_Zusammenleben_in_religioeser_Vielfalt_2023.pdf,"Abbildung 3, S. 23",,"Erhebung Juni–Juli 2022, veröffentlicht als Religionsmonitor 2023. Analysestichprobe Deutschland: 4.363 Interviews (2.038 Melderegister, 2.325 Onlinepanel), gewichtet; muslimische Befragte wurden aufgestockt. 4.363 ist die Gesamtfallzahl, keine Fallzahl einer Religionsgruppe. Untergruppen-Fallzahlen stehen an der Abbildung nicht. Kleine Religionsgruppen sind besonders vorsichtig zu lesen; kein direkter Zeitvergleich mit 2013 wegen anderer Stichprobenzusammensetzung. Anteil „ziemlich/sehr“ spirituell. Spiritualität und Religiosität sind getrennt erfragt."
rm2023_spiritualitaet,Spirituelle Selbsteinschätzung · Religionsmonitor 2023,Deutschland,Hinduismus,9,percent,Religionsmonitor 2023,Wohnbevölkerung Deutschlands ab 16 Jahren; jeweilige Untergruppe,,Juni–Juli 2022,,Zusammenleben in religiöser Vielfalt (2023),https://www.bertelsmann-stiftung.de/fileadmin/files/BSt/Publikationen/GrauePublikationen/ST_DZ_Religionsmonitor_Zusammenleben_in_religioeser_Vielfalt_2023.pdf,"Abbildung 3, S. 23",,"Erhebung Juni–Juli 2022, veröffentlicht als Religionsmonitor 2023. Analysestichprobe Deutschland: 4.363 Interviews (2.038 Melderegister, 2.325 Onlinepanel), gewichtet; muslimische Befragte wurden aufgestockt. 4.363 ist die Gesamtfallzahl, keine Fallzahl einer Religionsgruppe. Untergruppen-Fallzahlen stehen an der Abbildung nicht. Kleine Religionsgruppen sind besonders vorsichtig zu lesen; kein direkter Zeitvergleich mit 2013 wegen anderer Stichprobenzusammensetzung. Anteil „ziemlich/sehr“ spirituell. Spiritualität und Religiosität sind getrennt erfragt."
rm2023_spiritualitaet,Spirituelle Selbsteinschätzung · Religionsmonitor 2023,Deutschland,Ohne Religionszugehörigkeit,7,percent,Religionsmonitor 2023,Wohnbevölkerung Deutschlands ab 16 Jahren; jeweilige Untergruppe,,Juni–Juli 2022,,Zusammenleben in religiöser Vielfalt (2023),https://www.bertelsmann-stiftung.de/fileadmin/files/BSt/Publikationen/GrauePublikationen/ST_DZ_Religionsmonitor_Zusammenleben_in_religioeser_Vielfalt_2023.pdf,"Abbildung 3, S. 23",,"Erhebung Juni–Juli 2022, veröffentlicht als Religionsmonitor 2023. Analysestichprobe Deutschland: 4.363 Interviews (2.038 Melderegister, 2.325 Onlinepanel), gewichtet; muslimische Befragte wurden aufgestockt. 4.363 ist die Gesamtfallzahl, keine Fallzahl einer Religionsgruppe. Untergruppen-Fallzahlen stehen an der Abbildung nicht. Kleine Religionsgruppen sind besonders vorsichtig zu lesen; kein direkter Zeitvergleich mit 2013 wegen anderer Stichprobenzusammensetzung. Anteil „ziemlich/sehr“ spirituell. Spiritualität und Religiosität sind getrennt erfragt."
rm2023_bedrohung,Religiöse Vielfalt als Bedrohung · Religionsmonitor 2023,Deutschland,Christentum,34,percent,Religionsmonitor 2023,Wohnbevölkerung Deutschlands ab 16 Jahren; jeweilige Untergruppe,,Juni–Juli 2022,,Zusammenleben in religiöser Vielfalt (2023),https://www.bertelsmann-stiftung.de/fileadmin/files/BSt/Publikationen/GrauePublikationen/ST_DZ_Religionsmonitor_Zusammenleben_in_religioeser_Vielfalt_2023.pdf,"Abbildung 11, S. 54",,"Erhebung Juni–Juli 2022, veröffentlicht als Religionsmonitor 2023. Analysestichprobe Deutschland: 4.363 Interviews (2.038 Melderegister, 2.325 Onlinepanel), gewichtet; muslimische Befragte wurden aufgestockt. 4.363 ist die Gesamtfallzahl, keine Fallzahl einer Religionsgruppe. Untergruppen-Fallzahlen stehen an der Abbildung nicht. Kleine Religionsgruppen sind besonders vorsichtig zu lesen; kein direkter Zeitvergleich mit 2013 wegen anderer Stichprobenzusammensetzung. Anteil, der zunehmende Vielfalt religiöser Gruppen als Bedrohung wahrnimmt; alle Befragten: 34 Prozent."
rm2023_bedrohung,Religiöse Vielfalt als Bedrohung · Religionsmonitor 2023,Deutschland,Islam,20,percent,Religionsmonitor 2023,Wohnbevölkerung Deutschlands ab 16 Jahren; jeweilige Untergruppe,,Juni–Juli 2022,,Zusammenleben in religiöser Vielfalt (2023),https://www.bertelsmann-stiftung.de/fileadmin/files/BSt/Publikationen/GrauePublikationen/ST_DZ_Religionsmonitor_Zusammenleben_in_religioeser_Vielfalt_2023.pdf,"Abbildung 11, S. 54",,"Erhebung Juni–Juli 2022, veröffentlicht als Religionsmonitor 2023. Analysestichprobe Deutschland: 4.363 Interviews (2.038 Melderegister, 2.325 Onlinepanel), gewichtet; muslimische Befragte wurden aufgestockt. 4.363 ist die Gesamtfallzahl, keine Fallzahl einer Religionsgruppe. Untergruppen-Fallzahlen stehen an der Abbildung nicht. Kleine Religionsgruppen sind besonders vorsichtig zu lesen; kein direkter Zeitvergleich mit 2013 wegen anderer Stichprobenzusammensetzung. Anteil, der zunehmende Vielfalt religiöser Gruppen als Bedrohung wahrnimmt; alle Befragten: 34 Prozent."
rm2023_bedrohung,Religiöse Vielfalt als Bedrohung · Religionsmonitor 2023,Deutschland,Buddhismus,33,percent,Religionsmonitor 2023,Wohnbevölkerung Deutschlands ab 16 Jahren; jeweilige Untergruppe,,Juni–Juli 2022,,Zusammenleben in religiöser Vielfalt (2023),https://www.bertelsmann-stiftung.de/fileadmin/files/BSt/Publikationen/GrauePublikationen/ST_DZ_Religionsmonitor_Zusammenleben_in_religioeser_Vielfalt_2023.pdf,"Abbildung 11, S. 54",,"Erhebung Juni–Juli 2022, veröffentlicht als Religionsmonitor 2023. Analysestichprobe Deutschland: 4.363 Interviews (2.038 Melderegister, 2.325 Onlinepanel), gewichtet; muslimische Befragte wurden aufgestockt. 4.363 ist die Gesamtfallzahl, keine Fallzahl einer Religionsgruppe. Untergruppen-Fallzahlen stehen an der Abbildung nicht. Kleine Religionsgruppen sind besonders vorsichtig zu lesen; kein direkter Zeitvergleich mit 2013 wegen anderer Stichprobenzusammensetzung. Anteil, der zunehmende Vielfalt religiöser Gruppen als Bedrohung wahrnimmt; alle Befragten: 34 Prozent."
rm2023_bedrohung,Religiöse Vielfalt als Bedrohung · Religionsmonitor 2023,Deutschland,Hinduismus,61,percent,Religionsmonitor 2023,Wohnbevölkerung Deutschlands ab 16 Jahren; jeweilige Untergruppe,,Juni–Juli 2022,,Zusammenleben in religiöser Vielfalt (2023),https://www.bertelsmann-stiftung.de/fileadmin/files/BSt/Publikationen/GrauePublikationen/ST_DZ_Religionsmonitor_Zusammenleben_in_religioeser_Vielfalt_2023.pdf,"Abbildung 11, S. 54",,"Erhebung Juni–Juli 2022, veröffentlicht als Religionsmonitor 2023. Analysestichprobe Deutschland: 4.363 Interviews (2.038 Melderegister, 2.325 Onlinepanel), gewichtet; muslimische Befragte wurden aufgestockt. 4.363 ist die Gesamtfallzahl, keine Fallzahl einer Religionsgruppe. Untergruppen-Fallzahlen stehen an der Abbildung nicht. Kleine Religionsgruppen sind besonders vorsichtig zu lesen; kein direkter Zeitvergleich mit 2013 wegen anderer Stichprobenzusammensetzung. Anteil, der zunehmende Vielfalt religiöser Gruppen als Bedrohung wahrnimmt; alle Befragten: 34 Prozent."
rm2023_bedrohung,Religiöse Vielfalt als Bedrohung · Religionsmonitor 2023,Deutschland,Ohne Religionszugehörigkeit,38,percent,Religionsmonitor 2023,Wohnbevölkerung Deutschlands ab 16 Jahren; jeweilige Untergruppe,,Juni–Juli 2022,,Zusammenleben in religiöser Vielfalt (2023),https://www.bertelsmann-stiftung.de/fileadmin/files/BSt/Publikationen/GrauePublikationen/ST_DZ_Religionsmonitor_Zusammenleben_in_religioeser_Vielfalt_2023.pdf,"Abbildung 11, S. 54",,"Erhebung Juni–Juli 2022, veröffentlicht als Religionsmonitor 2023. Analysestichprobe Deutschland: 4.363 Interviews (2.038 Melderegister, 2.325 Onlinepanel), gewichtet; muslimische Befragte wurden aufgestockt. 4.363 ist die Gesamtfallzahl, keine Fallzahl einer Religionsgruppe. Untergruppen-Fallzahlen stehen an der Abbildung nicht. Kleine Religionsgruppen sind besonders vorsichtig zu lesen; kein direkter Zeitvergleich mit 2013 wegen anderer Stichprobenzusammensetzung. Anteil, der zunehmende Vielfalt religiöser Gruppen als Bedrohung wahrnimmt; alle Befragten: 34 Prozent."
rm2023_bereicherung,Religiöse Vielfalt als Bereicherung · Religionsmonitor 2023,Deutschland,Christentum,32,percent,Religionsmonitor 2023,Wohnbevölkerung Deutschlands ab 16 Jahren; jeweilige Untergruppe,,Juni–Juli 2022,,Zusammenleben in religiöser Vielfalt (2023),https://www.bertelsmann-stiftung.de/fileadmin/files/BSt/Publikationen/GrauePublikationen/ST_DZ_Religionsmonitor_Zusammenleben_in_religioeser_Vielfalt_2023.pdf,"Abbildung 11, S. 54",,"Erhebung Juni–Juli 2022, veröffentlicht als Religionsmonitor 2023. Analysestichprobe Deutschland: 4.363 Interviews (2.038 Melderegister, 2.325 Onlinepanel), gewichtet; muslimische Befragte wurden aufgestockt. 4.363 ist die Gesamtfallzahl, keine Fallzahl einer Religionsgruppe. Untergruppen-Fallzahlen stehen an der Abbildung nicht. Kleine Religionsgruppen sind besonders vorsichtig zu lesen; kein direkter Zeitvergleich mit 2013 wegen anderer Stichprobenzusammensetzung. Anteil, der zunehmende Vielfalt religiöser Gruppen als Bereicherung wahrnimmt; alle Befragten: 29 Prozent. Bedrohung und Bereicherung sind nicht die einzigen Kategorien; ambivalente Antworten bleiben möglich."
rm2023_bereicherung,Religiöse Vielfalt als Bereicherung · Religionsmonitor 2023,Deutschland,Islam,39,percent,Religionsmonitor 2023,Wohnbevölkerung Deutschlands ab 16 Jahren; jeweilige Untergruppe,,Juni–Juli 2022,,Zusammenleben in religiöser Vielfalt (2023),https://www.bertelsmann-stiftung.de/fileadmin/files/BSt/Publikationen/GrauePublikationen/ST_DZ_Religionsmonitor_Zusammenleben_in_religioeser_Vielfalt_2023.pdf,"Abbildung 11, S. 54",,"Erhebung Juni–Juli 2022, veröffentlicht als Religionsmonitor 2023. Analysestichprobe Deutschland: 4.363 Interviews (2.038 Melderegister, 2.325 Onlinepanel), gewichtet; muslimische Befragte wurden aufgestockt. 4.363 ist die Gesamtfallzahl, keine Fallzahl einer Religionsgruppe. Untergruppen-Fallzahlen stehen an der Abbildung nicht. Kleine Religionsgruppen sind besonders vorsichtig zu lesen; kein direkter Zeitvergleich mit 2013 wegen anderer Stichprobenzusammensetzung. Anteil, der zunehmende Vielfalt religiöser Gruppen als Bereicherung wahrnimmt; alle Befragten: 29 Prozent. Bedrohung und Bereicherung sind nicht die einzigen Kategorien; ambivalente Antworten bleiben möglich."
rm2023_bereicherung,Religiöse Vielfalt als Bereicherung · Religionsmonitor 2023,Deutschland,Buddhismus,49,percent,Religionsmonitor 2023,Wohnbevölkerung Deutschlands ab 16 Jahren; jeweilige Untergruppe,,Juni–Juli 2022,,Zusammenleben in religiöser Vielfalt (2023),https://www.bertelsmann-stiftung.de/fileadmin/files/BSt/Publikationen/GrauePublikationen/ST_DZ_Religionsmonitor_Zusammenleben_in_religioeser_Vielfalt_2023.pdf,"Abbildung 11, S. 54",,"Erhebung Juni–Juli 2022, veröffentlicht als Religionsmonitor 2023. Analysestichprobe Deutschland: 4.363 Interviews (2.038 Melderegister, 2.325 Onlinepanel), gewichtet; muslimische Befragte wurden aufgestockt. 4.363 ist die Gesamtfallzahl, keine Fallzahl einer Religionsgruppe. Untergruppen-Fallzahlen stehen an der Abbildung nicht. Kleine Religionsgruppen sind besonders vorsichtig zu lesen; kein direkter Zeitvergleich mit 2013 wegen anderer Stichprobenzusammensetzung. Anteil, der zunehmende Vielfalt religiöser Gruppen als Bereicherung wahrnimmt; alle Befragten: 29 Prozent. Bedrohung und Bereicherung sind nicht die einzigen Kategorien; ambivalente Antworten bleiben möglich."
rm2023_bereicherung,Religiöse Vielfalt als Bereicherung · Religionsmonitor 2023,Deutschland,Hinduismus,25,percent,Religionsmonitor 2023,Wohnbevölkerung Deutschlands ab 16 Jahren; jeweilige Untergruppe,,Juni–Juli 2022,,Zusammenleben in religiöser Vielfalt (2023),https://www.bertelsmann-stiftung.de/fileadmin/files/BSt/Publikationen/GrauePublikationen/ST_DZ_Religionsmonitor_Zusammenleben_in_religioeser_Vielfalt_2023.pdf,"Abbildung 11, S. 54",,"Erhebung Juni–Juli 2022, veröffentlicht als Religionsmonitor 2023. Analysestichprobe Deutschland: 4.363 Interviews (2.038 Melderegister, 2.325 Onlinepanel), gewichtet; muslimische Befragte wurden aufgestockt. 4.363 ist die Gesamtfallzahl, keine Fallzahl einer Religionsgruppe. Untergruppen-Fallzahlen stehen an der Abbildung nicht. Kleine Religionsgruppen sind besonders vorsichtig zu lesen; kein direkter Zeitvergleich mit 2013 wegen anderer Stichprobenzusammensetzung. Anteil, der zunehmende Vielfalt religiöser Gruppen als Bereicherung wahrnimmt; alle Befragten: 29 Prozent. Bedrohung und Bereicherung sind nicht die einzigen Kategorien; ambivalente Antworten bleiben möglich."
rm2023_bereicherung,Religiöse Vielfalt als Bereicherung · Religionsmonitor 2023,Deutschland,Ohne Religionszugehörigkeit,23,percent,Religionsmonitor 2023,Wohnbevölkerung Deutschlands ab 16 Jahren; jeweilige Untergruppe,,Juni–Juli 2022,,Zusammenleben in religiöser Vielfalt (2023),https://www.bertelsmann-stiftung.de/fileadmin/files/BSt/Publikationen/GrauePublikationen/ST_DZ_Religionsmonitor_Zusammenleben_in_religioeser_Vielfalt_2023.pdf,"Abbildung 11, S. 54",,"Erhebung Juni–Juli 2022, veröffentlicht als Religionsmonitor 2023. Analysestichprobe Deutschland: 4.363 Interviews (2.038 Melderegister, 2.325 Onlinepanel), gewichtet; muslimische Befragte wurden aufgestockt. 4.363 ist die Gesamtfallzahl, keine Fallzahl einer Religionsgruppe. Untergruppen-Fallzahlen stehen an der Abbildung nicht. Kleine Religionsgruppen sind besonders vorsichtig zu lesen; kein direkter Zeitvergleich mit 2013 wegen anderer Stichprobenzusammensetzung. Anteil, der zunehmende Vielfalt religiöser Gruppen als Bereicherung wahrnimmt; alle Befragten: 29 Prozent. Bedrohung und Bereicherung sind nicht die einzigen Kategorien; ambivalente Antworten bleiben möglich."
rm2023_freiheit,Religionsfreiheit und Offenheit · Religionsmonitor 2023,Deutschland,Religion wechseln oder ablegen dürfen,93,percent,Religionsmonitor 2023,"Wohnbevölkerung Deutschlands ab 16 Jahren, alle Befragten",4363,Juni–Juli 2022,,Zusammenleben in religiöser Vielfalt (2023),https://www.bertelsmann-stiftung.de/fileadmin/files/BSt/Publikationen/GrauePublikationen/ST_DZ_Religionsmonitor_Zusammenleben_in_religioeser_Vielfalt_2023.pdf,"Abbildung 10, S. 51",,"Zustimmung „voll/eher“ zu vier getrennten Aussagen, keine zu addierende Verteilung. Erhebung Juni–Juli 2022, veröffentlicht als Religionsmonitor 2023. Analysestichprobe Deutschland: 4.363 Interviews (2.038 Melderegister, 2.325 Onlinepanel), gewichtet; muslimische Befragte wurden aufgestockt. 4.363 ist die Gesamtfallzahl, keine Fallzahl einer Religionsgruppe. Untergruppen-Fallzahlen stehen an der Abbildung nicht. Kleine Religionsgruppen sind besonders vorsichtig zu lesen; kein direkter Zeitvergleich mit 2013 wegen anderer Stichprobenzusammensetzung."
rm2023_freiheit,Religionsfreiheit und Offenheit · Religionsmonitor 2023,Deutschland,Offen gegenüber allen Religionen,80,percent,Religionsmonitor 2023,"Wohnbevölkerung Deutschlands ab 16 Jahren, alle Befragten",4363,Juni–Juli 2022,,Zusammenleben in religiöser Vielfalt (2023),https://www.bertelsmann-stiftung.de/fileadmin/files/BSt/Publikationen/GrauePublikationen/ST_DZ_Religionsmonitor_Zusammenleben_in_religioeser_Vielfalt_2023.pdf,"Abbildung 10, S. 51",,"Zustimmung „voll/eher“ zu vier getrennten Aussagen, keine zu addierende Verteilung. Erhebung Juni–Juli 2022, veröffentlicht als Religionsmonitor 2023. Analysestichprobe Deutschland: 4.363 Interviews (2.038 Melderegister, 2.325 Onlinepanel), gewichtet; muslimische Befragte wurden aufgestockt. 4.363 ist die Gesamtfallzahl, keine Fallzahl einer Religionsgruppe. Untergruppen-Fallzahlen stehen an der Abbildung nicht. Kleine Religionsgruppen sind besonders vorsichtig zu lesen; kein direkter Zeitvergleich mit 2013 wegen anderer Stichprobenzusammensetzung."
rm2023_freiheit,Religionsfreiheit und Offenheit · Religionsmonitor 2023,Deutschland,Jede Religion hat einen wahren Kern,59,percent,Religionsmonitor 2023,"Wohnbevölkerung Deutschlands ab 16 Jahren, alle Befragten",4363,Juni–Juli 2022,,Zusammenleben in religiöser Vielfalt (2023),https://www.bertelsmann-stiftung.de/fileadmin/files/BSt/Publikationen/GrauePublikationen/ST_DZ_Religionsmonitor_Zusammenleben_in_religioeser_Vielfalt_2023.pdf,"Abbildung 10, S. 51",,"Zustimmung „voll/eher“ zu vier getrennten Aussagen, keine zu addierende Verteilung. Erhebung Juni–Juli 2022, veröffentlicht als Religionsmonitor 2023. Analysestichprobe Deutschland: 4.363 Interviews (2.038 Melderegister, 2.325 Onlinepanel), gewichtet; muslimische Befragte wurden aufgestockt. 4.363 ist die Gesamtfallzahl, keine Fallzahl einer Religionsgruppe. Untergruppen-Fallzahlen stehen an der Abbildung nicht. Kleine Religionsgruppen sind besonders vorsichtig zu lesen; kein direkter Zeitvergleich mit 2013 wegen anderer Stichprobenzusammensetzung."
rm2023_freiheit,Religionsfreiheit und Offenheit · Religionsmonitor 2023,Deutschland,Religion passt nicht mehr in unsere Zeit,40,percent,Religionsmonitor 2023,"Wohnbevölkerung Deutschlands ab 16 Jahren, alle Befragten",4363,Juni–Juli 2022,,Zusammenleben in religiöser Vielfalt (2023),https://www.bertelsmann-stiftung.de/fileadmin/files/BSt/Publikationen/GrauePublikationen/ST_DZ_Religionsmonitor_Zusammenleben_in_religioeser_Vielfalt_2023.pdf,"Abbildung 10, S. 51",,"Zustimmung „voll/eher“ zu vier getrennten Aussagen, keine zu addierende Verteilung. Erhebung Juni–Juli 2022, veröffentlicht als Religionsmonitor 2023. Analysestichprobe Deutschland: 4.363 Interviews (2.038 Melderegister, 2.325 Onlinepanel), gewichtet; muslimische Befragte wurden aufgestockt. 4.363 ist die Gesamtfallzahl, keine Fallzahl einer Religionsgruppe. Untergruppen-Fallzahlen stehen an der Abbildung nicht. Kleine Religionsgruppen sind besonders vorsichtig zu lesen; kein direkter Zeitvergleich mit 2013 wegen anderer Stichprobenzusammensetzung."
rm2026_detail_gesamt,Zusammenhalt nach Religiosität innerhalb der Religionen · 2026,Deutschland,Katholisch · Religiosität niedrig,46,index,Religionsmonitor 2026,Wohnbevölkerung Deutschlands ab 18 Jahren; jeweilige Untergruppe,,März 2026,,Religionsmonitor Kompakt: Gesellschaftlicher Zusammenhalt (2026),https://www.bertelsmann-stiftung.de/fileadmin/files/Projekte/Zusammen_in_Vielfalt/Religionsmonitor_Kompakt_Gesellschaftlicher_Zusammenhalt_2026.pdf,"Abbildung 5, S. 12; Einordnung S. 11–12",,"Indexwerte von 0 bis 100, kein Prozentwert. Onlinebefragung in deutscher Sprache im März 2026; Analysestichprobe 5.231. Die realisierte Stichprobe umfasste 5.302 Personen, darunter 456 muslimische Befragte; diese Zahl beschreibt die Stichprobe vor Bereinigung und ist keine Fallzahl je Balken. Untergruppen-Fallzahlen sind nicht ausgewiesen. Gewichtete Zusammenhänge erlauben keine Aussage über eine Ursache oder über einzelne Menschen. Der Bericht erörtert sowohl gesellschaftliche Anerkennung und Diskriminierung als auch religiöse Binnenorientierung als mögliche Erklärungen. Geringere Verbundenheit mit Institutionen ist nicht mit geringerer Solidarität oder geringerem Engagement gleichzusetzen."
rm2026_detail_gesamt,Zusammenhalt nach Religiosität innerhalb der Religionen · 2026,Deutschland,Katholisch · Religiosität mittel,54,index,Religionsmonitor 2026,Wohnbevölkerung Deutschlands ab 18 Jahren; jeweilige Untergruppe,,März 2026,,Religionsmonitor Kompakt: Gesellschaftlicher Zusammenhalt (2026),https://www.bertelsmann-stiftung.de/fileadmin/files/Projekte/Zusammen_in_Vielfalt/Religionsmonitor_Kompakt_Gesellschaftlicher_Zusammenhalt_2026.pdf,"Abbildung 5, S. 12; Einordnung S. 11–12",,"Indexwerte von 0 bis 100, kein Prozentwert. Onlinebefragung in deutscher Sprache im März 2026; Analysestichprobe 5.231. Die realisierte Stichprobe umfasste 5.302 Personen, darunter 456 muslimische Befragte; diese Zahl beschreibt die Stichprobe vor Bereinigung und ist keine Fallzahl je Balken. Untergruppen-Fallzahlen sind nicht ausgewiesen. Gewichtete Zusammenhänge erlauben keine Aussage über eine Ursache oder über einzelne Menschen. Der Bericht erörtert sowohl gesellschaftliche Anerkennung und Diskriminierung als auch religiöse Binnenorientierung als mögliche Erklärungen. Geringere Verbundenheit mit Institutionen ist nicht mit geringerer Solidarität oder geringerem Engagement gleichzusetzen."
rm2026_detail_gesamt,Zusammenhalt nach Religiosität innerhalb der Religionen · 2026,Deutschland,Katholisch · Religiosität hoch,56,index,Religionsmonitor 2026,Wohnbevölkerung Deutschlands ab 18 Jahren; jeweilige Untergruppe,,März 2026,,Religionsmonitor Kompakt: Gesellschaftlicher Zusammenhalt (2026),https://www.bertelsmann-stiftung.de/fileadmin/files/Projekte/Zusammen_in_Vielfalt/Religionsmonitor_Kompakt_Gesellschaftlicher_Zusammenhalt_2026.pdf,"Abbildung 5, S. 12; Einordnung S. 11–12",,"Indexwerte von 0 bis 100, kein Prozentwert. Onlinebefragung in deutscher Sprache im März 2026; Analysestichprobe 5.231. Die realisierte Stichprobe umfasste 5.302 Personen, darunter 456 muslimische Befragte; diese Zahl beschreibt die Stichprobe vor Bereinigung und ist keine Fallzahl je Balken. Untergruppen-Fallzahlen sind nicht ausgewiesen. Gewichtete Zusammenhänge erlauben keine Aussage über eine Ursache oder über einzelne Menschen. Der Bericht erörtert sowohl gesellschaftliche Anerkennung und Diskriminierung als auch religiöse Binnenorientierung als mögliche Erklärungen. Geringere Verbundenheit mit Institutionen ist nicht mit geringerer Solidarität oder geringerem Engagement gleichzusetzen."
rm2026_detail_gesamt,Zusammenhalt nach Religiosität innerhalb der Religionen · 2026,Deutschland,Evangelisch · Religiosität niedrig,50,index,Religionsmonitor 2026,Wohnbevölkerung Deutschlands ab 18 Jahren; jeweilige Untergruppe,,März 2026,,Religionsmonitor Kompakt: Gesellschaftlicher Zusammenhalt (2026),https://www.bertelsmann-stiftung.de/fileadmin/files/Projekte/Zusammen_in_Vielfalt/Religionsmonitor_Kompakt_Gesellschaftlicher_Zusammenhalt_2026.pdf,"Abbildung 5, S. 12; Einordnung S. 11–12",,"Indexwerte von 0 bis 100, kein Prozentwert. Onlinebefragung in deutscher Sprache im März 2026; Analysestichprobe 5.231. Die realisierte Stichprobe umfasste 5.302 Personen, darunter 456 muslimische Befragte; diese Zahl beschreibt die Stichprobe vor Bereinigung und ist keine Fallzahl je Balken. Untergruppen-Fallzahlen sind nicht ausgewiesen. Gewichtete Zusammenhänge erlauben keine Aussage über eine Ursache oder über einzelne Menschen. Der Bericht erörtert sowohl gesellschaftliche Anerkennung und Diskriminierung als auch religiöse Binnenorientierung als mögliche Erklärungen. Geringere Verbundenheit mit Institutionen ist nicht mit geringerer Solidarität oder geringerem Engagement gleichzusetzen."
rm2026_detail_gesamt,Zusammenhalt nach Religiosität innerhalb der Religionen · 2026,Deutschland,Evangelisch · Religiosität mittel,55,index,Religionsmonitor 2026,Wohnbevölkerung Deutschlands ab 18 Jahren; jeweilige Untergruppe,,März 2026,,Religionsmonitor Kompakt: Gesellschaftlicher Zusammenhalt (2026),https://www.bertelsmann-stiftung.de/fileadmin/files/Projekte/Zusammen_in_Vielfalt/Religionsmonitor_Kompakt_Gesellschaftlicher_Zusammenhalt_2026.pdf,"Abbildung 5, S. 12; Einordnung S. 11–12",,"Indexwerte von 0 bis 100, kein Prozentwert. Onlinebefragung in deutscher Sprache im März 2026; Analysestichprobe 5.231. Die realisierte Stichprobe umfasste 5.302 Personen, darunter 456 muslimische Befragte; diese Zahl beschreibt die Stichprobe vor Bereinigung und ist keine Fallzahl je Balken. Untergruppen-Fallzahlen sind nicht ausgewiesen. Gewichtete Zusammenhänge erlauben keine Aussage über eine Ursache oder über einzelne Menschen. Der Bericht erörtert sowohl gesellschaftliche Anerkennung und Diskriminierung als auch religiöse Binnenorientierung als mögliche Erklärungen. Geringere Verbundenheit mit Institutionen ist nicht mit geringerer Solidarität oder geringerem Engagement gleichzusetzen."
rm2026_detail_gesamt,Zusammenhalt nach Religiosität innerhalb der Religionen · 2026,Deutschland,Evangelisch · Religiosität hoch,61,index,Religionsmonitor 2026,Wohnbevölkerung Deutschlands ab 18 Jahren; jeweilige Untergruppe,,März 2026,,Religionsmonitor Kompakt: Gesellschaftlicher Zusammenhalt (2026),https://www.bertelsmann-stiftung.de/fileadmin/files/Projekte/Zusammen_in_Vielfalt/Religionsmonitor_Kompakt_Gesellschaftlicher_Zusammenhalt_2026.pdf,"Abbildung 5, S. 12; Einordnung S. 11–12",,"Indexwerte von 0 bis 100, kein Prozentwert. Onlinebefragung in deutscher Sprache im März 2026; Analysestichprobe 5.231. Die realisierte Stichprobe umfasste 5.302 Personen, darunter 456 muslimische Befragte; diese Zahl beschreibt die Stichprobe vor Bereinigung und ist keine Fallzahl je Balken. Untergruppen-Fallzahlen sind nicht ausgewiesen. Gewichtete Zusammenhänge erlauben keine Aussage über eine Ursache oder über einzelne Menschen. Der Bericht erörtert sowohl gesellschaftliche Anerkennung und Diskriminierung als auch religiöse Binnenorientierung als mögliche Erklärungen. Geringere Verbundenheit mit Institutionen ist nicht mit geringerer Solidarität oder geringerem Engagement gleichzusetzen."
rm2026_detail_gesamt,Zusammenhalt nach Religiosität innerhalb der Religionen · 2026,Deutschland,Muslimisch · Religiosität niedrig,47,index,Religionsmonitor 2026,Wohnbevölkerung Deutschlands ab 18 Jahren; jeweilige Untergruppe,,März 2026,,Religionsmonitor Kompakt: Gesellschaftlicher Zusammenhalt (2026),https://www.bertelsmann-stiftung.de/fileadmin/files/Projekte/Zusammen_in_Vielfalt/Religionsmonitor_Kompakt_Gesellschaftlicher_Zusammenhalt_2026.pdf,"Abbildung 5, S. 12; Einordnung S. 11–12",,"Indexwerte von 0 bis 100, kein Prozentwert. Onlinebefragung in deutscher Sprache im März 2026; Analysestichprobe 5.231. Die realisierte Stichprobe umfasste 5.302 Personen, darunter 456 muslimische Befragte; diese Zahl beschreibt die Stichprobe vor Bereinigung und ist keine Fallzahl je Balken. Untergruppen-Fallzahlen sind nicht ausgewiesen. Gewichtete Zusammenhänge erlauben keine Aussage über eine Ursache oder über einzelne Menschen. Der Bericht erörtert sowohl gesellschaftliche Anerkennung und Diskriminierung als auch religiöse Binnenorientierung als mögliche Erklärungen. Geringere Verbundenheit mit Institutionen ist nicht mit geringerer Solidarität oder geringerem Engagement gleichzusetzen."
rm2026_detail_gesamt,Zusammenhalt nach Religiosität innerhalb der Religionen · 2026,Deutschland,Muslimisch · Religiosität mittel,49,index,Religionsmonitor 2026,Wohnbevölkerung Deutschlands ab 18 Jahren; jeweilige Untergruppe,,März 2026,,Religionsmonitor Kompakt: Gesellschaftlicher Zusammenhalt (2026),https://www.bertelsmann-stiftung.de/fileadmin/files/Projekte/Zusammen_in_Vielfalt/Religionsmonitor_Kompakt_Gesellschaftlicher_Zusammenhalt_2026.pdf,"Abbildung 5, S. 12; Einordnung S. 11–12",,"Indexwerte von 0 bis 100, kein Prozentwert. Onlinebefragung in deutscher Sprache im März 2026; Analysestichprobe 5.231. Die realisierte Stichprobe umfasste 5.302 Personen, darunter 456 muslimische Befragte; diese Zahl beschreibt die Stichprobe vor Bereinigung und ist keine Fallzahl je Balken. Untergruppen-Fallzahlen sind nicht ausgewiesen. Gewichtete Zusammenhänge erlauben keine Aussage über eine Ursache oder über einzelne Menschen. Der Bericht erörtert sowohl gesellschaftliche Anerkennung und Diskriminierung als auch religiöse Binnenorientierung als mögliche Erklärungen. Geringere Verbundenheit mit Institutionen ist nicht mit geringerer Solidarität oder geringerem Engagement gleichzusetzen."
rm2026_detail_gesamt,Zusammenhalt nach Religiosität innerhalb der Religionen · 2026,Deutschland,Muslimisch · Religiosität hoch,45,index,Religionsmonitor 2026,Wohnbevölkerung Deutschlands ab 18 Jahren; jeweilige Untergruppe,,März 2026,,Religionsmonitor Kompakt: Gesellschaftlicher Zusammenhalt (2026),https://www.bertelsmann-stiftung.de/fileadmin/files/Projekte/Zusammen_in_Vielfalt/Religionsmonitor_Kompakt_Gesellschaftlicher_Zusammenhalt_2026.pdf,"Abbildung 5, S. 12; Einordnung S. 11–12",,"Indexwerte von 0 bis 100, kein Prozentwert. Onlinebefragung in deutscher Sprache im März 2026; Analysestichprobe 5.231. Die realisierte Stichprobe umfasste 5.302 Personen, darunter 456 muslimische Befragte; diese Zahl beschreibt die Stichprobe vor Bereinigung und ist keine Fallzahl je Balken. Untergruppen-Fallzahlen sind nicht ausgewiesen. Gewichtete Zusammenhänge erlauben keine Aussage über eine Ursache oder über einzelne Menschen. Der Bericht erörtert sowohl gesellschaftliche Anerkennung und Diskriminierung als auch religiöse Binnenorientierung als mögliche Erklärungen. Geringere Verbundenheit mit Institutionen ist nicht mit geringerer Solidarität oder geringerem Engagement gleichzusetzen."
rm2026_detail_netze,Soziale Beziehungen nach Religion und Religiosität · 2026,Deutschland,Katholisch · Religiosität niedrig,52,index,Religionsmonitor 2026,Wohnbevölkerung Deutschlands ab 18 Jahren; jeweilige Untergruppe,,März 2026,,Religionsmonitor Kompakt: Gesellschaftlicher Zusammenhalt (2026),https://www.bertelsmann-stiftung.de/fileadmin/files/Projekte/Zusammen_in_Vielfalt/Religionsmonitor_Kompakt_Gesellschaftlicher_Zusammenhalt_2026.pdf,"Abbildung 5, S. 12; Einordnung S. 11–12",,"Indexwerte von 0 bis 100, kein Prozentwert. Onlinebefragung in deutscher Sprache im März 2026; Analysestichprobe 5.231. Die realisierte Stichprobe umfasste 5.302 Personen, darunter 456 muslimische Befragte; diese Zahl beschreibt die Stichprobe vor Bereinigung und ist keine Fallzahl je Balken. Untergruppen-Fallzahlen sind nicht ausgewiesen. Gewichtete Zusammenhänge erlauben keine Aussage über eine Ursache oder über einzelne Menschen. Der Bericht erörtert sowohl gesellschaftliche Anerkennung und Diskriminierung als auch religiöse Binnenorientierung als mögliche Erklärungen. Geringere Verbundenheit mit Institutionen ist nicht mit geringerer Solidarität oder geringerem Engagement gleichzusetzen."
rm2026_detail_netze,Soziale Beziehungen nach Religion und Religiosität · 2026,Deutschland,Katholisch · Religiosität mittel,58,index,Religionsmonitor 2026,Wohnbevölkerung Deutschlands ab 18 Jahren; jeweilige Untergruppe,,März 2026,,Religionsmonitor Kompakt: Gesellschaftlicher Zusammenhalt (2026),https://www.bertelsmann-stiftung.de/fileadmin/files/Projekte/Zusammen_in_Vielfalt/Religionsmonitor_Kompakt_Gesellschaftlicher_Zusammenhalt_2026.pdf,"Abbildung 5, S. 12; Einordnung S. 11–12",,"Indexwerte von 0 bis 100, kein Prozentwert. Onlinebefragung in deutscher Sprache im März 2026; Analysestichprobe 5.231. Die realisierte Stichprobe umfasste 5.302 Personen, darunter 456 muslimische Befragte; diese Zahl beschreibt die Stichprobe vor Bereinigung und ist keine Fallzahl je Balken. Untergruppen-Fallzahlen sind nicht ausgewiesen. Gewichtete Zusammenhänge erlauben keine Aussage über eine Ursache oder über einzelne Menschen. Der Bericht erörtert sowohl gesellschaftliche Anerkennung und Diskriminierung als auch religiöse Binnenorientierung als mögliche Erklärungen. Geringere Verbundenheit mit Institutionen ist nicht mit geringerer Solidarität oder geringerem Engagement gleichzusetzen."
rm2026_detail_netze,Soziale Beziehungen nach Religion und Religiosität · 2026,Deutschland,Katholisch · Religiosität hoch,59,index,Religionsmonitor 2026,Wohnbevölkerung Deutschlands ab 18 Jahren; jeweilige Untergruppe,,März 2026,,Religionsmonitor Kompakt: Gesellschaftlicher Zusammenhalt (2026),https://www.bertelsmann-stiftung.de/fileadmin/files/Projekte/Zusammen_in_Vielfalt/Religionsmonitor_Kompakt_Gesellschaftlicher_Zusammenhalt_2026.pdf,"Abbildung 5, S. 12; Einordnung S. 11–12",,"Indexwerte von 0 bis 100, kein Prozentwert. Onlinebefragung in deutscher Sprache im März 2026; Analysestichprobe 5.231. Die realisierte Stichprobe umfasste 5.302 Personen, darunter 456 muslimische Befragte; diese Zahl beschreibt die Stichprobe vor Bereinigung und ist keine Fallzahl je Balken. Untergruppen-Fallzahlen sind nicht ausgewiesen. Gewichtete Zusammenhänge erlauben keine Aussage über eine Ursache oder über einzelne Menschen. Der Bericht erörtert sowohl gesellschaftliche Anerkennung und Diskriminierung als auch religiöse Binnenorientierung als mögliche Erklärungen. Geringere Verbundenheit mit Institutionen ist nicht mit geringerer Solidarität oder geringerem Engagement gleichzusetzen."
rm2026_detail_netze,Soziale Beziehungen nach Religion und Religiosität · 2026,Deutschland,Evangelisch · Religiosität niedrig,55,index,Religionsmonitor 2026,Wohnbevölkerung Deutschlands ab 18 Jahren; jeweilige Untergruppe,,März 2026,,Religionsmonitor Kompakt: Gesellschaftlicher Zusammenhalt (2026),https://www.bertelsmann-stiftung.de/fileadmin/files/Projekte/Zusammen_in_Vielfalt/Religionsmonitor_Kompakt_Gesellschaftlicher_Zusammenhalt_2026.pdf,"Abbildung 5, S. 12; Einordnung S. 11–12",,"Indexwerte von 0 bis 100, kein Prozentwert. Onlinebefragung in deutscher Sprache im März 2026; Analysestichprobe 5.231. Die realisierte Stichprobe umfasste 5.302 Personen, darunter 456 muslimische Befragte; diese Zahl beschreibt die Stichprobe vor Bereinigung und ist keine Fallzahl je Balken. Untergruppen-Fallzahlen sind nicht ausgewiesen. Gewichtete Zusammenhänge erlauben keine Aussage über eine Ursache oder über einzelne Menschen. Der Bericht erörtert sowohl gesellschaftliche Anerkennung und Diskriminierung als auch religiöse Binnenorientierung als mögliche Erklärungen. Geringere Verbundenheit mit Institutionen ist nicht mit geringerer Solidarität oder geringerem Engagement gleichzusetzen."
rm2026_detail_netze,Soziale Beziehungen nach Religion und Religiosität · 2026,Deutschland,Evangelisch · Religiosität mittel,59,index,Religionsmonitor 2026,Wohnbevölkerung Deutschlands ab 18 Jahren; jeweilige Untergruppe,,März 2026,,Religionsmonitor Kompakt: Gesellschaftlicher Zusammenhalt (2026),https://www.bertelsmann-stiftung.de/fileadmin/files/Projekte/Zusammen_in_Vielfalt/Religionsmonitor_Kompakt_Gesellschaftlicher_Zusammenhalt_2026.pdf,"Abbildung 5, S. 12; Einordnung S. 11–12",,"Indexwerte von 0 bis 100, kein Prozentwert. Onlinebefragung in deutscher Sprache im März 2026; Analysestichprobe 5.231. Die realisierte Stichprobe umfasste 5.302 Personen, darunter 456 muslimische Befragte; diese Zahl beschreibt die Stichprobe vor Bereinigung und ist keine Fallzahl je Balken. Untergruppen-Fallzahlen sind nicht ausgewiesen. Gewichtete Zusammenhänge erlauben keine Aussage über eine Ursache oder über einzelne Menschen. Der Bericht erörtert sowohl gesellschaftliche Anerkennung und Diskriminierung als auch religiöse Binnenorientierung als mögliche Erklärungen. Geringere Verbundenheit mit Institutionen ist nicht mit geringerer Solidarität oder geringerem Engagement gleichzusetzen."
rm2026_detail_netze,Soziale Beziehungen nach Religion und Religiosität · 2026,Deutschland,Evangelisch · Religiosität hoch,62,index,Religionsmonitor 2026,Wohnbevölkerung Deutschlands ab 18 Jahren; jeweilige Untergruppe,,März 2026,,Religionsmonitor Kompakt: Gesellschaftlicher Zusammenhalt (2026),https://www.bertelsmann-stiftung.de/fileadmin/files/Projekte/Zusammen_in_Vielfalt/Religionsmonitor_Kompakt_Gesellschaftlicher_Zusammenhalt_2026.pdf,"Abbildung 5, S. 12; Einordnung S. 11–12",,"Indexwerte von 0 bis 100, kein Prozentwert. Onlinebefragung in deutscher Sprache im März 2026; Analysestichprobe 5.231. Die realisierte Stichprobe umfasste 5.302 Personen, darunter 456 muslimische Befragte; diese Zahl beschreibt die Stichprobe vor Bereinigung und ist keine Fallzahl je Balken. Untergruppen-Fallzahlen sind nicht ausgewiesen. Gewichtete Zusammenhänge erlauben keine Aussage über eine Ursache oder über einzelne Menschen. Der Bericht erörtert sowohl gesellschaftliche Anerkennung und Diskriminierung als auch religiöse Binnenorientierung als mögliche Erklärungen. Geringere Verbundenheit mit Institutionen ist nicht mit geringerer Solidarität oder geringerem Engagement gleichzusetzen."
rm2026_detail_netze,Soziale Beziehungen nach Religion und Religiosität · 2026,Deutschland,Muslimisch · Religiosität niedrig,51,index,Religionsmonitor 2026,Wohnbevölkerung Deutschlands ab 18 Jahren; jeweilige Untergruppe,,März 2026,,Religionsmonitor Kompakt: Gesellschaftlicher Zusammenhalt (2026),https://www.bertelsmann-stiftung.de/fileadmin/files/Projekte/Zusammen_in_Vielfalt/Religionsmonitor_Kompakt_Gesellschaftlicher_Zusammenhalt_2026.pdf,"Abbildung 5, S. 12; Einordnung S. 11–12",,"Indexwerte von 0 bis 100, kein Prozentwert. Onlinebefragung in deutscher Sprache im März 2026; Analysestichprobe 5.231. Die realisierte Stichprobe umfasste 5.302 Personen, darunter 456 muslimische Befragte; diese Zahl beschreibt die Stichprobe vor Bereinigung und ist keine Fallzahl je Balken. Untergruppen-Fallzahlen sind nicht ausgewiesen. Gewichtete Zusammenhänge erlauben keine Aussage über eine Ursache oder über einzelne Menschen. Der Bericht erörtert sowohl gesellschaftliche Anerkennung und Diskriminierung als auch religiöse Binnenorientierung als mögliche Erklärungen. Geringere Verbundenheit mit Institutionen ist nicht mit geringerer Solidarität oder geringerem Engagement gleichzusetzen."
rm2026_detail_netze,Soziale Beziehungen nach Religion und Religiosität · 2026,Deutschland,Muslimisch · Religiosität mittel,55,index,Religionsmonitor 2026,Wohnbevölkerung Deutschlands ab 18 Jahren; jeweilige Untergruppe,,März 2026,,Religionsmonitor Kompakt: Gesellschaftlicher Zusammenhalt (2026),https://www.bertelsmann-stiftung.de/fileadmin/files/Projekte/Zusammen_in_Vielfalt/Religionsmonitor_Kompakt_Gesellschaftlicher_Zusammenhalt_2026.pdf,"Abbildung 5, S. 12; Einordnung S. 11–12",,"Indexwerte von 0 bis 100, kein Prozentwert. Onlinebefragung in deutscher Sprache im März 2026; Analysestichprobe 5.231. Die realisierte Stichprobe umfasste 5.302 Personen, darunter 456 muslimische Befragte; diese Zahl beschreibt die Stichprobe vor Bereinigung und ist keine Fallzahl je Balken. Untergruppen-Fallzahlen sind nicht ausgewiesen. Gewichtete Zusammenhänge erlauben keine Aussage über eine Ursache oder über einzelne Menschen. Der Bericht erörtert sowohl gesellschaftliche Anerkennung und Diskriminierung als auch religiöse Binnenorientierung als mögliche Erklärungen. Geringere Verbundenheit mit Institutionen ist nicht mit geringerer Solidarität oder geringerem Engagement gleichzusetzen."
rm2026_detail_netze,Soziale Beziehungen nach Religion und Religiosität · 2026,Deutschland,Muslimisch · Religiosität hoch,53,index,Religionsmonitor 2026,Wohnbevölkerung Deutschlands ab 18 Jahren; jeweilige Untergruppe,,März 2026,,Religionsmonitor Kompakt: Gesellschaftlicher Zusammenhalt (2026),https://www.bertelsmann-stiftung.de/fileadmin/files/Projekte/Zusammen_in_Vielfalt/Religionsmonitor_Kompakt_Gesellschaftlicher_Zusammenhalt_2026.pdf,"Abbildung 5, S. 12; Einordnung S. 11–12",,"Indexwerte von 0 bis 100, kein Prozentwert. Onlinebefragung in deutscher Sprache im März 2026; Analysestichprobe 5.231. Die realisierte Stichprobe umfasste 5.302 Personen, darunter 456 muslimische Befragte; diese Zahl beschreibt die Stichprobe vor Bereinigung und ist keine Fallzahl je Balken. Untergruppen-Fallzahlen sind nicht ausgewiesen. Gewichtete Zusammenhänge erlauben keine Aussage über eine Ursache oder über einzelne Menschen. Der Bericht erörtert sowohl gesellschaftliche Anerkennung und Diskriminierung als auch religiöse Binnenorientierung als mögliche Erklärungen. Geringere Verbundenheit mit Institutionen ist nicht mit geringerer Solidarität oder geringerem Engagement gleichzusetzen."
rm2026_detail_verbundenheit,Verbundenheit mit dem Gemeinwesen nach Religion und Religiosität · 2026,Deutschland,Katholisch · Religiosität niedrig,38,index,Religionsmonitor 2026,Wohnbevölkerung Deutschlands ab 18 Jahren; jeweilige Untergruppe,,März 2026,,Religionsmonitor Kompakt: Gesellschaftlicher Zusammenhalt (2026),https://www.bertelsmann-stiftung.de/fileadmin/files/Projekte/Zusammen_in_Vielfalt/Religionsmonitor_Kompakt_Gesellschaftlicher_Zusammenhalt_2026.pdf,"Abbildung 5, S. 12; Einordnung S. 11–12",,"Indexwerte von 0 bis 100, kein Prozentwert. Onlinebefragung in deutscher Sprache im März 2026; Analysestichprobe 5.231. Die realisierte Stichprobe umfasste 5.302 Personen, darunter 456 muslimische Befragte; diese Zahl beschreibt die Stichprobe vor Bereinigung und ist keine Fallzahl je Balken. Untergruppen-Fallzahlen sind nicht ausgewiesen. Gewichtete Zusammenhänge erlauben keine Aussage über eine Ursache oder über einzelne Menschen. Der Bericht erörtert sowohl gesellschaftliche Anerkennung und Diskriminierung als auch religiöse Binnenorientierung als mögliche Erklärungen. Geringere Verbundenheit mit Institutionen ist nicht mit geringerer Solidarität oder geringerem Engagement gleichzusetzen."
rm2026_detail_verbundenheit,Verbundenheit mit dem Gemeinwesen nach Religion und Religiosität · 2026,Deutschland,Katholisch · Religiosität mittel,49,index,Religionsmonitor 2026,Wohnbevölkerung Deutschlands ab 18 Jahren; jeweilige Untergruppe,,März 2026,,Religionsmonitor Kompakt: Gesellschaftlicher Zusammenhalt (2026),https://www.bertelsmann-stiftung.de/fileadmin/files/Projekte/Zusammen_in_Vielfalt/Religionsmonitor_Kompakt_Gesellschaftlicher_Zusammenhalt_2026.pdf,"Abbildung 5, S. 12; Einordnung S. 11–12",,"Indexwerte von 0 bis 100, kein Prozentwert. Onlinebefragung in deutscher Sprache im März 2026; Analysestichprobe 5.231. Die realisierte Stichprobe umfasste 5.302 Personen, darunter 456 muslimische Befragte; diese Zahl beschreibt die Stichprobe vor Bereinigung und ist keine Fallzahl je Balken. Untergruppen-Fallzahlen sind nicht ausgewiesen. Gewichtete Zusammenhänge erlauben keine Aussage über eine Ursache oder über einzelne Menschen. Der Bericht erörtert sowohl gesellschaftliche Anerkennung und Diskriminierung als auch religiöse Binnenorientierung als mögliche Erklärungen. Geringere Verbundenheit mit Institutionen ist nicht mit geringerer Solidarität oder geringerem Engagement gleichzusetzen."
rm2026_detail_verbundenheit,Verbundenheit mit dem Gemeinwesen nach Religion und Religiosität · 2026,Deutschland,Katholisch · Religiosität hoch,52,index,Religionsmonitor 2026,Wohnbevölkerung Deutschlands ab 18 Jahren; jeweilige Untergruppe,,März 2026,,Religionsmonitor Kompakt: Gesellschaftlicher Zusammenhalt (2026),https://www.bertelsmann-stiftung.de/fileadmin/files/Projekte/Zusammen_in_Vielfalt/Religionsmonitor_Kompakt_Gesellschaftlicher_Zusammenhalt_2026.pdf,"Abbildung 5, S. 12; Einordnung S. 11–12",,"Indexwerte von 0 bis 100, kein Prozentwert. Onlinebefragung in deutscher Sprache im März 2026; Analysestichprobe 5.231. Die realisierte Stichprobe umfasste 5.302 Personen, darunter 456 muslimische Befragte; diese Zahl beschreibt die Stichprobe vor Bereinigung und ist keine Fallzahl je Balken. Untergruppen-Fallzahlen sind nicht ausgewiesen. Gewichtete Zusammenhänge erlauben keine Aussage über eine Ursache oder über einzelne Menschen. Der Bericht erörtert sowohl gesellschaftliche Anerkennung und Diskriminierung als auch religiöse Binnenorientierung als mögliche Erklärungen. Geringere Verbundenheit mit Institutionen ist nicht mit geringerer Solidarität oder geringerem Engagement gleichzusetzen."
rm2026_detail_verbundenheit,Verbundenheit mit dem Gemeinwesen nach Religion und Religiosität · 2026,Deutschland,Evangelisch · Religiosität niedrig,44,index,Religionsmonitor 2026,Wohnbevölkerung Deutschlands ab 18 Jahren; jeweilige Untergruppe,,März 2026,,Religionsmonitor Kompakt: Gesellschaftlicher Zusammenhalt (2026),https://www.bertelsmann-stiftung.de/fileadmin/files/Projekte/Zusammen_in_Vielfalt/Religionsmonitor_Kompakt_Gesellschaftlicher_Zusammenhalt_2026.pdf,"Abbildung 5, S. 12; Einordnung S. 11–12",,"Indexwerte von 0 bis 100, kein Prozentwert. Onlinebefragung in deutscher Sprache im März 2026; Analysestichprobe 5.231. Die realisierte Stichprobe umfasste 5.302 Personen, darunter 456 muslimische Befragte; diese Zahl beschreibt die Stichprobe vor Bereinigung und ist keine Fallzahl je Balken. Untergruppen-Fallzahlen sind nicht ausgewiesen. Gewichtete Zusammenhänge erlauben keine Aussage über eine Ursache oder über einzelne Menschen. Der Bericht erörtert sowohl gesellschaftliche Anerkennung und Diskriminierung als auch religiöse Binnenorientierung als mögliche Erklärungen. Geringere Verbundenheit mit Institutionen ist nicht mit geringerer Solidarität oder geringerem Engagement gleichzusetzen."
rm2026_detail_verbundenheit,Verbundenheit mit dem Gemeinwesen nach Religion und Religiosität · 2026,Deutschland,Evangelisch · Religiosität mittel,50,index,Religionsmonitor 2026,Wohnbevölkerung Deutschlands ab 18 Jahren; jeweilige Untergruppe,,März 2026,,Religionsmonitor Kompakt: Gesellschaftlicher Zusammenhalt (2026),https://www.bertelsmann-stiftung.de/fileadmin/files/Projekte/Zusammen_in_Vielfalt/Religionsmonitor_Kompakt_Gesellschaftlicher_Zusammenhalt_2026.pdf,"Abbildung 5, S. 12; Einordnung S. 11–12",,"Indexwerte von 0 bis 100, kein Prozentwert. Onlinebefragung in deutscher Sprache im März 2026; Analysestichprobe 5.231. Die realisierte Stichprobe umfasste 5.302 Personen, darunter 456 muslimische Befragte; diese Zahl beschreibt die Stichprobe vor Bereinigung und ist keine Fallzahl je Balken. Untergruppen-Fallzahlen sind nicht ausgewiesen. Gewichtete Zusammenhänge erlauben keine Aussage über eine Ursache oder über einzelne Menschen. Der Bericht erörtert sowohl gesellschaftliche Anerkennung und Diskriminierung als auch religiöse Binnenorientierung als mögliche Erklärungen. Geringere Verbundenheit mit Institutionen ist nicht mit geringerer Solidarität oder geringerem Engagement gleichzusetzen."
rm2026_detail_verbundenheit,Verbundenheit mit dem Gemeinwesen nach Religion und Religiosität · 2026,Deutschland,Evangelisch · Religiosität hoch,55,index,Religionsmonitor 2026,Wohnbevölkerung Deutschlands ab 18 Jahren; jeweilige Untergruppe,,März 2026,,Religionsmonitor Kompakt: Gesellschaftlicher Zusammenhalt (2026),https://www.bertelsmann-stiftung.de/fileadmin/files/Projekte/Zusammen_in_Vielfalt/Religionsmonitor_Kompakt_Gesellschaftlicher_Zusammenhalt_2026.pdf,"Abbildung 5, S. 12; Einordnung S. 11–12",,"Indexwerte von 0 bis 100, kein Prozentwert. Onlinebefragung in deutscher Sprache im März 2026; Analysestichprobe 5.231. Die realisierte Stichprobe umfasste 5.302 Personen, darunter 456 muslimische Befragte; diese Zahl beschreibt die Stichprobe vor Bereinigung und ist keine Fallzahl je Balken. Untergruppen-Fallzahlen sind nicht ausgewiesen. Gewichtete Zusammenhänge erlauben keine Aussage über eine Ursache oder über einzelne Menschen. Der Bericht erörtert sowohl gesellschaftliche Anerkennung und Diskriminierung als auch religiöse Binnenorientierung als mögliche Erklärungen. Geringere Verbundenheit mit Institutionen ist nicht mit geringerer Solidarität oder geringerem Engagement gleichzusetzen."
rm2026_detail_verbundenheit,Verbundenheit mit dem Gemeinwesen nach Religion und Religiosität · 2026,Deutschland,Muslimisch · Religiosität niedrig,46,index,Religionsmonitor 2026,Wohnbevölkerung Deutschlands ab 18 Jahren; jeweilige Untergruppe,,März 2026,,Religionsmonitor Kompakt: Gesellschaftlicher Zusammenhalt (2026),https://www.bertelsmann-stiftung.de/fileadmin/files/Projekte/Zusammen_in_Vielfalt/Religionsmonitor_Kompakt_Gesellschaftlicher_Zusammenhalt_2026.pdf,"Abbildung 5, S. 12; Einordnung S. 11–12",,"Indexwerte von 0 bis 100, kein Prozentwert. Onlinebefragung in deutscher Sprache im März 2026; Analysestichprobe 5.231. Die realisierte Stichprobe umfasste 5.302 Personen, darunter 456 muslimische Befragte; diese Zahl beschreibt die Stichprobe vor Bereinigung und ist keine Fallzahl je Balken. Untergruppen-Fallzahlen sind nicht ausgewiesen. Gewichtete Zusammenhänge erlauben keine Aussage über eine Ursache oder über einzelne Menschen. Der Bericht erörtert sowohl gesellschaftliche Anerkennung und Diskriminierung als auch religiöse Binnenorientierung als mögliche Erklärungen. Geringere Verbundenheit mit Institutionen ist nicht mit geringerer Solidarität oder geringerem Engagement gleichzusetzen."
rm2026_detail_verbundenheit,Verbundenheit mit dem Gemeinwesen nach Religion und Religiosität · 2026,Deutschland,Muslimisch · Religiosität mittel,42,index,Religionsmonitor 2026,Wohnbevölkerung Deutschlands ab 18 Jahren; jeweilige Untergruppe,,März 2026,,Religionsmonitor Kompakt: Gesellschaftlicher Zusammenhalt (2026),https://www.bertelsmann-stiftung.de/fileadmin/files/Projekte/Zusammen_in_Vielfalt/Religionsmonitor_Kompakt_Gesellschaftlicher_Zusammenhalt_2026.pdf,"Abbildung 5, S. 12; Einordnung S. 11–12",,"Indexwerte von 0 bis 100, kein Prozentwert. Onlinebefragung in deutscher Sprache im März 2026; Analysestichprobe 5.231. Die realisierte Stichprobe umfasste 5.302 Personen, darunter 456 muslimische Befragte; diese Zahl beschreibt die Stichprobe vor Bereinigung und ist keine Fallzahl je Balken. Untergruppen-Fallzahlen sind nicht ausgewiesen. Gewichtete Zusammenhänge erlauben keine Aussage über eine Ursache oder über einzelne Menschen. Der Bericht erörtert sowohl gesellschaftliche Anerkennung und Diskriminierung als auch religiöse Binnenorientierung als mögliche Erklärungen. Geringere Verbundenheit mit Institutionen ist nicht mit geringerer Solidarität oder geringerem Engagement gleichzusetzen."
rm2026_detail_verbundenheit,Verbundenheit mit dem Gemeinwesen nach Religion und Religiosität · 2026,Deutschland,Muslimisch · Religiosität hoch,28,index,Religionsmonitor 2026,Wohnbevölkerung Deutschlands ab 18 Jahren; jeweilige Untergruppe,,März 2026,,Religionsmonitor Kompakt: Gesellschaftlicher Zusammenhalt (2026),https://www.bertelsmann-stiftung.de/fileadmin/files/Projekte/Zusammen_in_Vielfalt/Religionsmonitor_Kompakt_Gesellschaftlicher_Zusammenhalt_2026.pdf,"Abbildung 5, S. 12; Einordnung S. 11–12",,"Indexwerte von 0 bis 100, kein Prozentwert. Onlinebefragung in deutscher Sprache im März 2026; Analysestichprobe 5.231. Die realisierte Stichprobe umfasste 5.302 Personen, darunter 456 muslimische Befragte; diese Zahl beschreibt die Stichprobe vor Bereinigung und ist keine Fallzahl je Balken. Untergruppen-Fallzahlen sind nicht ausgewiesen. Gewichtete Zusammenhänge erlauben keine Aussage über eine Ursache oder über einzelne Menschen. Der Bericht erörtert sowohl gesellschaftliche Anerkennung und Diskriminierung als auch religiöse Binnenorientierung als mögliche Erklärungen. Geringere Verbundenheit mit Institutionen ist nicht mit geringerer Solidarität oder geringerem Engagement gleichzusetzen."
rm2026_detail_gemeinwohl,Gemeinwohlorientierung nach Religion und Religiosität · 2026,Deutschland,Katholisch · Religiosität niedrig,48,index,Religionsmonitor 2026,Wohnbevölkerung Deutschlands ab 18 Jahren; jeweilige Untergruppe,,März 2026,,Religionsmonitor Kompakt: Gesellschaftlicher Zusammenhalt (2026),https://www.bertelsmann-stiftung.de/fileadmin/files/Projekte/Zusammen_in_Vielfalt/Religionsmonitor_Kompakt_Gesellschaftlicher_Zusammenhalt_2026.pdf,"Abbildung 5, S. 12; Einordnung S. 11–12",,"Indexwerte von 0 bis 100, kein Prozentwert. Onlinebefragung in deutscher Sprache im März 2026; Analysestichprobe 5.231. Die realisierte Stichprobe umfasste 5.302 Personen, darunter 456 muslimische Befragte; diese Zahl beschreibt die Stichprobe vor Bereinigung und ist keine Fallzahl je Balken. Untergruppen-Fallzahlen sind nicht ausgewiesen. Gewichtete Zusammenhänge erlauben keine Aussage über eine Ursache oder über einzelne Menschen. Der Bericht erörtert sowohl gesellschaftliche Anerkennung und Diskriminierung als auch religiöse Binnenorientierung als mögliche Erklärungen. Geringere Verbundenheit mit Institutionen ist nicht mit geringerer Solidarität oder geringerem Engagement gleichzusetzen."
rm2026_detail_gemeinwohl,Gemeinwohlorientierung nach Religion und Religiosität · 2026,Deutschland,Katholisch · Religiosität mittel,56,index,Religionsmonitor 2026,Wohnbevölkerung Deutschlands ab 18 Jahren; jeweilige Untergruppe,,März 2026,,Religionsmonitor Kompakt: Gesellschaftlicher Zusammenhalt (2026),https://www.bertelsmann-stiftung.de/fileadmin/files/Projekte/Zusammen_in_Vielfalt/Religionsmonitor_Kompakt_Gesellschaftlicher_Zusammenhalt_2026.pdf,"Abbildung 5, S. 12; Einordnung S. 11–12",,"Indexwerte von 0 bis 100, kein Prozentwert. Onlinebefragung in deutscher Sprache im März 2026; Analysestichprobe 5.231. Die realisierte Stichprobe umfasste 5.302 Personen, darunter 456 muslimische Befragte; diese Zahl beschreibt die Stichprobe vor Bereinigung und ist keine Fallzahl je Balken. Untergruppen-Fallzahlen sind nicht ausgewiesen. Gewichtete Zusammenhänge erlauben keine Aussage über eine Ursache oder über einzelne Menschen. Der Bericht erörtert sowohl gesellschaftliche Anerkennung und Diskriminierung als auch religiöse Binnenorientierung als mögliche Erklärungen. Geringere Verbundenheit mit Institutionen ist nicht mit geringerer Solidarität oder geringerem Engagement gleichzusetzen."
rm2026_detail_gemeinwohl,Gemeinwohlorientierung nach Religion und Religiosität · 2026,Deutschland,Katholisch · Religiosität hoch,56,index,Religionsmonitor 2026,Wohnbevölkerung Deutschlands ab 18 Jahren; jeweilige Untergruppe,,März 2026,,Religionsmonitor Kompakt: Gesellschaftlicher Zusammenhalt (2026),https://www.bertelsmann-stiftung.de/fileadmin/files/Projekte/Zusammen_in_Vielfalt/Religionsmonitor_Kompakt_Gesellschaftlicher_Zusammenhalt_2026.pdf,"Abbildung 5, S. 12; Einordnung S. 11–12",,"Indexwerte von 0 bis 100, kein Prozentwert. Onlinebefragung in deutscher Sprache im März 2026; Analysestichprobe 5.231. Die realisierte Stichprobe umfasste 5.302 Personen, darunter 456 muslimische Befragte; diese Zahl beschreibt die Stichprobe vor Bereinigung und ist keine Fallzahl je Balken. Untergruppen-Fallzahlen sind nicht ausgewiesen. Gewichtete Zusammenhänge erlauben keine Aussage über eine Ursache oder über einzelne Menschen. Der Bericht erörtert sowohl gesellschaftliche Anerkennung und Diskriminierung als auch religiöse Binnenorientierung als mögliche Erklärungen. Geringere Verbundenheit mit Institutionen ist nicht mit geringerer Solidarität oder geringerem Engagement gleichzusetzen."
rm2026_detail_gemeinwohl,Gemeinwohlorientierung nach Religion und Religiosität · 2026,Deutschland,Evangelisch · Religiosität niedrig,51,index,Religionsmonitor 2026,Wohnbevölkerung Deutschlands ab 18 Jahren; jeweilige Untergruppe,,März 2026,,Religionsmonitor Kompakt: Gesellschaftlicher Zusammenhalt (2026),https://www.bertelsmann-stiftung.de/fileadmin/files/Projekte/Zusammen_in_Vielfalt/Religionsmonitor_Kompakt_Gesellschaftlicher_Zusammenhalt_2026.pdf,"Abbildung 5, S. 12; Einordnung S. 11–12",,"Indexwerte von 0 bis 100, kein Prozentwert. Onlinebefragung in deutscher Sprache im März 2026; Analysestichprobe 5.231. Die realisierte Stichprobe umfasste 5.302 Personen, darunter 456 muslimische Befragte; diese Zahl beschreibt die Stichprobe vor Bereinigung und ist keine Fallzahl je Balken. Untergruppen-Fallzahlen sind nicht ausgewiesen. Gewichtete Zusammenhänge erlauben keine Aussage über eine Ursache oder über einzelne Menschen. Der Bericht erörtert sowohl gesellschaftliche Anerkennung und Diskriminierung als auch religiöse Binnenorientierung als mögliche Erklärungen. Geringere Verbundenheit mit Institutionen ist nicht mit geringerer Solidarität oder geringerem Engagement gleichzusetzen."
rm2026_detail_gemeinwohl,Gemeinwohlorientierung nach Religion und Religiosität · 2026,Deutschland,Evangelisch · Religiosität mittel,56,index,Religionsmonitor 2026,Wohnbevölkerung Deutschlands ab 18 Jahren; jeweilige Untergruppe,,März 2026,,Religionsmonitor Kompakt: Gesellschaftlicher Zusammenhalt (2026),https://www.bertelsmann-stiftung.de/fileadmin/files/Projekte/Zusammen_in_Vielfalt/Religionsmonitor_Kompakt_Gesellschaftlicher_Zusammenhalt_2026.pdf,"Abbildung 5, S. 12; Einordnung S. 11–12",,"Indexwerte von 0 bis 100, kein Prozentwert. Onlinebefragung in deutscher Sprache im März 2026; Analysestichprobe 5.231. Die realisierte Stichprobe umfasste 5.302 Personen, darunter 456 muslimische Befragte; diese Zahl beschreibt die Stichprobe vor Bereinigung und ist keine Fallzahl je Balken. Untergruppen-Fallzahlen sind nicht ausgewiesen. Gewichtete Zusammenhänge erlauben keine Aussage über eine Ursache oder über einzelne Menschen. Der Bericht erörtert sowohl gesellschaftliche Anerkennung und Diskriminierung als auch religiöse Binnenorientierung als mögliche Erklärungen. Geringere Verbundenheit mit Institutionen ist nicht mit geringerer Solidarität oder geringerem Engagement gleichzusetzen."
rm2026_detail_gemeinwohl,Gemeinwohlorientierung nach Religion und Religiosität · 2026,Deutschland,Evangelisch · Religiosität hoch,65,index,Religionsmonitor 2026,Wohnbevölkerung Deutschlands ab 18 Jahren; jeweilige Untergruppe,,März 2026,,Religionsmonitor Kompakt: Gesellschaftlicher Zusammenhalt (2026),https://www.bertelsmann-stiftung.de/fileadmin/files/Projekte/Zusammen_in_Vielfalt/Religionsmonitor_Kompakt_Gesellschaftlicher_Zusammenhalt_2026.pdf,"Abbildung 5, S. 12; Einordnung S. 11–12",,"Indexwerte von 0 bis 100, kein Prozentwert. Onlinebefragung in deutscher Sprache im März 2026; Analysestichprobe 5.231. Die realisierte Stichprobe umfasste 5.302 Personen, darunter 456 muslimische Befragte; diese Zahl beschreibt die Stichprobe vor Bereinigung und ist keine Fallzahl je Balken. Untergruppen-Fallzahlen sind nicht ausgewiesen. Gewichtete Zusammenhänge erlauben keine Aussage über eine Ursache oder über einzelne Menschen. Der Bericht erörtert sowohl gesellschaftliche Anerkennung und Diskriminierung als auch religiöse Binnenorientierung als mögliche Erklärungen. Geringere Verbundenheit mit Institutionen ist nicht mit geringerer Solidarität oder geringerem Engagement gleichzusetzen."
rm2026_detail_gemeinwohl,Gemeinwohlorientierung nach Religion und Religiosität · 2026,Deutschland,Muslimisch · Religiosität niedrig,46,index,Religionsmonitor 2026,Wohnbevölkerung Deutschlands ab 18 Jahren; jeweilige Untergruppe,,März 2026,,Religionsmonitor Kompakt: Gesellschaftlicher Zusammenhalt (2026),https://www.bertelsmann-stiftung.de/fileadmin/files/Projekte/Zusammen_in_Vielfalt/Religionsmonitor_Kompakt_Gesellschaftlicher_Zusammenhalt_2026.pdf,"Abbildung 5, S. 12; Einordnung S. 11–12",,"Indexwerte von 0 bis 100, kein Prozentwert. Onlinebefragung in deutscher Sprache im März 2026; Analysestichprobe 5.231. Die realisierte Stichprobe umfasste 5.302 Personen, darunter 456 muslimische Befragte; diese Zahl beschreibt die Stichprobe vor Bereinigung und ist keine Fallzahl je Balken. Untergruppen-Fallzahlen sind nicht ausgewiesen. Gewichtete Zusammenhänge erlauben keine Aussage über eine Ursache oder über einzelne Menschen. Der Bericht erörtert sowohl gesellschaftliche Anerkennung und Diskriminierung als auch religiöse Binnenorientierung als mögliche Erklärungen. Geringere Verbundenheit mit Institutionen ist nicht mit geringerer Solidarität oder geringerem Engagement gleichzusetzen."
rm2026_detail_gemeinwohl,Gemeinwohlorientierung nach Religion und Religiosität · 2026,Deutschland,Muslimisch · Religiosität mittel,50,index,Religionsmonitor 2026,Wohnbevölkerung Deutschlands ab 18 Jahren; jeweilige Untergruppe,,März 2026,,Religionsmonitor Kompakt: Gesellschaftlicher Zusammenhalt (2026),https://www.bertelsmann-stiftung.de/fileadmin/files/Projekte/Zusammen_in_Vielfalt/Religionsmonitor_Kompakt_Gesellschaftlicher_Zusammenhalt_2026.pdf,"Abbildung 5, S. 12; Einordnung S. 11–12",,"Indexwerte von 0 bis 100, kein Prozentwert. Onlinebefragung in deutscher Sprache im März 2026; Analysestichprobe 5.231. Die realisierte Stichprobe umfasste 5.302 Personen, darunter 456 muslimische Befragte; diese Zahl beschreibt die Stichprobe vor Bereinigung und ist keine Fallzahl je Balken. Untergruppen-Fallzahlen sind nicht ausgewiesen. Gewichtete Zusammenhänge erlauben keine Aussage über eine Ursache oder über einzelne Menschen. Der Bericht erörtert sowohl gesellschaftliche Anerkennung und Diskriminierung als auch religiöse Binnenorientierung als mögliche Erklärungen. Geringere Verbundenheit mit Institutionen ist nicht mit geringerer Solidarität oder geringerem Engagement gleichzusetzen."
rm2026_detail_gemeinwohl,Gemeinwohlorientierung nach Religion und Religiosität · 2026,Deutschland,Muslimisch · Religiosität hoch,52,index,Religionsmonitor 2026,Wohnbevölkerung Deutschlands ab 18 Jahren; jeweilige Untergruppe,,März 2026,,Religionsmonitor Kompakt: Gesellschaftlicher Zusammenhalt (2026),https://www.bertelsmann-stiftung.de/fileadmin/files/Projekte/Zusammen_in_Vielfalt/Religionsmonitor_Kompakt_Gesellschaftlicher_Zusammenhalt_2026.pdf,"Abbildung 5, S. 12; Einordnung S. 11–12",,"Indexwerte von 0 bis 100, kein Prozentwert. Onlinebefragung in deutscher Sprache im März 2026; Analysestichprobe 5.231. Die realisierte Stichprobe umfasste 5.302 Personen, darunter 456 muslimische Befragte; diese Zahl beschreibt die Stichprobe vor Bereinigung und ist keine Fallzahl je Balken. Untergruppen-Fallzahlen sind nicht ausgewiesen. Gewichtete Zusammenhänge erlauben keine Aussage über eine Ursache oder über einzelne Menschen. Der Bericht erörtert sowohl gesellschaftliche Anerkennung und Diskriminierung als auch religiöse Binnenorientierung als mögliche Erklärungen. Geringere Verbundenheit mit Institutionen ist nicht mit geringerer Solidarität oder geringerem Engagement gleichzusetzen."
rm2026_regions,Gesellschaftlicher Zusammenhalt nach Bundesland · 2026,Deutschland,Schleswig-Holstein,50,index,Religionsmonitor 2026,Wohnbevölkerung Deutschlands ab 18 Jahren; jeweilige Untergruppe,,März 2026,,Religionsmonitor Kompakt: Gesellschaftlicher Zusammenhalt (2026),https://www.bertelsmann-stiftung.de/fileadmin/files/Projekte/Zusammen_in_Vielfalt/Religionsmonitor_Kompakt_Gesellschaftlicher_Zusammenhalt_2026.pdf,"Abbildung 3, S. 8",,"Indexwerte von 0 bis 100, kein Prozentwert. Onlinebefragung in deutscher Sprache im März 2026; Analysestichprobe 5.231. Die realisierte Stichprobe umfasste 5.302 Personen, darunter 456 muslimische Befragte; diese Zahl beschreibt die Stichprobe vor Bereinigung und ist keine Fallzahl je Balken. Untergruppen-Fallzahlen sind nicht ausgewiesen. Gewichtete Zusammenhänge erlauben keine Aussage über eine Ursache oder über einzelne Menschen. Die Länderwerte wurden visuell aus der Karte übertragen. Die Fallzahlen je Bundesland sind nicht ausgewiesen; kleine Punktabstände sind ohne Unsicherheitsangaben keine belastbare Rangfolge."
rm2026_regions,Gesellschaftlicher Zusammenhalt nach Bundesland · 2026,Deutschland,Hamburg,58,index,Religionsmonitor 2026,Wohnbevölkerung Deutschlands ab 18 Jahren; jeweilige Untergruppe,,März 2026,,Religionsmonitor Kompakt: Gesellschaftlicher Zusammenhalt (2026),https://www.bertelsmann-stiftung.de/fileadmin/files/Projekte/Zusammen_in_Vielfalt/Religionsmonitor_Kompakt_Gesellschaftlicher_Zusammenhalt_2026.pdf,"Abbildung 3, S. 8",,"Indexwerte von 0 bis 100, kein Prozentwert. Onlinebefragung in deutscher Sprache im März 2026; Analysestichprobe 5.231. Die realisierte Stichprobe umfasste 5.302 Personen, darunter 456 muslimische Befragte; diese Zahl beschreibt die Stichprobe vor Bereinigung und ist keine Fallzahl je Balken. Untergruppen-Fallzahlen sind nicht ausgewiesen. Gewichtete Zusammenhänge erlauben keine Aussage über eine Ursache oder über einzelne Menschen. Die Länderwerte wurden visuell aus der Karte übertragen. Die Fallzahlen je Bundesland sind nicht ausgewiesen; kleine Punktabstände sind ohne Unsicherheitsangaben keine belastbare Rangfolge."
rm2026_regions,Gesellschaftlicher Zusammenhalt nach Bundesland · 2026,Deutschland,Bremen,51,index,Religionsmonitor 2026,Wohnbevölkerung Deutschlands ab 18 Jahren; jeweilige Untergruppe,,März 2026,,Religionsmonitor Kompakt: Gesellschaftlicher Zusammenhalt (2026),https://www.bertelsmann-stiftung.de/fileadmin/files/Projekte/Zusammen_in_Vielfalt/Religionsmonitor_Kompakt_Gesellschaftlicher_Zusammenhalt_2026.pdf,"Abbildung 3, S. 8",,"Indexwerte von 0 bis 100, kein Prozentwert. Onlinebefragung in deutscher Sprache im März 2026; Analysestichprobe 5.231. Die realisierte Stichprobe umfasste 5.302 Personen, darunter 456 muslimische Befragte; diese Zahl beschreibt die Stichprobe vor Bereinigung und ist keine Fallzahl je Balken. Untergruppen-Fallzahlen sind nicht ausgewiesen. Gewichtete Zusammenhänge erlauben keine Aussage über eine Ursache oder über einzelne Menschen. Die Länderwerte wurden visuell aus der Karte übertragen. Die Fallzahlen je Bundesland sind nicht ausgewiesen; kleine Punktabstände sind ohne Unsicherheitsangaben keine belastbare Rangfolge."
rm2026_regions,Gesellschaftlicher Zusammenhalt nach Bundesland · 2026,Deutschland,Niedersachsen,51,index,Religionsmonitor 2026,Wohnbevölkerung Deutschlands ab 18 Jahren; jeweilige Untergruppe,,März 2026,,Religionsmonitor Kompakt: Gesellschaftlicher Zusammenhalt (2026),https://www.bertelsmann-stiftung.de/fileadmin/files/Projekte/Zusammen_in_Vielfalt/Religionsmonitor_Kompakt_Gesellschaftlicher_Zusammenhalt_2026.pdf,"Abbildung 3, S. 8",,"Indexwerte von 0 bis 100, kein Prozentwert. Onlinebefragung in deutscher Sprache im März 2026; Analysestichprobe 5.231. Die realisierte Stichprobe umfasste 5.302 Personen, darunter 456 muslimische Befragte; diese Zahl beschreibt die Stichprobe vor Bereinigung und ist keine Fallzahl je Balken. Untergruppen-Fallzahlen sind nicht ausgewiesen. Gewichtete Zusammenhänge erlauben keine Aussage über eine Ursache oder über einzelne Menschen. Die Länderwerte wurden visuell aus der Karte übertragen. Die Fallzahlen je Bundesland sind nicht ausgewiesen; kleine Punktabstände sind ohne Unsicherheitsangaben keine belastbare Rangfolge."
rm2026_regions,Gesellschaftlicher Zusammenhalt nach Bundesland · 2026,Deutschland,Mecklenburg-Vorpommern,51,index,Religionsmonitor 2026,Wohnbevölkerung Deutschlands ab 18 Jahren; jeweilige Untergruppe,,März 2026,,Religionsmonitor Kompakt: Gesellschaftlicher Zusammenhalt (2026),https://www.bertelsmann-stiftung.de/fileadmin/files/Projekte/Zusammen_in_Vielfalt/Religionsmonitor_Kompakt_Gesellschaftlicher_Zusammenhalt_2026.pdf,"Abbildung 3, S. 8",,"Indexwerte von 0 bis 100, kein Prozentwert. Onlinebefragung in deutscher Sprache im März 2026; Analysestichprobe 5.231. Die realisierte Stichprobe umfasste 5.302 Personen, darunter 456 muslimische Befragte; diese Zahl beschreibt die Stichprobe vor Bereinigung und ist keine Fallzahl je Balken. Untergruppen-Fallzahlen sind nicht ausgewiesen. Gewichtete Zusammenhänge erlauben keine Aussage über eine Ursache oder über einzelne Menschen. Die Länderwerte wurden visuell aus der Karte übertragen. Die Fallzahlen je Bundesland sind nicht ausgewiesen; kleine Punktabstände sind ohne Unsicherheitsangaben keine belastbare Rangfolge."
rm2026_regions,Gesellschaftlicher Zusammenhalt nach Bundesland · 2026,Deutschland,Brandenburg,48,index,Religionsmonitor 2026,Wohnbevölkerung Deutschlands ab 18 Jahren; jeweilige Untergruppe,,März 2026,,Religionsmonitor Kompakt: Gesellschaftlicher Zusammenhalt (2026),https://www.bertelsmann-stiftung.de/fileadmin/files/Projekte/Zusammen_in_Vielfalt/Religionsmonitor_Kompakt_Gesellschaftlicher_Zusammenhalt_2026.pdf,"Abbildung 3, S. 8",,"Indexwerte von 0 bis 100, kein Prozentwert. Onlinebefragung in deutscher Sprache im März 2026; Analysestichprobe 5.231. Die realisierte Stichprobe umfasste 5.302 Personen, darunter 456 muslimische Befragte; diese Zahl beschreibt die Stichprobe vor Bereinigung und ist keine Fallzahl je Balken. Untergruppen-Fallzahlen sind nicht ausgewiesen. Gewichtete Zusammenhänge erlauben keine Aussage über eine Ursache oder über einzelne Menschen. Die Länderwerte wurden visuell aus der Karte übertragen. Die Fallzahlen je Bundesland sind nicht ausgewiesen; kleine Punktabstände sind ohne Unsicherheitsangaben keine belastbare Rangfolge."
rm2026_regions,Gesellschaftlicher Zusammenhalt nach Bundesland · 2026,Deutschland,Berlin,50,index,Religionsmonitor 2026,Wohnbevölkerung Deutschlands ab 18 Jahren; jeweilige Untergruppe,,März 2026,,Religionsmonitor Kompakt: Gesellschaftlicher Zusammenhalt (2026),https://www.bertelsmann-stiftung.de/fileadmin/files/Projekte/Zusammen_in_Vielfalt/Religionsmonitor_Kompakt_Gesellschaftlicher_Zusammenhalt_2026.pdf,"Abbildung 3, S. 8",,"Indexwerte von 0 bis 100, kein Prozentwert. Onlinebefragung in deutscher Sprache im März 2026; Analysestichprobe 5.231. Die realisierte Stichprobe umfasste 5.302 Personen, darunter 456 muslimische Befragte; diese Zahl beschreibt die Stichprobe vor Bereinigung und ist keine Fallzahl je Balken. Untergruppen-Fallzahlen sind nicht ausgewiesen. Gewichtete Zusammenhänge erlauben keine Aussage über eine Ursache oder über einzelne Menschen. Die Länderwerte wurden visuell aus der Karte übertragen. Die Fallzahlen je Bundesland sind nicht ausgewiesen; kleine Punktabstände sind ohne Unsicherheitsangaben keine belastbare Rangfolge."
rm2026_regions,Gesellschaftlicher Zusammenhalt nach Bundesland · 2026,Deutschland,Sachsen-Anhalt,45,index,Religionsmonitor 2026,Wohnbevölkerung Deutschlands ab 18 Jahren; jeweilige Untergruppe,,März 2026,,Religionsmonitor Kompakt: Gesellschaftlicher Zusammenhalt (2026),https://www.bertelsmann-stiftung.de/fileadmin/files/Projekte/Zusammen_in_Vielfalt/Religionsmonitor_Kompakt_Gesellschaftlicher_Zusammenhalt_2026.pdf,"Abbildung 3, S. 8",,"Indexwerte von 0 bis 100, kein Prozentwert. Onlinebefragung in deutscher Sprache im März 2026; Analysestichprobe 5.231. Die realisierte Stichprobe umfasste 5.302 Personen, darunter 456 muslimische Befragte; diese Zahl beschreibt die Stichprobe vor Bereinigung und ist keine Fallzahl je Balken. Untergruppen-Fallzahlen sind nicht ausgewiesen. Gewichtete Zusammenhänge erlauben keine Aussage über eine Ursache oder über einzelne Menschen. Die Länderwerte wurden visuell aus der Karte übertragen. Die Fallzahlen je Bundesland sind nicht ausgewiesen; kleine Punktabstände sind ohne Unsicherheitsangaben keine belastbare Rangfolge."
rm2026_regions,Gesellschaftlicher Zusammenhalt nach Bundesland · 2026,Deutschland,Sachsen,49,index,Religionsmonitor 2026,Wohnbevölkerung Deutschlands ab 18 Jahren; jeweilige Untergruppe,,März 2026,,Religionsmonitor Kompakt: Gesellschaftlicher Zusammenhalt (2026),https://www.bertelsmann-stiftung.de/fileadmin/files/Projekte/Zusammen_in_Vielfalt/Religionsmonitor_Kompakt_Gesellschaftlicher_Zusammenhalt_2026.pdf,"Abbildung 3, S. 8",,"Indexwerte von 0 bis 100, kein Prozentwert. Onlinebefragung in deutscher Sprache im März 2026; Analysestichprobe 5.231. Die realisierte Stichprobe umfasste 5.302 Personen, darunter 456 muslimische Befragte; diese Zahl beschreibt die Stichprobe vor Bereinigung und ist keine Fallzahl je Balken. Untergruppen-Fallzahlen sind nicht ausgewiesen. Gewichtete Zusammenhänge erlauben keine Aussage über eine Ursache oder über einzelne Menschen. Die Länderwerte wurden visuell aus der Karte übertragen. Die Fallzahlen je Bundesland sind nicht ausgewiesen; kleine Punktabstände sind ohne Unsicherheitsangaben keine belastbare Rangfolge."
rm2026_regions,Gesellschaftlicher Zusammenhalt nach Bundesland · 2026,Deutschland,Thüringen,48,index,Religionsmonitor 2026,Wohnbevölkerung Deutschlands ab 18 Jahren; jeweilige Untergruppe,,März 2026,,Religionsmonitor Kompakt: Gesellschaftlicher Zusammenhalt (2026),https://www.bertelsmann-stiftung.de/fileadmin/files/Projekte/Zusammen_in_Vielfalt/Religionsmonitor_Kompakt_Gesellschaftlicher_Zusammenhalt_2026.pdf,"Abbildung 3, S. 8",,"Indexwerte von 0 bis 100, kein Prozentwert. Onlinebefragung in deutscher Sprache im März 2026; Analysestichprobe 5.231. Die realisierte Stichprobe umfasste 5.302 Personen, darunter 456 muslimische Befragte; diese Zahl beschreibt die Stichprobe vor Bereinigung und ist keine Fallzahl je Balken. Untergruppen-Fallzahlen sind nicht ausgewiesen. Gewichtete Zusammenhänge erlauben keine Aussage über eine Ursache oder über einzelne Menschen. Die Länderwerte wurden visuell aus der Karte übertragen. Die Fallzahlen je Bundesland sind nicht ausgewiesen; kleine Punktabstände sind ohne Unsicherheitsangaben keine belastbare Rangfolge."
rm2026_regions,Gesellschaftlicher Zusammenhalt nach Bundesland · 2026,Deutschland,Nordrhein-Westfalen,51,index,Religionsmonitor 2026,Wohnbevölkerung Deutschlands ab 18 Jahren; jeweilige Untergruppe,,März 2026,,Religionsmonitor Kompakt: Gesellschaftlicher Zusammenhalt (2026),https://www.bertelsmann-stiftung.de/fileadmin/files/Projekte/Zusammen_in_Vielfalt/Religionsmonitor_Kompakt_Gesellschaftlicher_Zusammenhalt_2026.pdf,"Abbildung 3, S. 8",,"Indexwerte von 0 bis 100, kein Prozentwert. Onlinebefragung in deutscher Sprache im März 2026; Analysestichprobe 5.231. Die realisierte Stichprobe umfasste 5.302 Personen, darunter 456 muslimische Befragte; diese Zahl beschreibt die Stichprobe vor Bereinigung und ist keine Fallzahl je Balken. Untergruppen-Fallzahlen sind nicht ausgewiesen. Gewichtete Zusammenhänge erlauben keine Aussage über eine Ursache oder über einzelne Menschen. Die Länderwerte wurden visuell aus der Karte übertragen. Die Fallzahlen je Bundesland sind nicht ausgewiesen; kleine Punktabstände sind ohne Unsicherheitsangaben keine belastbare Rangfolge."
rm2026_regions,Gesellschaftlicher Zusammenhalt nach Bundesland · 2026,Deutschland,Hessen,52,index,Religionsmonitor 2026,Wohnbevölkerung Deutschlands ab 18 Jahren; jeweilige Untergruppe,,März 2026,,Religionsmonitor Kompakt: Gesellschaftlicher Zusammenhalt (2026),https://www.bertelsmann-stiftung.de/fileadmin/files/Projekte/Zusammen_in_Vielfalt/Religionsmonitor_Kompakt_Gesellschaftlicher_Zusammenhalt_2026.pdf,"Abbildung 3, S. 8",,"Indexwerte von 0 bis 100, kein Prozentwert. Onlinebefragung in deutscher Sprache im März 2026; Analysestichprobe 5.231. Die realisierte Stichprobe umfasste 5.302 Personen, darunter 456 muslimische Befragte; diese Zahl beschreibt die Stichprobe vor Bereinigung und ist keine Fallzahl je Balken. Untergruppen-Fallzahlen sind nicht ausgewiesen. Gewichtete Zusammenhänge erlauben keine Aussage über eine Ursache oder über einzelne Menschen. Die Länderwerte wurden visuell aus der Karte übertragen. Die Fallzahlen je Bundesland sind nicht ausgewiesen; kleine Punktabstände sind ohne Unsicherheitsangaben keine belastbare Rangfolge."
rm2026_regions,Gesellschaftlicher Zusammenhalt nach Bundesland · 2026,Deutschland,Rheinland-Pfalz,53,index,Religionsmonitor 2026,Wohnbevölkerung Deutschlands ab 18 Jahren; jeweilige Untergruppe,,März 2026,,Religionsmonitor Kompakt: Gesellschaftlicher Zusammenhalt (2026),https://www.bertelsmann-stiftung.de/fileadmin/files/Projekte/Zusammen_in_Vielfalt/Religionsmonitor_Kompakt_Gesellschaftlicher_Zusammenhalt_2026.pdf,"Abbildung 3, S. 8",,"Indexwerte von 0 bis 100, kein Prozentwert. Onlinebefragung in deutscher Sprache im März 2026; Analysestichprobe 5.231. Die realisierte Stichprobe umfasste 5.302 Personen, darunter 456 muslimische Befragte; diese Zahl beschreibt die Stichprobe vor Bereinigung und ist keine Fallzahl je Balken. Untergruppen-Fallzahlen sind nicht ausgewiesen. Gewichtete Zusammenhänge erlauben keine Aussage über eine Ursache oder über einzelne Menschen. Die Länderwerte wurden visuell aus der Karte übertragen. Die Fallzahlen je Bundesland sind nicht ausgewiesen; kleine Punktabstände sind ohne Unsicherheitsangaben keine belastbare Rangfolge."
rm2026_regions,Gesellschaftlicher Zusammenhalt nach Bundesland · 2026,Deutschland,Saarland,55,index,Religionsmonitor 2026,Wohnbevölkerung Deutschlands ab 18 Jahren; jeweilige Untergruppe,,März 2026,,Religionsmonitor Kompakt: Gesellschaftlicher Zusammenhalt (2026),https://www.bertelsmann-stiftung.de/fileadmin/files/Projekte/Zusammen_in_Vielfalt/Religionsmonitor_Kompakt_Gesellschaftlicher_Zusammenhalt_2026.pdf,"Abbildung 3, S. 8",,"Indexwerte von 0 bis 100, kein Prozentwert. Onlinebefragung in deutscher Sprache im März 2026; Analysestichprobe 5.231. Die realisierte Stichprobe umfasste 5.302 Personen, darunter 456 muslimische Befragte; diese Zahl beschreibt die Stichprobe vor Bereinigung und ist keine Fallzahl je Balken. Untergruppen-Fallzahlen sind nicht ausgewiesen. Gewichtete Zusammenhänge erlauben keine Aussage über eine Ursache oder über einzelne Menschen. Die Länderwerte wurden visuell aus der Karte übertragen. Die Fallzahlen je Bundesland sind nicht ausgewiesen; kleine Punktabstände sind ohne Unsicherheitsangaben keine belastbare Rangfolge."
rm2026_regions,Gesellschaftlicher Zusammenhalt nach Bundesland · 2026,Deutschland,Baden-Württemberg,51,index,Religionsmonitor 2026,Wohnbevölkerung Deutschlands ab 18 Jahren; jeweilige Untergruppe,,März 2026,,Religionsmonitor Kompakt: Gesellschaftlicher Zusammenhalt (2026),https://www.bertelsmann-stiftung.de/fileadmin/files/Projekte/Zusammen_in_Vielfalt/Religionsmonitor_Kompakt_Gesellschaftlicher_Zusammenhalt_2026.pdf,"Abbildung 3, S. 8",,"Indexwerte von 0 bis 100, kein Prozentwert. Onlinebefragung in deutscher Sprache im März 2026; Analysestichprobe 5.231. Die realisierte Stichprobe umfasste 5.302 Personen, darunter 456 muslimische Befragte; diese Zahl beschreibt die Stichprobe vor Bereinigung und ist keine Fallzahl je Balken. Untergruppen-Fallzahlen sind nicht ausgewiesen. Gewichtete Zusammenhänge erlauben keine Aussage über eine Ursache oder über einzelne Menschen. Die Länderwerte wurden visuell aus der Karte übertragen. Die Fallzahlen je Bundesland sind nicht ausgewiesen; kleine Punktabstände sind ohne Unsicherheitsangaben keine belastbare Rangfolge."
rm2026_regions,Gesellschaftlicher Zusammenhalt nach Bundesland · 2026,Deutschland,Bayern,52,index,Religionsmonitor 2026,Wohnbevölkerung Deutschlands ab 18 Jahren; jeweilige Untergruppe,,März 2026,,Religionsmonitor Kompakt: Gesellschaftlicher Zusammenhalt (2026),https://www.bertelsmann-stiftung.de/fileadmin/files/Projekte/Zusammen_in_Vielfalt/Religionsmonitor_Kompakt_Gesellschaftlicher_Zusammenhalt_2026.pdf,"Abbildung 3, S. 8",,"Indexwerte von 0 bis 100, kein Prozentwert. Onlinebefragung in deutscher Sprache im März 2026; Analysestichprobe 5.231. Die realisierte Stichprobe umfasste 5.302 Personen, darunter 456 muslimische Befragte; diese Zahl beschreibt die Stichprobe vor Bereinigung und ist keine Fallzahl je Balken. Untergruppen-Fallzahlen sind nicht ausgewiesen. Gewichtete Zusammenhänge erlauben keine Aussage über eine Ursache oder über einzelne Menschen. Die Länderwerte wurden visuell aus der Karte übertragen. Die Fallzahlen je Bundesland sind nicht ausgewiesen; kleine Punktabstände sind ohne Unsicherheitsangaben keine belastbare Rangfolge."
rm2026_dimensions,Neun Dimensionen des gesellschaftlichen Zusammenhalts · 2026,Deutschland,Soziale Netze,58,index,Religionsmonitor 2026,"Wohnbevölkerung Deutschlands ab 18 Jahren, alle Befragten",5231,März 2026,,Religionsmonitor Kompakt: Gesellschaftlicher Zusammenhalt (2026),https://www.bertelsmann-stiftung.de/fileadmin/files/Projekte/Zusammen_in_Vielfalt/Religionsmonitor_Kompakt_Gesellschaftlicher_Zusammenhalt_2026.pdf,"Tabelle 2, S. 7; Fragen in Tabelle 1, S. 4",,"Indexwerte von 0 bis 100, kein Prozentwert. Onlinebefragung in deutscher Sprache im März 2026; Analysestichprobe 5.231. Die realisierte Stichprobe umfasste 5.302 Personen, darunter 456 muslimische Befragte; diese Zahl beschreibt die Stichprobe vor Bereinigung und ist keine Fallzahl je Balken. Untergruppen-Fallzahlen sind nicht ausgewiesen. Gewichtete Zusammenhänge erlauben keine Aussage über eine Ursache oder über einzelne Menschen. Übernommen wird Tabelle 2: Identifikation 68 Punkte. Der Fließtext auf derselben Seite nennt abweichend 67; diese Abweichung wird nicht stillschweigend geglättet. Jeder Kurzindex-Indikator steht für eine Dimension; politische Teilhabe wird hier durch politisches Interesse erfasst."
rm2026_dimensions,Neun Dimensionen des gesellschaftlichen Zusammenhalts · 2026,Deutschland,Vertrauen in die Mitmenschen,57,index,Religionsmonitor 2026,"Wohnbevölkerung Deutschlands ab 18 Jahren, alle Befragten",5231,März 2026,,Religionsmonitor Kompakt: Gesellschaftlicher Zusammenhalt (2026),https://www.bertelsmann-stiftung.de/fileadmin/files/Projekte/Zusammen_in_Vielfalt/Religionsmonitor_Kompakt_Gesellschaftlicher_Zusammenhalt_2026.pdf,"Tabelle 2, S. 7; Fragen in Tabelle 1, S. 4",,"Indexwerte von 0 bis 100, kein Prozentwert. Onlinebefragung in deutscher Sprache im März 2026; Analysestichprobe 5.231. Die realisierte Stichprobe umfasste 5.302 Personen, darunter 456 muslimische Befragte; diese Zahl beschreibt die Stichprobe vor Bereinigung und ist keine Fallzahl je Balken. Untergruppen-Fallzahlen sind nicht ausgewiesen. Gewichtete Zusammenhänge erlauben keine Aussage über eine Ursache oder über einzelne Menschen. Übernommen wird Tabelle 2: Identifikation 68 Punkte. Der Fließtext auf derselben Seite nennt abweichend 67; diese Abweichung wird nicht stillschweigend geglättet. Jeder Kurzindex-Indikator steht für eine Dimension; politische Teilhabe wird hier durch politisches Interesse erfasst."
rm2026_dimensions,Neun Dimensionen des gesellschaftlichen Zusammenhalts · 2026,Deutschland,Akzeptanz von Diversität,55,index,Religionsmonitor 2026,"Wohnbevölkerung Deutschlands ab 18 Jahren, alle Befragten",5231,März 2026,,Religionsmonitor Kompakt: Gesellschaftlicher Zusammenhalt (2026),https://www.bertelsmann-stiftung.de/fileadmin/files/Projekte/Zusammen_in_Vielfalt/Religionsmonitor_Kompakt_Gesellschaftlicher_Zusammenhalt_2026.pdf,"Tabelle 2, S. 7; Fragen in Tabelle 1, S. 4",,"Indexwerte von 0 bis 100, kein Prozentwert. Onlinebefragung in deutscher Sprache im März 2026; Analysestichprobe 5.231. Die realisierte Stichprobe umfasste 5.302 Personen, darunter 456 muslimische Befragte; diese Zahl beschreibt die Stichprobe vor Bereinigung und ist keine Fallzahl je Balken. Untergruppen-Fallzahlen sind nicht ausgewiesen. Gewichtete Zusammenhänge erlauben keine Aussage über eine Ursache oder über einzelne Menschen. Übernommen wird Tabelle 2: Identifikation 68 Punkte. Der Fließtext auf derselben Seite nennt abweichend 67; diese Abweichung wird nicht stillschweigend geglättet. Jeder Kurzindex-Indikator steht für eine Dimension; politische Teilhabe wird hier durch politisches Interesse erfasst."
rm2026_dimensions,Neun Dimensionen des gesellschaftlichen Zusammenhalts · 2026,Deutschland,Identifikation mit dem Wohnort,68,index,Religionsmonitor 2026,"Wohnbevölkerung Deutschlands ab 18 Jahren, alle Befragten",5231,März 2026,,Religionsmonitor Kompakt: Gesellschaftlicher Zusammenhalt (2026),https://www.bertelsmann-stiftung.de/fileadmin/files/Projekte/Zusammen_in_Vielfalt/Religionsmonitor_Kompakt_Gesellschaftlicher_Zusammenhalt_2026.pdf,"Tabelle 2, S. 7; Fragen in Tabelle 1, S. 4",,"Indexwerte von 0 bis 100, kein Prozentwert. Onlinebefragung in deutscher Sprache im März 2026; Analysestichprobe 5.231. Die realisierte Stichprobe umfasste 5.302 Personen, darunter 456 muslimische Befragte; diese Zahl beschreibt die Stichprobe vor Bereinigung und ist keine Fallzahl je Balken. Untergruppen-Fallzahlen sind nicht ausgewiesen. Gewichtete Zusammenhänge erlauben keine Aussage über eine Ursache oder über einzelne Menschen. Übernommen wird Tabelle 2: Identifikation 68 Punkte. Der Fließtext auf derselben Seite nennt abweichend 67; diese Abweichung wird nicht stillschweigend geglättet. Jeder Kurzindex-Indikator steht für eine Dimension; politische Teilhabe wird hier durch politisches Interesse erfasst."
rm2026_dimensions,Neun Dimensionen des gesellschaftlichen Zusammenhalts · 2026,Deutschland,Vertrauen in die Bundesregierung,37,index,Religionsmonitor 2026,"Wohnbevölkerung Deutschlands ab 18 Jahren, alle Befragten",5231,März 2026,,Religionsmonitor Kompakt: Gesellschaftlicher Zusammenhalt (2026),https://www.bertelsmann-stiftung.de/fileadmin/files/Projekte/Zusammen_in_Vielfalt/Religionsmonitor_Kompakt_Gesellschaftlicher_Zusammenhalt_2026.pdf,"Tabelle 2, S. 7; Fragen in Tabelle 1, S. 4",,"Indexwerte von 0 bis 100, kein Prozentwert. Onlinebefragung in deutscher Sprache im März 2026; Analysestichprobe 5.231. Die realisierte Stichprobe umfasste 5.302 Personen, darunter 456 muslimische Befragte; diese Zahl beschreibt die Stichprobe vor Bereinigung und ist keine Fallzahl je Balken. Untergruppen-Fallzahlen sind nicht ausgewiesen. Gewichtete Zusammenhänge erlauben keine Aussage über eine Ursache oder über einzelne Menschen. Übernommen wird Tabelle 2: Identifikation 68 Punkte. Der Fließtext auf derselben Seite nennt abweichend 67; diese Abweichung wird nicht stillschweigend geglättet. Jeder Kurzindex-Indikator steht für eine Dimension; politische Teilhabe wird hier durch politisches Interesse erfasst."
rm2026_dimensions,Neun Dimensionen des gesellschaftlichen Zusammenhalts · 2026,Deutschland,Gerechtigkeitsempfinden,25,index,Religionsmonitor 2026,"Wohnbevölkerung Deutschlands ab 18 Jahren, alle Befragten",5231,März 2026,,Religionsmonitor Kompakt: Gesellschaftlicher Zusammenhalt (2026),https://www.bertelsmann-stiftung.de/fileadmin/files/Projekte/Zusammen_in_Vielfalt/Religionsmonitor_Kompakt_Gesellschaftlicher_Zusammenhalt_2026.pdf,"Tabelle 2, S. 7; Fragen in Tabelle 1, S. 4",,"Indexwerte von 0 bis 100, kein Prozentwert. Onlinebefragung in deutscher Sprache im März 2026; Analysestichprobe 5.231. Die realisierte Stichprobe umfasste 5.302 Personen, darunter 456 muslimische Befragte; diese Zahl beschreibt die Stichprobe vor Bereinigung und ist keine Fallzahl je Balken. Untergruppen-Fallzahlen sind nicht ausgewiesen. Gewichtete Zusammenhänge erlauben keine Aussage über eine Ursache oder über einzelne Menschen. Übernommen wird Tabelle 2: Identifikation 68 Punkte. Der Fließtext auf derselben Seite nennt abweichend 67; diese Abweichung wird nicht stillschweigend geglättet. Jeder Kurzindex-Indikator steht für eine Dimension; politische Teilhabe wird hier durch politisches Interesse erfasst."
rm2026_dimensions,Neun Dimensionen des gesellschaftlichen Zusammenhalts · 2026,Deutschland,Solidarität und Hilfsbereitschaft,33,index,Religionsmonitor 2026,"Wohnbevölkerung Deutschlands ab 18 Jahren, alle Befragten",5231,März 2026,,Religionsmonitor Kompakt: Gesellschaftlicher Zusammenhalt (2026),https://www.bertelsmann-stiftung.de/fileadmin/files/Projekte/Zusammen_in_Vielfalt/Religionsmonitor_Kompakt_Gesellschaftlicher_Zusammenhalt_2026.pdf,"Tabelle 2, S. 7; Fragen in Tabelle 1, S. 4",,"Indexwerte von 0 bis 100, kein Prozentwert. Onlinebefragung in deutscher Sprache im März 2026; Analysestichprobe 5.231. Die realisierte Stichprobe umfasste 5.302 Personen, darunter 456 muslimische Befragte; diese Zahl beschreibt die Stichprobe vor Bereinigung und ist keine Fallzahl je Balken. Untergruppen-Fallzahlen sind nicht ausgewiesen. Gewichtete Zusammenhänge erlauben keine Aussage über eine Ursache oder über einzelne Menschen. Übernommen wird Tabelle 2: Identifikation 68 Punkte. Der Fließtext auf derselben Seite nennt abweichend 67; diese Abweichung wird nicht stillschweigend geglättet. Jeder Kurzindex-Indikator steht für eine Dimension; politische Teilhabe wird hier durch politisches Interesse erfasst."
rm2026_dimensions,Neun Dimensionen des gesellschaftlichen Zusammenhalts · 2026,Deutschland,Anerkennung sozialer Regeln,62,index,Religionsmonitor 2026,"Wohnbevölkerung Deutschlands ab 18 Jahren, alle Befragten",5231,März 2026,,Religionsmonitor Kompakt: Gesellschaftlicher Zusammenhalt (2026),https://www.bertelsmann-stiftung.de/fileadmin/files/Projekte/Zusammen_in_Vielfalt/Religionsmonitor_Kompakt_Gesellschaftlicher_Zusammenhalt_2026.pdf,"Tabelle 2, S. 7; Fragen in Tabelle 1, S. 4",,"Indexwerte von 0 bis 100, kein Prozentwert. Onlinebefragung in deutscher Sprache im März 2026; Analysestichprobe 5.231. Die realisierte Stichprobe umfasste 5.302 Personen, darunter 456 muslimische Befragte; diese Zahl beschreibt die Stichprobe vor Bereinigung und ist keine Fallzahl je Balken. Untergruppen-Fallzahlen sind nicht ausgewiesen. Gewichtete Zusammenhänge erlauben keine Aussage über eine Ursache oder über einzelne Menschen. Übernommen wird Tabelle 2: Identifikation 68 Punkte. Der Fließtext auf derselben Seite nennt abweichend 67; diese Abweichung wird nicht stillschweigend geglättet. Jeder Kurzindex-Indikator steht für eine Dimension; politische Teilhabe wird hier durch politisches Interesse erfasst."
rm2026_dimensions,Neun Dimensionen des gesellschaftlichen Zusammenhalts · 2026,Deutschland,Gesellschaftliche Teilhabe,65,index,Religionsmonitor 2026,"Wohnbevölkerung Deutschlands ab 18 Jahren, alle Befragten",5231,März 2026,,Religionsmonitor Kompakt: Gesellschaftlicher Zusammenhalt (2026),https://www.bertelsmann-stiftung.de/fileadmin/files/Projekte/Zusammen_in_Vielfalt/Religionsmonitor_Kompakt_Gesellschaftlicher_Zusammenhalt_2026.pdf,"Tabelle 2, S. 7; Fragen in Tabelle 1, S. 4",,"Indexwerte von 0 bis 100, kein Prozentwert. Onlinebefragung in deutscher Sprache im März 2026; Analysestichprobe 5.231. Die realisierte Stichprobe umfasste 5.302 Personen, darunter 456 muslimische Befragte; diese Zahl beschreibt die Stichprobe vor Bereinigung und ist keine Fallzahl je Balken. Untergruppen-Fallzahlen sind nicht ausgewiesen. Gewichtete Zusammenhänge erlauben keine Aussage über eine Ursache oder über einzelne Menschen. Übernommen wird Tabelle 2: Identifikation 68 Punkte. Der Fließtext auf derselben Seite nennt abweichend 67; diese Abweichung wird nicht stillschweigend geglättet. Jeder Kurzindex-Indikator steht für eine Dimension; politische Teilhabe wird hier durch politisches Interesse erfasst."
rm2026_history,Zusammenhalt 2017–2026 · einheitlich berechneter Kurzindex,Deutschland,2017,54,index,Religionsmonitor 2026,"Bevölkerung Deutschlands ab 18 Jahren, jeweilige Erhebungswelle",4968,2017,,Religionsmonitor Kompakt: Gesellschaftlicher Zusammenhalt (2026),https://www.bertelsmann-stiftung.de/fileadmin/files/Projekte/Zusammen_in_Vielfalt/Religionsmonitor_Kompakt_Gesellschaftlicher_Zusammenhalt_2026.pdf,"Abbildung 2, S. 6; Methodik S. 5",,"Index von 0 bis 100, kein Prozentwert. Frühere Radar-Erhebungen wurden mit denselben neun Indikatoren und derselben Altersgrenze ab 18 Jahren neu berechnet. Die historischen Werte sind diese Neuberechnung, keine Übernahme der früher veröffentlichten umfassenden Radar-Indizes. Verschiedene Erhebungen, kein Panel derselben Personen. Fallzahlen: 2017 n=4.968, 2020 n=3.010, 2023 n=5.004, 2026 n=5.231. Die Zeitpunkte allein belegen keine Krisenursache."
rm2026_history,Zusammenhalt 2017–2026 · einheitlich berechneter Kurzindex,Deutschland,2020,55,index,Religionsmonitor 2026,"Bevölkerung Deutschlands ab 18 Jahren, jeweilige Erhebungswelle",3010,2020,,Religionsmonitor Kompakt: Gesellschaftlicher Zusammenhalt (2026),https://www.bertelsmann-stiftung.de/fileadmin/files/Projekte/Zusammen_in_Vielfalt/Religionsmonitor_Kompakt_Gesellschaftlicher_Zusammenhalt_2026.pdf,"Abbildung 2, S. 6; Methodik S. 5",,"Index von 0 bis 100, kein Prozentwert. Frühere Radar-Erhebungen wurden mit denselben neun Indikatoren und derselben Altersgrenze ab 18 Jahren neu berechnet. Die historischen Werte sind diese Neuberechnung, keine Übernahme der früher veröffentlichten umfassenden Radar-Indizes. Verschiedene Erhebungen, kein Panel derselben Personen. Fallzahlen: 2017 n=4.968, 2020 n=3.010, 2023 n=5.004, 2026 n=5.231. Die Zeitpunkte allein belegen keine Krisenursache."
rm2026_history,Zusammenhalt 2017–2026 · einheitlich berechneter Kurzindex,Deutschland,2023,46,index,Religionsmonitor 2026,"Bevölkerung Deutschlands ab 18 Jahren, jeweilige Erhebungswelle",5004,2023,,Religionsmonitor Kompakt: Gesellschaftlicher Zusammenhalt (2026),https://www.bertelsmann-stiftung.de/fileadmin/files/Projekte/Zusammen_in_Vielfalt/Religionsmonitor_Kompakt_Gesellschaftlicher_Zusammenhalt_2026.pdf,"Abbildung 2, S. 6; Methodik S. 5",,"Index von 0 bis 100, kein Prozentwert. Frühere Radar-Erhebungen wurden mit denselben neun Indikatoren und derselben Altersgrenze ab 18 Jahren neu berechnet. Die historischen Werte sind diese Neuberechnung, keine Übernahme der früher veröffentlichten umfassenden Radar-Indizes. Verschiedene Erhebungen, kein Panel derselben Personen. Fallzahlen: 2017 n=4.968, 2020 n=3.010, 2023 n=5.004, 2026 n=5.231. Die Zeitpunkte allein belegen keine Krisenursache."
rm2026_history,Zusammenhalt 2017–2026 · einheitlich berechneter Kurzindex,Deutschland,2026,51,index,Religionsmonitor 2026,"Bevölkerung Deutschlands ab 18 Jahren, jeweilige Erhebungswelle",5231,2026,,Religionsmonitor Kompakt: Gesellschaftlicher Zusammenhalt (2026),https://www.bertelsmann-stiftung.de/fileadmin/files/Projekte/Zusammen_in_Vielfalt/Religionsmonitor_Kompakt_Gesellschaftlicher_Zusammenhalt_2026.pdf,"Abbildung 2, S. 6; Methodik S. 5",,"Index von 0 bis 100, kein Prozentwert. Frühere Radar-Erhebungen wurden mit denselben neun Indikatoren und derselben Altersgrenze ab 18 Jahren neu berechnet. Die historischen Werte sind diese Neuberechnung, keine Übernahme der früher veröffentlichten umfassenden Radar-Indizes. Verschiedene Erhebungen, kein Panel derselben Personen. Fallzahlen: 2017 n=4.968, 2020 n=3.010, 2023 n=5.004, 2026 n=5.231. Die Zeitpunkte allein belegen keine Krisenursache."
