year,region_code,region_label,migration_status,age_group,value_thousand
2021,08111KRSI,"Stuttgart, Stadtkreis",Insgesamt,15 bis unter 25 Jahre,66
2021,08111KRSI,"Stuttgart, Stadtkreis",Insgesamt,25 bis unter 35 Jahre,108
2021,08111KRSI,"Stuttgart, Stadtkreis",Insgesamt,35 bis unter 45 Jahre,79
2021,08111KRSI,"Stuttgart, Stadtkreis",Insgesamt,45 bis unter 55 Jahre,78
2021,08111KRSI,"Stuttgart, Stadtkreis",Insgesamt,55 bis unter 65 Jahre,79
2021,08111KRSI,"Stuttgart, Stadtkreis",Insgesamt,65 Jahre und mehr,113
2021,08111KRSI,"Stuttgart, Stadtkreis",Insgesamt,Insgesamt,603
2021,08111KRSI,"Stuttgart, Stadtkreis",Insgesamt,unter 15 Jahre,82
2021,08111KRSI,"Stuttgart, Stadtkreis",mit Migrationshintergrund,15 bis unter 25 Jahre,37
2021,08111KRSI,"Stuttgart, Stadtkreis",mit Migrationshintergrund,25 bis unter 35 Jahre,50
2021,08111KRSI,"Stuttgart, Stadtkreis",mit Migrationshintergrund,35 bis unter 45 Jahre,41
2021,08111KRSI,"Stuttgart, Stadtkreis",mit Migrationshintergrund,45 bis unter 55 Jahre,37
2021,08111KRSI,"Stuttgart, Stadtkreis",mit Migrationshintergrund,55 bis unter 65 Jahre,27
2021,08111KRSI,"Stuttgart, Stadtkreis",mit Migrationshintergrund,65 Jahre und mehr,33
2021,08111KRSI,"Stuttgart, Stadtkreis",mit Migrationshintergrund,Insgesamt,274
2021,08111KRSI,"Stuttgart, Stadtkreis",mit Migrationshintergrund,unter 15 Jahre,49
2021,08115KRSI,"Böblingen, Landkreis",Insgesamt,15 bis unter 25 Jahre,35
2021,08115KRSI,"Böblingen, Landkreis",Insgesamt,25 bis unter 35 Jahre,47
2021,08115KRSI,"Böblingen, Landkreis",Insgesamt,35 bis unter 45 Jahre,54
2021,08115KRSI,"Böblingen, Landkreis",Insgesamt,45 bis unter 55 Jahre,54
2021,08115KRSI,"Böblingen, Landkreis",Insgesamt,55 bis unter 65 Jahre,58
2021,08115KRSI,"Böblingen, Landkreis",Insgesamt,65 Jahre und mehr,71
2021,08115KRSI,"Böblingen, Landkreis",Insgesamt,Insgesamt,384
2021,08115KRSI,"Böblingen, Landkreis",Insgesamt,unter 15 Jahre,65
2021,08115KRSI,"Böblingen, Landkreis",mit Migrationshintergrund,15 bis unter 25 Jahre,14
2021,08115KRSI,"Böblingen, Landkreis",mit Migrationshintergrund,25 bis unter 35 Jahre,21
2021,08115KRSI,"Böblingen, Landkreis",mit Migrationshintergrund,35 bis unter 45 Jahre,26
2021,08115KRSI,"Böblingen, Landkreis",mit Migrationshintergrund,45 bis unter 55 Jahre,19
2021,08115KRSI,"Böblingen, Landkreis",mit Migrationshintergrund,55 bis unter 65 Jahre,17
2021,08115KRSI,"Böblingen, Landkreis",mit Migrationshintergrund,65 Jahre und mehr,19
2021,08115KRSI,"Böblingen, Landkreis",mit Migrationshintergrund,Insgesamt,149
2021,08115KRSI,"Böblingen, Landkreis",mit Migrationshintergrund,unter 15 Jahre,34
2021,08116KRSI,"Esslingen, Landkreis",Insgesamt,15 bis unter 25 Jahre,48
2021,08116KRSI,"Esslingen, Landkreis",Insgesamt,25 bis unter 35 Jahre,77
2021,08116KRSI,"Esslingen, Landkreis",Insgesamt,35 bis unter 45 Jahre,68
2021,08116KRSI,"Esslingen, Landkreis",Insgesamt,45 bis unter 55 Jahre,68
2021,08116KRSI,"Esslingen, Landkreis",Insgesamt,55 bis unter 65 Jahre,78
2021,08116KRSI,"Esslingen, Landkreis",Insgesamt,65 Jahre und mehr,106
2021,08116KRSI,"Esslingen, Landkreis",Insgesamt,Insgesamt,524
2021,08116KRSI,"Esslingen, Landkreis",Insgesamt,unter 15 Jahre,79
2021,08116KRSI,"Esslingen, Landkreis",mit Migrationshintergrund,15 bis unter 25 Jahre,22
2021,08116KRSI,"Esslingen, Landkreis",mit Migrationshintergrund,25 bis unter 35 Jahre,37
2021,08116KRSI,"Esslingen, Landkreis",mit Migrationshintergrund,35 bis unter 45 Jahre,33
2021,08116KRSI,"Esslingen, Landkreis",mit Migrationshintergrund,45 bis unter 55 Jahre,28
2021,08116KRSI,"Esslingen, Landkreis",mit Migrationshintergrund,55 bis unter 65 Jahre,23
2021,08116KRSI,"Esslingen, Landkreis",mit Migrationshintergrund,65 Jahre und mehr,23
2021,08116KRSI,"Esslingen, Landkreis",mit Migrationshintergrund,Insgesamt,206
2021,08116KRSI,"Esslingen, Landkreis",mit Migrationshintergrund,unter 15 Jahre,40
2021,08117KRSI,"Göppingen, Landkreis",Insgesamt,15 bis unter 25 Jahre,27
2021,08117KRSI,"Göppingen, Landkreis",Insgesamt,25 bis unter 35 Jahre,32
2021,08117KRSI,"Göppingen, Landkreis",Insgesamt,35 bis unter 45 Jahre,30
2021,08117KRSI,"Göppingen, Landkreis",Insgesamt,45 bis unter 55 Jahre,34
2021,08117KRSI,"Göppingen, Landkreis",Insgesamt,55 bis unter 65 Jahre,42
2021,08117KRSI,"Göppingen, Landkreis",Insgesamt,65 Jahre und mehr,53
2021,08117KRSI,"Göppingen, Landkreis",Insgesamt,Insgesamt,255
2021,08117KRSI,"Göppingen, Landkreis",Insgesamt,unter 15 Jahre,36
2021,08117KRSI,"Göppingen, Landkreis",mit Migrationshintergrund,15 bis unter 25 Jahre,14
2021,08117KRSI,"Göppingen, Landkreis",mit Migrationshintergrund,25 bis unter 35 Jahre,15
2021,08117KRSI,"Göppingen, Landkreis",mit Migrationshintergrund,35 bis unter 45 Jahre,15
2021,08117KRSI,"Göppingen, Landkreis",mit Migrationshintergrund,45 bis unter 55 Jahre,15
2021,08117KRSI,"Göppingen, Landkreis",mit Migrationshintergrund,55 bis unter 65 Jahre,13
2021,08117KRSI,"Göppingen, Landkreis",mit Migrationshintergrund,65 Jahre und mehr,12
2021,08117KRSI,"Göppingen, Landkreis",mit Migrationshintergrund,Insgesamt,106
2021,08117KRSI,"Göppingen, Landkreis",mit Migrationshintergrund,unter 15 Jahre,23
2021,08118KRSI,"Ludwigsburg, Landkreis",Insgesamt,15 bis unter 25 Jahre,53
2021,08118KRSI,"Ludwigsburg, Landkreis",Insgesamt,25 bis unter 35 Jahre,67
2021,08118KRSI,"Ludwigsburg, Landkreis",Insgesamt,35 bis unter 45 Jahre,69
2021,08118KRSI,"Ludwigsburg, Landkreis",Insgesamt,45 bis unter 55 Jahre,73
2021,08118KRSI,"Ludwigsburg, Landkreis",Insgesamt,55 bis unter 65 Jahre,79
2021,08118KRSI,"Ludwigsburg, Landkreis",Insgesamt,65 Jahre und mehr,103
2021,08118KRSI,"Ludwigsburg, Landkreis",Insgesamt,Insgesamt,521
2021,08118KRSI,"Ludwigsburg, Landkreis",Insgesamt,unter 15 Jahre,76
2021,08118KRSI,"Ludwigsburg, Landkreis",mit Migrationshintergrund,15 bis unter 25 Jahre,27
2021,08118KRSI,"Ludwigsburg, Landkreis",mit Migrationshintergrund,25 bis unter 35 Jahre,31
2021,08118KRSI,"Ludwigsburg, Landkreis",mit Migrationshintergrund,35 bis unter 45 Jahre,35
2021,08118KRSI,"Ludwigsburg, Landkreis",mit Migrationshintergrund,45 bis unter 55 Jahre,30
2021,08118KRSI,"Ludwigsburg, Landkreis",mit Migrationshintergrund,55 bis unter 65 Jahre,22
2021,08118KRSI,"Ludwigsburg, Landkreis",mit Migrationshintergrund,65 Jahre und mehr,26
2021,08118KRSI,"Ludwigsburg, Landkreis",mit Migrationshintergrund,Insgesamt,214
2021,08118KRSI,"Ludwigsburg, Landkreis",mit Migrationshintergrund,unter 15 Jahre,42
2021,08119KRSI,"Rems-Murr-Kreis, Landkreis",Insgesamt,15 bis unter 25 Jahre,44
2021,08119KRSI,"Rems-Murr-Kreis, Landkreis",Insgesamt,25 bis unter 35 Jahre,56
2021,08119KRSI,"Rems-Murr-Kreis, Landkreis",Insgesamt,35 bis unter 45 Jahre,53
2021,08119KRSI,"Rems-Murr-Kreis, Landkreis",Insgesamt,45 bis unter 55 Jahre,60
2021,08119KRSI,"Rems-Murr-Kreis, Landkreis",Insgesamt,55 bis unter 65 Jahre,72
2021,08119KRSI,"Rems-Murr-Kreis, Landkreis",Insgesamt,65 Jahre und mehr,89
2021,08119KRSI,"Rems-Murr-Kreis, Landkreis",Insgesamt,Insgesamt,432
2021,08119KRSI,"Rems-Murr-Kreis, Landkreis",Insgesamt,unter 15 Jahre,58
2021,08119KRSI,"Rems-Murr-Kreis, Landkreis",mit Migrationshintergrund,15 bis unter 25 Jahre,16
2021,08119KRSI,"Rems-Murr-Kreis, Landkreis",mit Migrationshintergrund,25 bis unter 35 Jahre,24
2021,08119KRSI,"Rems-Murr-Kreis, Landkreis",mit Migrationshintergrund,35 bis unter 45 Jahre,23
2021,08119KRSI,"Rems-Murr-Kreis, Landkreis",mit Migrationshintergrund,45 bis unter 55 Jahre,21
2021,08119KRSI,"Rems-Murr-Kreis, Landkreis",mit Migrationshintergrund,55 bis unter 65 Jahre,19
2021,08119KRSI,"Rems-Murr-Kreis, Landkreis",mit Migrationshintergrund,65 Jahre und mehr,19
2021,08119KRSI,"Rems-Murr-Kreis, Landkreis",mit Migrationshintergrund,Insgesamt,150
2021,08119KRSI,"Rems-Murr-Kreis, Landkreis",mit Migrationshintergrund,unter 15 Jahre,28
2021,08121KRSI,"Heilbronn, Stadtkreis",Insgesamt,15 bis unter 25 Jahre,16
2021,08121KRSI,"Heilbronn, Stadtkreis",Insgesamt,25 bis unter 35 Jahre,18
2021,08121KRSI,"Heilbronn, Stadtkreis",Insgesamt,35 bis unter 45 Jahre,16
2021,08121KRSI,"Heilbronn, Stadtkreis",Insgesamt,45 bis unter 55 Jahre,18
2021,08121KRSI,"Heilbronn, Stadtkreis",Insgesamt,55 bis unter 65 Jahre,17
2021,08121KRSI,"Heilbronn, Stadtkreis",Insgesamt,65 Jahre und mehr,24
2021,08121KRSI,"Heilbronn, Stadtkreis",Insgesamt,Insgesamt,126
2021,08121KRSI,"Heilbronn, Stadtkreis",Insgesamt,unter 15 Jahre,18
2021,08121KRSI,"Heilbronn, Stadtkreis",mit Migrationshintergrund,15 bis unter 25 Jahre,11
2021,08121KRSI,"Heilbronn, Stadtkreis",mit Migrationshintergrund,25 bis unter 35 Jahre,11
2021,08121KRSI,"Heilbronn, Stadtkreis",mit Migrationshintergrund,35 bis unter 45 Jahre,12
2021,08121KRSI,"Heilbronn, Stadtkreis",mit Migrationshintergrund,45 bis unter 55 Jahre,11
2021,08121KRSI,"Heilbronn, Stadtkreis",mit Migrationshintergrund,55 bis unter 65 Jahre,8
2021,08121KRSI,"Heilbronn, Stadtkreis",mit Migrationshintergrund,65 Jahre und mehr,8
2021,08121KRSI,"Heilbronn, Stadtkreis",mit Migrationshintergrund,Insgesamt,74
2021,08121KRSI,"Heilbronn, Stadtkreis",mit Migrationshintergrund,unter 15 Jahre,14
2021,08125KRSI,"Heilbronn, Landkreis",Insgesamt,15 bis unter 25 Jahre,37
2021,08125KRSI,"Heilbronn, Landkreis",Insgesamt,25 bis unter 35 Jahre,45
2021,08125KRSI,"Heilbronn, Landkreis",Insgesamt,35 bis unter 45 Jahre,51
2021,08125KRSI,"Heilbronn, Landkreis",Insgesamt,45 bis unter 55 Jahre,46
2021,08125KRSI,"Heilbronn, Landkreis",Insgesamt,55 bis unter 65 Jahre,54
2021,08125KRSI,"Heilbronn, Landkreis",Insgesamt,65 Jahre und mehr,59
2021,08125KRSI,"Heilbronn, Landkreis",Insgesamt,Insgesamt,347
2021,08125KRSI,"Heilbronn, Landkreis",Insgesamt,unter 15 Jahre,56
2021,08125KRSI,"Heilbronn, Landkreis",mit Migrationshintergrund,15 bis unter 25 Jahre,16
2021,08125KRSI,"Heilbronn, Landkreis",mit Migrationshintergrund,25 bis unter 35 Jahre,17
2021,08125KRSI,"Heilbronn, Landkreis",mit Migrationshintergrund,35 bis unter 45 Jahre,23
2021,08125KRSI,"Heilbronn, Landkreis",mit Migrationshintergrund,45 bis unter 55 Jahre,17
2021,08125KRSI,"Heilbronn, Landkreis",mit Migrationshintergrund,55 bis unter 65 Jahre,14
2021,08125KRSI,"Heilbronn, Landkreis",mit Migrationshintergrund,65 Jahre und mehr,11
2021,08125KRSI,"Heilbronn, Landkreis",mit Migrationshintergrund,Insgesamt,128
2021,08125KRSI,"Heilbronn, Landkreis",mit Migrationshintergrund,unter 15 Jahre,29
2021,08126KRSI,"Hohenlohekreis, Landkreis",Insgesamt,15 bis unter 25 Jahre,13
2021,08126KRSI,"Hohenlohekreis, Landkreis",Insgesamt,25 bis unter 35 Jahre,13
2021,08126KRSI,"Hohenlohekreis, Landkreis",Insgesamt,35 bis unter 45 Jahre,12
2021,08126KRSI,"Hohenlohekreis, Landkreis",Insgesamt,45 bis unter 55 Jahre,18
2021,08126KRSI,"Hohenlohekreis, Landkreis",Insgesamt,55 bis unter 65 Jahre,16
2021,08126KRSI,"Hohenlohekreis, Landkreis",Insgesamt,65 Jahre und mehr,23
2021,08126KRSI,"Hohenlohekreis, Landkreis",Insgesamt,Insgesamt,110
2021,08126KRSI,"Hohenlohekreis, Landkreis",Insgesamt,unter 15 Jahre,14
2021,08126KRSI,"Hohenlohekreis, Landkreis",mit Migrationshintergrund,15 bis unter 25 Jahre,/
2021,08126KRSI,"Hohenlohekreis, Landkreis",mit Migrationshintergrund,25 bis unter 35 Jahre,/
2021,08126KRSI,"Hohenlohekreis, Landkreis",mit Migrationshintergrund,35 bis unter 45 Jahre,/
2021,08126KRSI,"Hohenlohekreis, Landkreis",mit Migrationshintergrund,45 bis unter 55 Jahre,/
2021,08126KRSI,"Hohenlohekreis, Landkreis",mit Migrationshintergrund,55 bis unter 65 Jahre,/
2021,08126KRSI,"Hohenlohekreis, Landkreis",mit Migrationshintergrund,65 Jahre und mehr,/
2021,08126KRSI,"Hohenlohekreis, Landkreis",mit Migrationshintergrund,Insgesamt,33
2021,08126KRSI,"Hohenlohekreis, Landkreis",mit Migrationshintergrund,unter 15 Jahre,/
2021,08127KRSI,"Schwäbisch Hall, Landkreis",Insgesamt,15 bis unter 25 Jahre,22
2021,08127KRSI,"Schwäbisch Hall, Landkreis",Insgesamt,25 bis unter 35 Jahre,22
2021,08127KRSI,"Schwäbisch Hall, Landkreis",Insgesamt,35 bis unter 45 Jahre,24
2021,08127KRSI,"Schwäbisch Hall, Landkreis",Insgesamt,45 bis unter 55 Jahre,28
2021,08127KRSI,"Schwäbisch Hall, Landkreis",Insgesamt,55 bis unter 65 Jahre,30
2021,08127KRSI,"Schwäbisch Hall, Landkreis",Insgesamt,65 Jahre und mehr,36
2021,08127KRSI,"Schwäbisch Hall, Landkreis",Insgesamt,Insgesamt,190
2021,08127KRSI,"Schwäbisch Hall, Landkreis",Insgesamt,unter 15 Jahre,28
2021,08127KRSI,"Schwäbisch Hall, Landkreis",mit Migrationshintergrund,15 bis unter 25 Jahre,8
2021,08127KRSI,"Schwäbisch Hall, Landkreis",mit Migrationshintergrund,25 bis unter 35 Jahre,7
2021,08127KRSI,"Schwäbisch Hall, Landkreis",mit Migrationshintergrund,35 bis unter 45 Jahre,9
2021,08127KRSI,"Schwäbisch Hall, Landkreis",mit Migrationshintergrund,45 bis unter 55 Jahre,9
2021,08127KRSI,"Schwäbisch Hall, Landkreis",mit Migrationshintergrund,55 bis unter 65 Jahre,8
2021,08127KRSI,"Schwäbisch Hall, Landkreis",mit Migrationshintergrund,65 Jahre und mehr,7
2021,08127KRSI,"Schwäbisch Hall, Landkreis",mit Migrationshintergrund,Insgesamt,59
2021,08127KRSI,"Schwäbisch Hall, Landkreis",mit Migrationshintergrund,unter 15 Jahre,11
2021,08128KRSI,"Main-Tauber-Kreis, Landkreis",Insgesamt,15 bis unter 25 Jahre,12
2021,08128KRSI,"Main-Tauber-Kreis, Landkreis",Insgesamt,25 bis unter 35 Jahre,14
2021,08128KRSI,"Main-Tauber-Kreis, Landkreis",Insgesamt,35 bis unter 45 Jahre,16
2021,08128KRSI,"Main-Tauber-Kreis, Landkreis",Insgesamt,45 bis unter 55 Jahre,18
2021,08128KRSI,"Main-Tauber-Kreis, Landkreis",Insgesamt,55 bis unter 65 Jahre,21
2021,08128KRSI,"Main-Tauber-Kreis, Landkreis",Insgesamt,65 Jahre und mehr,34
2021,08128KRSI,"Main-Tauber-Kreis, Landkreis",Insgesamt,Insgesamt,130
2021,08128KRSI,"Main-Tauber-Kreis, Landkreis",Insgesamt,unter 15 Jahre,16
2021,08128KRSI,"Main-Tauber-Kreis, Landkreis",mit Migrationshintergrund,15 bis unter 25 Jahre,/
2021,08128KRSI,"Main-Tauber-Kreis, Landkreis",mit Migrationshintergrund,25 bis unter 35 Jahre,/
2021,08128KRSI,"Main-Tauber-Kreis, Landkreis",mit Migrationshintergrund,35 bis unter 45 Jahre,/
2021,08128KRSI,"Main-Tauber-Kreis, Landkreis",mit Migrationshintergrund,45 bis unter 55 Jahre,/
2021,08128KRSI,"Main-Tauber-Kreis, Landkreis",mit Migrationshintergrund,55 bis unter 65 Jahre,/
2021,08128KRSI,"Main-Tauber-Kreis, Landkreis",mit Migrationshintergrund,65 Jahre und mehr,/
2021,08128KRSI,"Main-Tauber-Kreis, Landkreis",mit Migrationshintergrund,Insgesamt,30
2021,08128KRSI,"Main-Tauber-Kreis, Landkreis",mit Migrationshintergrund,unter 15 Jahre,/
2021,08135KRSI,"Heidenheim, Landkreis",Insgesamt,15 bis unter 25 Jahre,13
2021,08135KRSI,"Heidenheim, Landkreis",Insgesamt,25 bis unter 35 Jahre,18
2021,08135KRSI,"Heidenheim, Landkreis",Insgesamt,35 bis unter 45 Jahre,17
2021,08135KRSI,"Heidenheim, Landkreis",Insgesamt,45 bis unter 55 Jahre,18
2021,08135KRSI,"Heidenheim, Landkreis",Insgesamt,55 bis unter 65 Jahre,19
2021,08135KRSI,"Heidenheim, Landkreis",Insgesamt,65 Jahre und mehr,28
2021,08135KRSI,"Heidenheim, Landkreis",Insgesamt,Insgesamt,133
2021,08135KRSI,"Heidenheim, Landkreis",Insgesamt,unter 15 Jahre,22
2021,08135KRSI,"Heidenheim, Landkreis",mit Migrationshintergrund,15 bis unter 25 Jahre,6
2021,08135KRSI,"Heidenheim, Landkreis",mit Migrationshintergrund,25 bis unter 35 Jahre,10
2021,08135KRSI,"Heidenheim, Landkreis",mit Migrationshintergrund,35 bis unter 45 Jahre,9
2021,08135KRSI,"Heidenheim, Landkreis",mit Migrationshintergrund,45 bis unter 55 Jahre,6
2021,08135KRSI,"Heidenheim, Landkreis",mit Migrationshintergrund,55 bis unter 65 Jahre,6
2021,08135KRSI,"Heidenheim, Landkreis",mit Migrationshintergrund,65 Jahre und mehr,7
2021,08135KRSI,"Heidenheim, Landkreis",mit Migrationshintergrund,Insgesamt,56
2021,08135KRSI,"Heidenheim, Landkreis",mit Migrationshintergrund,unter 15 Jahre,12
2021,08136KRSI,"Ostalbkreis, Landkreis",Insgesamt,15 bis unter 25 Jahre,35
2021,08136KRSI,"Ostalbkreis, Landkreis",Insgesamt,25 bis unter 35 Jahre,37
2021,08136KRSI,"Ostalbkreis, Landkreis",Insgesamt,35 bis unter 45 Jahre,36
2021,08136KRSI,"Ostalbkreis, Landkreis",Insgesamt,45 bis unter 55 Jahre,47
2021,08136KRSI,"Ostalbkreis, Landkreis",Insgesamt,55 bis unter 65 Jahre,47
2021,08136KRSI,"Ostalbkreis, Landkreis",Insgesamt,65 Jahre und mehr,64
2021,08136KRSI,"Ostalbkreis, Landkreis",Insgesamt,Insgesamt,311
2021,08136KRSI,"Ostalbkreis, Landkreis",Insgesamt,unter 15 Jahre,44
2021,08136KRSI,"Ostalbkreis, Landkreis",mit Migrationshintergrund,15 bis unter 25 Jahre,10
2021,08136KRSI,"Ostalbkreis, Landkreis",mit Migrationshintergrund,25 bis unter 35 Jahre,9
2021,08136KRSI,"Ostalbkreis, Landkreis",mit Migrationshintergrund,35 bis unter 45 Jahre,11
2021,08136KRSI,"Ostalbkreis, Landkreis",mit Migrationshintergrund,45 bis unter 55 Jahre,11
2021,08136KRSI,"Ostalbkreis, Landkreis",mit Migrationshintergrund,55 bis unter 65 Jahre,10
2021,08136KRSI,"Ostalbkreis, Landkreis",mit Migrationshintergrund,65 Jahre und mehr,11
2021,08136KRSI,"Ostalbkreis, Landkreis",mit Migrationshintergrund,Insgesamt,77
2021,08136KRSI,"Ostalbkreis, Landkreis",mit Migrationshintergrund,unter 15 Jahre,15
2021,08212KRSI,"Karlsruhe, Stadtkreis",Insgesamt,15 bis unter 25 Jahre,37
2021,08212KRSI,"Karlsruhe, Stadtkreis",Insgesamt,25 bis unter 35 Jahre,49
2021,08212KRSI,"Karlsruhe, Stadtkreis",Insgesamt,35 bis unter 45 Jahre,41
2021,08212KRSI,"Karlsruhe, Stadtkreis",Insgesamt,45 bis unter 55 Jahre,38
2021,08212KRSI,"Karlsruhe, Stadtkreis",Insgesamt,55 bis unter 65 Jahre,43
2021,08212KRSI,"Karlsruhe, Stadtkreis",Insgesamt,65 Jahre und mehr,63
2021,08212KRSI,"Karlsruhe, Stadtkreis",Insgesamt,Insgesamt,306
2021,08212KRSI,"Karlsruhe, Stadtkreis",Insgesamt,unter 15 Jahre,36
2021,08212KRSI,"Karlsruhe, Stadtkreis",mit Migrationshintergrund,15 bis unter 25 Jahre,15
2021,08212KRSI,"Karlsruhe, Stadtkreis",mit Migrationshintergrund,25 bis unter 35 Jahre,20
2021,08212KRSI,"Karlsruhe, Stadtkreis",mit Migrationshintergrund,35 bis unter 45 Jahre,19
2021,08212KRSI,"Karlsruhe, Stadtkreis",mit Migrationshintergrund,45 bis unter 55 Jahre,14
2021,08212KRSI,"Karlsruhe, Stadtkreis",mit Migrationshintergrund,55 bis unter 65 Jahre,12
2021,08212KRSI,"Karlsruhe, Stadtkreis",mit Migrationshintergrund,65 Jahre und mehr,15
2021,08212KRSI,"Karlsruhe, Stadtkreis",mit Migrationshintergrund,Insgesamt,115
2021,08212KRSI,"Karlsruhe, Stadtkreis",mit Migrationshintergrund,unter 15 Jahre,19
2021,08215KRSI,"Karlsruhe, Landkreis",Insgesamt,15 bis unter 25 Jahre,45
2021,08215KRSI,"Karlsruhe, Landkreis",Insgesamt,25 bis unter 35 Jahre,57
2021,08215KRSI,"Karlsruhe, Landkreis",Insgesamt,35 bis unter 45 Jahre,52
2021,08215KRSI,"Karlsruhe, Landkreis",Insgesamt,45 bis unter 55 Jahre,72
2021,08215KRSI,"Karlsruhe, Landkreis",Insgesamt,55 bis unter 65 Jahre,62
2021,08215KRSI,"Karlsruhe, Landkreis",Insgesamt,65 Jahre und mehr,96
2021,08215KRSI,"Karlsruhe, Landkreis",Insgesamt,Insgesamt,445
2021,08215KRSI,"Karlsruhe, Landkreis",Insgesamt,unter 15 Jahre,61
2021,08215KRSI,"Karlsruhe, Landkreis",mit Migrationshintergrund,15 bis unter 25 Jahre,18
2021,08215KRSI,"Karlsruhe, Landkreis",mit Migrationshintergrund,25 bis unter 35 Jahre,22
2021,08215KRSI,"Karlsruhe, Landkreis",mit Migrationshintergrund,35 bis unter 45 Jahre,23
2021,08215KRSI,"Karlsruhe, Landkreis",mit Migrationshintergrund,45 bis unter 55 Jahre,26
2021,08215KRSI,"Karlsruhe, Landkreis",mit Migrationshintergrund,55 bis unter 65 Jahre,14
2021,08215KRSI,"Karlsruhe, Landkreis",mit Migrationshintergrund,65 Jahre und mehr,18
2021,08215KRSI,"Karlsruhe, Landkreis",mit Migrationshintergrund,Insgesamt,148
2021,08215KRSI,"Karlsruhe, Landkreis",mit Migrationshintergrund,unter 15 Jahre,28
2021,08217KRSI,Landkreis Rastatt und Stadtkreis Baden-Baden,Insgesamt,15 bis unter 25 Jahre,24
2021,08217KRSI,Landkreis Rastatt und Stadtkreis Baden-Baden,Insgesamt,25 bis unter 35 Jahre,34
2021,08217KRSI,Landkreis Rastatt und Stadtkreis Baden-Baden,Insgesamt,35 bis unter 45 Jahre,34
2021,08217KRSI,Landkreis Rastatt und Stadtkreis Baden-Baden,Insgesamt,45 bis unter 55 Jahre,37
2021,08217KRSI,Landkreis Rastatt und Stadtkreis Baden-Baden,Insgesamt,55 bis unter 65 Jahre,47
2021,08217KRSI,Landkreis Rastatt und Stadtkreis Baden-Baden,Insgesamt,65 Jahre und mehr,62
2021,08217KRSI,Landkreis Rastatt und Stadtkreis Baden-Baden,Insgesamt,Insgesamt,53
2021,08217KRSI,Landkreis Rastatt und Stadtkreis Baden-Baden,Insgesamt,unter 15 Jahre,38
2021,08217KRSI,Landkreis Rastatt und Stadtkreis Baden-Baden,mit Migrationshintergrund,15 bis unter 25 Jahre,13
2021,08217KRSI,Landkreis Rastatt und Stadtkreis Baden-Baden,mit Migrationshintergrund,25 bis unter 35 Jahre,17
2021,08217KRSI,Landkreis Rastatt und Stadtkreis Baden-Baden,mit Migrationshintergrund,35 bis unter 45 Jahre,16
2021,08217KRSI,Landkreis Rastatt und Stadtkreis Baden-Baden,mit Migrationshintergrund,45 bis unter 55 Jahre,16
2021,08217KRSI,Landkreis Rastatt und Stadtkreis Baden-Baden,mit Migrationshintergrund,55 bis unter 65 Jahre,12
2021,08217KRSI,Landkreis Rastatt und Stadtkreis Baden-Baden,mit Migrationshintergrund,65 Jahre und mehr,10
2021,08217KRSI,Landkreis Rastatt und Stadtkreis Baden-Baden,mit Migrationshintergrund,Insgesamt,103
2021,08217KRSI,Landkreis Rastatt und Stadtkreis Baden-Baden,mit Migrationshintergrund,unter 15 Jahre,20
2021,08221KRSI,"Heidelberg, Stadtkreis",Insgesamt,15 bis unter 25 Jahre,25
2021,08221KRSI,"Heidelberg, Stadtkreis",Insgesamt,25 bis unter 35 Jahre,27
2021,08221KRSI,"Heidelberg, Stadtkreis",Insgesamt,35 bis unter 45 Jahre,18
2021,08221KRSI,"Heidelberg, Stadtkreis",Insgesamt,45 bis unter 55 Jahre,18
2021,08221KRSI,"Heidelberg, Stadtkreis",Insgesamt,55 bis unter 65 Jahre,17
2021,08221KRSI,"Heidelberg, Stadtkreis",Insgesamt,65 Jahre und mehr,22
2021,08221KRSI,"Heidelberg, Stadtkreis",Insgesamt,Insgesamt,146
2021,08221KRSI,"Heidelberg, Stadtkreis",Insgesamt,unter 15 Jahre,18
2021,08221KRSI,"Heidelberg, Stadtkreis",mit Migrationshintergrund,15 bis unter 25 Jahre,10
2021,08221KRSI,"Heidelberg, Stadtkreis",mit Migrationshintergrund,25 bis unter 35 Jahre,12
2021,08221KRSI,"Heidelberg, Stadtkreis",mit Migrationshintergrund,35 bis unter 45 Jahre,7
2021,08221KRSI,"Heidelberg, Stadtkreis",mit Migrationshintergrund,45 bis unter 55 Jahre,7
2021,08221KRSI,"Heidelberg, Stadtkreis",mit Migrationshintergrund,55 bis unter 65 Jahre,/
2021,08221KRSI,"Heidelberg, Stadtkreis",mit Migrationshintergrund,65 Jahre und mehr,6
2021,08221KRSI,"Heidelberg, Stadtkreis",mit Migrationshintergrund,Insgesamt,54
2021,08221KRSI,"Heidelberg, Stadtkreis",mit Migrationshintergrund,unter 15 Jahre,7
2021,08222KRSI,"Mannheim, Stadtkreis",Insgesamt,15 bis unter 25 Jahre,38
2021,08222KRSI,"Mannheim, Stadtkreis",Insgesamt,25 bis unter 35 Jahre,48
2021,08222KRSI,"Mannheim, Stadtkreis",Insgesamt,35 bis unter 45 Jahre,42
2021,08222KRSI,"Mannheim, Stadtkreis",Insgesamt,45 bis unter 55 Jahre,41
2021,08222KRSI,"Mannheim, Stadtkreis",Insgesamt,55 bis unter 65 Jahre,40
2021,08222KRSI,"Mannheim, Stadtkreis",Insgesamt,65 Jahre und mehr,59
2021,08222KRSI,"Mannheim, Stadtkreis",Insgesamt,Insgesamt,308
2021,08222KRSI,"Mannheim, Stadtkreis",Insgesamt,unter 15 Jahre,40
2021,08222KRSI,"Mannheim, Stadtkreis",mit Migrationshintergrund,15 bis unter 25 Jahre,17
2021,08222KRSI,"Mannheim, Stadtkreis",mit Migrationshintergrund,25 bis unter 35 Jahre,22
2021,08222KRSI,"Mannheim, Stadtkreis",mit Migrationshintergrund,35 bis unter 45 Jahre,22
2021,08222KRSI,"Mannheim, Stadtkreis",mit Migrationshintergrund,45 bis unter 55 Jahre,20
2021,08222KRSI,"Mannheim, Stadtkreis",mit Migrationshintergrund,55 bis unter 65 Jahre,15
2021,08222KRSI,"Mannheim, Stadtkreis",mit Migrationshintergrund,65 Jahre und mehr,16
2021,08222KRSI,"Mannheim, Stadtkreis",mit Migrationshintergrund,Insgesamt,134
2021,08222KRSI,"Mannheim, Stadtkreis",mit Migrationshintergrund,unter 15 Jahre,22
2021,08225KRSI,"Neckar-Odenwald-Kreis, Landkreis",Insgesamt,15 bis unter 25 Jahre,16
2021,08225KRSI,"Neckar-Odenwald-Kreis, Landkreis",Insgesamt,25 bis unter 35 Jahre,17
2021,08225KRSI,"Neckar-Odenwald-Kreis, Landkreis",Insgesamt,35 bis unter 45 Jahre,17
2021,08225KRSI,"Neckar-Odenwald-Kreis, Landkreis",Insgesamt,45 bis unter 55 Jahre,18
2021,08225KRSI,"Neckar-Odenwald-Kreis, Landkreis",Insgesamt,55 bis unter 65 Jahre,21
2021,08225KRSI,"Neckar-Odenwald-Kreis, Landkreis",Insgesamt,65 Jahre und mehr,28
2021,08225KRSI,"Neckar-Odenwald-Kreis, Landkreis",Insgesamt,Insgesamt,142
2021,08225KRSI,"Neckar-Odenwald-Kreis, Landkreis",Insgesamt,unter 15 Jahre,24
2021,08225KRSI,"Neckar-Odenwald-Kreis, Landkreis",mit Migrationshintergrund,15 bis unter 25 Jahre,/
2021,08225KRSI,"Neckar-Odenwald-Kreis, Landkreis",mit Migrationshintergrund,25 bis unter 35 Jahre,6
2021,08225KRSI,"Neckar-Odenwald-Kreis, Landkreis",mit Migrationshintergrund,35 bis unter 45 Jahre,7
2021,08225KRSI,"Neckar-Odenwald-Kreis, Landkreis",mit Migrationshintergrund,45 bis unter 55 Jahre,/
2021,08225KRSI,"Neckar-Odenwald-Kreis, Landkreis",mit Migrationshintergrund,55 bis unter 65 Jahre,/
2021,08225KRSI,"Neckar-Odenwald-Kreis, Landkreis",mit Migrationshintergrund,65 Jahre und mehr,6
2021,08225KRSI,"Neckar-Odenwald-Kreis, Landkreis",mit Migrationshintergrund,Insgesamt,44
2021,08225KRSI,"Neckar-Odenwald-Kreis, Landkreis",mit Migrationshintergrund,unter 15 Jahre,10
2021,08226KRSI,"Rhein-Neckar-Kreis, Landkreis",Insgesamt,15 bis unter 25 Jahre,56
2021,08226KRSI,"Rhein-Neckar-Kreis, Landkreis",Insgesamt,25 bis unter 35 Jahre,62
2021,08226KRSI,"Rhein-Neckar-Kreis, Landkreis",Insgesamt,35 bis unter 45 Jahre,67
2021,08226KRSI,"Rhein-Neckar-Kreis, Landkreis",Insgesamt,45 bis unter 55 Jahre,84
2021,08226KRSI,"Rhein-Neckar-Kreis, Landkreis",Insgesamt,55 bis unter 65 Jahre,86
2021,08226KRSI,"Rhein-Neckar-Kreis, Landkreis",Insgesamt,65 Jahre und mehr,118
2021,08226KRSI,"Rhein-Neckar-Kreis, Landkreis",Insgesamt,Insgesamt,548
2021,08226KRSI,"Rhein-Neckar-Kreis, Landkreis",Insgesamt,unter 15 Jahre,76
2021,08226KRSI,"Rhein-Neckar-Kreis, Landkreis",mit Migrationshintergrund,15 bis unter 25 Jahre,23
2021,08226KRSI,"Rhein-Neckar-Kreis, Landkreis",mit Migrationshintergrund,25 bis unter 35 Jahre,22
2021,08226KRSI,"Rhein-Neckar-Kreis, Landkreis",mit Migrationshintergrund,35 bis unter 45 Jahre,28
2021,08226KRSI,"Rhein-Neckar-Kreis, Landkreis",mit Migrationshintergrund,45 bis unter 55 Jahre,28
2021,08226KRSI,"Rhein-Neckar-Kreis, Landkreis",mit Migrationshintergrund,55 bis unter 65 Jahre,16
2021,08226KRSI,"Rhein-Neckar-Kreis, Landkreis",mit Migrationshintergrund,65 Jahre und mehr,18
2021,08226KRSI,"Rhein-Neckar-Kreis, Landkreis",mit Migrationshintergrund,Insgesamt,169
2021,08226KRSI,"Rhein-Neckar-Kreis, Landkreis",mit Migrationshintergrund,unter 15 Jahre,35
2021,08231KRSI,"Pforzheim, Stadtkreis",Insgesamt,15 bis unter 25 Jahre,14
2021,08231KRSI,"Pforzheim, Stadtkreis",Insgesamt,25 bis unter 35 Jahre,18
2021,08231KRSI,"Pforzheim, Stadtkreis",Insgesamt,35 bis unter 45 Jahre,19
2021,08231KRSI,"Pforzheim, Stadtkreis",Insgesamt,45 bis unter 55 Jahre,18
2021,08231KRSI,"Pforzheim, Stadtkreis",Insgesamt,55 bis unter 65 Jahre,18
2021,08231KRSI,"Pforzheim, Stadtkreis",Insgesamt,65 Jahre und mehr,22
2021,08231KRSI,"Pforzheim, Stadtkreis",Insgesamt,Insgesamt,130
2021,08231KRSI,"Pforzheim, Stadtkreis",Insgesamt,unter 15 Jahre,21
2021,08231KRSI,"Pforzheim, Stadtkreis",mit Migrationshintergrund,15 bis unter 25 Jahre,9
2021,08231KRSI,"Pforzheim, Stadtkreis",mit Migrationshintergrund,25 bis unter 35 Jahre,12
2021,08231KRSI,"Pforzheim, Stadtkreis",mit Migrationshintergrund,35 bis unter 45 Jahre,13
2021,08231KRSI,"Pforzheim, Stadtkreis",mit Migrationshintergrund,45 bis unter 55 Jahre,12
2021,08231KRSI,"Pforzheim, Stadtkreis",mit Migrationshintergrund,55 bis unter 65 Jahre,8
2021,08231KRSI,"Pforzheim, Stadtkreis",mit Migrationshintergrund,65 Jahre und mehr,9
2021,08231KRSI,"Pforzheim, Stadtkreis",mit Migrationshintergrund,Insgesamt,79
2021,08231KRSI,"Pforzheim, Stadtkreis",mit Migrationshintergrund,unter 15 Jahre,16
2021,08235KRSI,"Calw, Landkreis",Insgesamt,15 bis unter 25 Jahre,18
2021,08235KRSI,"Calw, Landkreis",Insgesamt,25 bis unter 35 Jahre,21
2021,08235KRSI,"Calw, Landkreis",Insgesamt,35 bis unter 45 Jahre,18
2021,08235KRSI,"Calw, Landkreis",Insgesamt,45 bis unter 55 Jahre,20
2021,08235KRSI,"Calw, Landkreis",Insgesamt,55 bis unter 65 Jahre,29
2021,08235KRSI,"Calw, Landkreis",Insgesamt,65 Jahre und mehr,31
2021,08235KRSI,"Calw, Landkreis",Insgesamt,Insgesamt,158
2021,08235KRSI,"Calw, Landkreis",Insgesamt,unter 15 Jahre,21
2021,08235KRSI,"Calw, Landkreis",mit Migrationshintergrund,15 bis unter 25 Jahre,/
2021,08235KRSI,"Calw, Landkreis",mit Migrationshintergrund,25 bis unter 35 Jahre,8
2021,08235KRSI,"Calw, Landkreis",mit Migrationshintergrund,35 bis unter 45 Jahre,11
2021,08235KRSI,"Calw, Landkreis",mit Migrationshintergrund,45 bis unter 55 Jahre,/
2021,08235KRSI,"Calw, Landkreis",mit Migrationshintergrund,55 bis unter 65 Jahre,6
2021,08235KRSI,"Calw, Landkreis",mit Migrationshintergrund,65 Jahre und mehr,6
2021,08235KRSI,"Calw, Landkreis",mit Migrationshintergrund,Insgesamt,53
2021,08235KRSI,"Calw, Landkreis",mit Migrationshintergrund,unter 15 Jahre,12
2021,08236KRSI,"Enzkreis, Landkreis",Insgesamt,15 bis unter 25 Jahre,24
2021,08236KRSI,"Enzkreis, Landkreis",Insgesamt,25 bis unter 35 Jahre,23
2021,08236KRSI,"Enzkreis, Landkreis",Insgesamt,35 bis unter 45 Jahre,23
2021,08236KRSI,"Enzkreis, Landkreis",Insgesamt,45 bis unter 55 Jahre,29
2021,08236KRSI,"Enzkreis, Landkreis",Insgesamt,55 bis unter 65 Jahre,33
2021,08236KRSI,"Enzkreis, Landkreis",Insgesamt,65 Jahre und mehr,33
2021,08236KRSI,"Enzkreis, Landkreis",Insgesamt,Insgesamt,193
2021,08236KRSI,"Enzkreis, Landkreis",Insgesamt,unter 15 Jahre,29
2021,08236KRSI,"Enzkreis, Landkreis",mit Migrationshintergrund,15 bis unter 25 Jahre,10
2021,08236KRSI,"Enzkreis, Landkreis",mit Migrationshintergrund,25 bis unter 35 Jahre,8
2021,08236KRSI,"Enzkreis, Landkreis",mit Migrationshintergrund,35 bis unter 45 Jahre,9
2021,08236KRSI,"Enzkreis, Landkreis",mit Migrationshintergrund,45 bis unter 55 Jahre,10
2021,08236KRSI,"Enzkreis, Landkreis",mit Migrationshintergrund,55 bis unter 65 Jahre,7
2021,08236KRSI,"Enzkreis, Landkreis",mit Migrationshintergrund,65 Jahre und mehr,6
2021,08236KRSI,"Enzkreis, Landkreis",mit Migrationshintergrund,Insgesamt,63
2021,08236KRSI,"Enzkreis, Landkreis",mit Migrationshintergrund,unter 15 Jahre,13
2021,08237KRSI,"Freudenstadt, Landkreis",Insgesamt,15 bis unter 25 Jahre,12
2021,08237KRSI,"Freudenstadt, Landkreis",Insgesamt,25 bis unter 35 Jahre,17
2021,08237KRSI,"Freudenstadt, Landkreis",Insgesamt,35 bis unter 45 Jahre,14
2021,08237KRSI,"Freudenstadt, Landkreis",Insgesamt,45 bis unter 55 Jahre,17
2021,08237KRSI,"Freudenstadt, Landkreis",Insgesamt,55 bis unter 65 Jahre,20
2021,08237KRSI,"Freudenstadt, Landkreis",Insgesamt,65 Jahre und mehr,25
2021,08237KRSI,"Freudenstadt, Landkreis",Insgesamt,Insgesamt,120
2021,08237KRSI,"Freudenstadt, Landkreis",Insgesamt,unter 15 Jahre,16
2021,08237KRSI,"Freudenstadt, Landkreis",mit Migrationshintergrund,15 bis unter 25 Jahre,/
2021,08237KRSI,"Freudenstadt, Landkreis",mit Migrationshintergrund,25 bis unter 35 Jahre,/
2021,08237KRSI,"Freudenstadt, Landkreis",mit Migrationshintergrund,35 bis unter 45 Jahre,/
2021,08237KRSI,"Freudenstadt, Landkreis",mit Migrationshintergrund,45 bis unter 55 Jahre,/
2021,08237KRSI,"Freudenstadt, Landkreis",mit Migrationshintergrund,55 bis unter 65 Jahre,/
2021,08237KRSI,"Freudenstadt, Landkreis",mit Migrationshintergrund,65 Jahre und mehr,/
2021,08237KRSI,"Freudenstadt, Landkreis",mit Migrationshintergrund,Insgesamt,34
2021,08237KRSI,"Freudenstadt, Landkreis",mit Migrationshintergrund,unter 15 Jahre,/
2021,08311KRSI,"Freiburg im Breisgau, Stadtkreis",Insgesamt,15 bis unter 25 Jahre,33
2021,08311KRSI,"Freiburg im Breisgau, Stadtkreis",Insgesamt,25 bis unter 35 Jahre,46
2021,08311KRSI,"Freiburg im Breisgau, Stadtkreis",Insgesamt,35 bis unter 45 Jahre,29
2021,08311KRSI,"Freiburg im Breisgau, Stadtkreis",Insgesamt,45 bis unter 55 Jahre,24
2021,08311KRSI,"Freiburg im Breisgau, Stadtkreis",Insgesamt,55 bis unter 65 Jahre,25
2021,08311KRSI,"Freiburg im Breisgau, Stadtkreis",Insgesamt,65 Jahre und mehr,37
2021,08311KRSI,"Freiburg im Breisgau, Stadtkreis",Insgesamt,Insgesamt,224
2021,08311KRSI,"Freiburg im Breisgau, Stadtkreis",Insgesamt,unter 15 Jahre,31
2021,08311KRSI,"Freiburg im Breisgau, Stadtkreis",mit Migrationshintergrund,15 bis unter 25 Jahre,11
2021,08311KRSI,"Freiburg im Breisgau, Stadtkreis",mit Migrationshintergrund,25 bis unter 35 Jahre,16
2021,08311KRSI,"Freiburg im Breisgau, Stadtkreis",mit Migrationshintergrund,35 bis unter 45 Jahre,13
2021,08311KRSI,"Freiburg im Breisgau, Stadtkreis",mit Migrationshintergrund,45 bis unter 55 Jahre,8
2021,08311KRSI,"Freiburg im Breisgau, Stadtkreis",mit Migrationshintergrund,55 bis unter 65 Jahre,7
2021,08311KRSI,"Freiburg im Breisgau, Stadtkreis",mit Migrationshintergrund,65 Jahre und mehr,7
2021,08311KRSI,"Freiburg im Breisgau, Stadtkreis",mit Migrationshintergrund,Insgesamt,75
2021,08311KRSI,"Freiburg im Breisgau, Stadtkreis",mit Migrationshintergrund,unter 15 Jahre,13
2021,08315KRSI,"Breisgau-Hochschwarzwald, Landkreis",Insgesamt,15 bis unter 25 Jahre,26
2021,08315KRSI,"Breisgau-Hochschwarzwald, Landkreis",Insgesamt,25 bis unter 35 Jahre,26
2021,08315KRSI,"Breisgau-Hochschwarzwald, Landkreis",Insgesamt,35 bis unter 45 Jahre,27
2021,08315KRSI,"Breisgau-Hochschwarzwald, Landkreis",Insgesamt,45 bis unter 55 Jahre,39
2021,08315KRSI,"Breisgau-Hochschwarzwald, Landkreis",Insgesamt,55 bis unter 65 Jahre,41
2021,08315KRSI,"Breisgau-Hochschwarzwald, Landkreis",Insgesamt,65 Jahre und mehr,63
2021,08315KRSI,"Breisgau-Hochschwarzwald, Landkreis",Insgesamt,Insgesamt,262
2021,08315KRSI,"Breisgau-Hochschwarzwald, Landkreis",Insgesamt,unter 15 Jahre,40
2021,08315KRSI,"Breisgau-Hochschwarzwald, Landkreis",mit Migrationshintergrund,15 bis unter 25 Jahre,/
2021,08315KRSI,"Breisgau-Hochschwarzwald, Landkreis",mit Migrationshintergrund,25 bis unter 35 Jahre,7
2021,08315KRSI,"Breisgau-Hochschwarzwald, Landkreis",mit Migrationshintergrund,35 bis unter 45 Jahre,8
2021,08315KRSI,"Breisgau-Hochschwarzwald, Landkreis",mit Migrationshintergrund,45 bis unter 55 Jahre,10
2021,08315KRSI,"Breisgau-Hochschwarzwald, Landkreis",mit Migrationshintergrund,55 bis unter 65 Jahre,/
2021,08315KRSI,"Breisgau-Hochschwarzwald, Landkreis",mit Migrationshintergrund,65 Jahre und mehr,10
2021,08315KRSI,"Breisgau-Hochschwarzwald, Landkreis",mit Migrationshintergrund,Insgesamt,59
2021,08315KRSI,"Breisgau-Hochschwarzwald, Landkreis",mit Migrationshintergrund,unter 15 Jahre,14
2021,08316KRSI,"Emmendingen, Landkreis",Insgesamt,15 bis unter 25 Jahre,14
2021,08316KRSI,"Emmendingen, Landkreis",Insgesamt,25 bis unter 35 Jahre,25
2021,08316KRSI,"Emmendingen, Landkreis",Insgesamt,35 bis unter 45 Jahre,20
2021,08316KRSI,"Emmendingen, Landkreis",Insgesamt,45 bis unter 55 Jahre,20
2021,08316KRSI,"Emmendingen, Landkreis",Insgesamt,55 bis unter 65 Jahre,27
2021,08316KRSI,"Emmendingen, Landkreis",Insgesamt,65 Jahre und mehr,33
2021,08316KRSI,"Emmendingen, Landkreis",Insgesamt,Insgesamt,164
2021,08316KRSI,"Emmendingen, Landkreis",Insgesamt,unter 15 Jahre,27
2021,08316KRSI,"Emmendingen, Landkreis",mit Migrationshintergrund,15 bis unter 25 Jahre,/
2021,08316KRSI,"Emmendingen, Landkreis",mit Migrationshintergrund,25 bis unter 35 Jahre,7
2021,08316KRSI,"Emmendingen, Landkreis",mit Migrationshintergrund,35 bis unter 45 Jahre,7
2021,08316KRSI,"Emmendingen, Landkreis",mit Migrationshintergrund,45 bis unter 55 Jahre,/
2021,08316KRSI,"Emmendingen, Landkreis",mit Migrationshintergrund,55 bis unter 65 Jahre,/
2021,08316KRSI,"Emmendingen, Landkreis",mit Migrationshintergrund,65 Jahre und mehr,/
2021,08316KRSI,"Emmendingen, Landkreis",mit Migrationshintergrund,Insgesamt,41
2021,08316KRSI,"Emmendingen, Landkreis",mit Migrationshintergrund,unter 15 Jahre,9
2021,08317KRSI,"Ortenaukreis, Landkreis",Insgesamt,15 bis unter 25 Jahre,44
2021,08317KRSI,"Ortenaukreis, Landkreis",Insgesamt,25 bis unter 35 Jahre,53
2021,08317KRSI,"Ortenaukreis, Landkreis",Insgesamt,35 bis unter 45 Jahre,51
2021,08317KRSI,"Ortenaukreis, Landkreis",Insgesamt,45 bis unter 55 Jahre,61
2021,08317KRSI,"Ortenaukreis, Landkreis",Insgesamt,55 bis unter 65 Jahre,72
2021,08317KRSI,"Ortenaukreis, Landkreis",Insgesamt,65 Jahre und mehr,88
2021,08317KRSI,"Ortenaukreis, Landkreis",Insgesamt,Insgesamt,431
2021,08317KRSI,"Ortenaukreis, Landkreis",Insgesamt,unter 15 Jahre,62
2021,08317KRSI,"Ortenaukreis, Landkreis",mit Migrationshintergrund,15 bis unter 25 Jahre,13
2021,08317KRSI,"Ortenaukreis, Landkreis",mit Migrationshintergrund,25 bis unter 35 Jahre,15
2021,08317KRSI,"Ortenaukreis, Landkreis",mit Migrationshintergrund,35 bis unter 45 Jahre,20
2021,08317KRSI,"Ortenaukreis, Landkreis",mit Migrationshintergrund,45 bis unter 55 Jahre,16
2021,08317KRSI,"Ortenaukreis, Landkreis",mit Migrationshintergrund,55 bis unter 65 Jahre,16
2021,08317KRSI,"Ortenaukreis, Landkreis",mit Migrationshintergrund,65 Jahre und mehr,16
2021,08317KRSI,"Ortenaukreis, Landkreis",mit Migrationshintergrund,Insgesamt,122
2021,08317KRSI,"Ortenaukreis, Landkreis",mit Migrationshintergrund,unter 15 Jahre,27
2021,08325KRSI,"Rottweil, Landkreis",Insgesamt,15 bis unter 25 Jahre,16
2021,08325KRSI,"Rottweil, Landkreis",Insgesamt,25 bis unter 35 Jahre,17
2021,08325KRSI,"Rottweil, Landkreis",Insgesamt,35 bis unter 45 Jahre,15
2021,08325KRSI,"Rottweil, Landkreis",Insgesamt,45 bis unter 55 Jahre,20
2021,08325KRSI,"Rottweil, Landkreis",Insgesamt,55 bis unter 65 Jahre,22
2021,08325KRSI,"Rottweil, Landkreis",Insgesamt,65 Jahre und mehr,27
2021,08325KRSI,"Rottweil, Landkreis",Insgesamt,Insgesamt,137
2021,08325KRSI,"Rottweil, Landkreis",Insgesamt,unter 15 Jahre,20
2021,08325KRSI,"Rottweil, Landkreis",mit Migrationshintergrund,15 bis unter 25 Jahre,/
2021,08325KRSI,"Rottweil, Landkreis",mit Migrationshintergrund,25 bis unter 35 Jahre,7
2021,08325KRSI,"Rottweil, Landkreis",mit Migrationshintergrund,35 bis unter 45 Jahre,8
2021,08325KRSI,"Rottweil, Landkreis",mit Migrationshintergrund,45 bis unter 55 Jahre,/
2021,08325KRSI,"Rottweil, Landkreis",mit Migrationshintergrund,55 bis unter 65 Jahre,/
2021,08325KRSI,"Rottweil, Landkreis",mit Migrationshintergrund,65 Jahre und mehr,/
2021,08325KRSI,"Rottweil, Landkreis",mit Migrationshintergrund,Insgesamt,48
2021,08325KRSI,"Rottweil, Landkreis",mit Migrationshintergrund,unter 15 Jahre,12
2021,08326KRSI,"Schwarzwald-Baar-Kreis, Landkreis",Insgesamt,15 bis unter 25 Jahre,23
2021,08326KRSI,"Schwarzwald-Baar-Kreis, Landkreis",Insgesamt,25 bis unter 35 Jahre,25
2021,08326KRSI,"Schwarzwald-Baar-Kreis, Landkreis",Insgesamt,35 bis unter 45 Jahre,25
2021,08326KRSI,"Schwarzwald-Baar-Kreis, Landkreis",Insgesamt,45 bis unter 55 Jahre,28
2021,08326KRSI,"Schwarzwald-Baar-Kreis, Landkreis",Insgesamt,55 bis unter 65 Jahre,30
2021,08326KRSI,"Schwarzwald-Baar-Kreis, Landkreis",Insgesamt,65 Jahre und mehr,43
2021,08326KRSI,"Schwarzwald-Baar-Kreis, Landkreis",Insgesamt,Insgesamt,205
2021,08326KRSI,"Schwarzwald-Baar-Kreis, Landkreis",Insgesamt,unter 15 Jahre,31
2021,08326KRSI,"Schwarzwald-Baar-Kreis, Landkreis",mit Migrationshintergrund,15 bis unter 25 Jahre,11
2021,08326KRSI,"Schwarzwald-Baar-Kreis, Landkreis",mit Migrationshintergrund,25 bis unter 35 Jahre,9
2021,08326KRSI,"Schwarzwald-Baar-Kreis, Landkreis",mit Migrationshintergrund,35 bis unter 45 Jahre,10
2021,08326KRSI,"Schwarzwald-Baar-Kreis, Landkreis",mit Migrationshintergrund,45 bis unter 55 Jahre,10
2021,08326KRSI,"Schwarzwald-Baar-Kreis, Landkreis",mit Migrationshintergrund,55 bis unter 65 Jahre,6
2021,08326KRSI,"Schwarzwald-Baar-Kreis, Landkreis",mit Migrationshintergrund,65 Jahre und mehr,9
2021,08326KRSI,"Schwarzwald-Baar-Kreis, Landkreis",mit Migrationshintergrund,Insgesamt,68
2021,08326KRSI,"Schwarzwald-Baar-Kreis, Landkreis",mit Migrationshintergrund,unter 15 Jahre,13
2021,08327KRSI,"Tuttlingen, Landkreis",Insgesamt,15 bis unter 25 Jahre,16
2021,08327KRSI,"Tuttlingen, Landkreis",Insgesamt,25 bis unter 35 Jahre,20
2021,08327KRSI,"Tuttlingen, Landkreis",Insgesamt,35 bis unter 45 Jahre,19
2021,08327KRSI,"Tuttlingen, Landkreis",Insgesamt,45 bis unter 55 Jahre,16
2021,08327KRSI,"Tuttlingen, Landkreis",Insgesamt,55 bis unter 65 Jahre,20
2021,08327KRSI,"Tuttlingen, Landkreis",Insgesamt,65 Jahre und mehr,28
2021,08327KRSI,"Tuttlingen, Landkreis",Insgesamt,Insgesamt,142
2021,08327KRSI,"Tuttlingen, Landkreis",Insgesamt,unter 15 Jahre,23
2021,08327KRSI,"Tuttlingen, Landkreis",mit Migrationshintergrund,15 bis unter 25 Jahre,10
2021,08327KRSI,"Tuttlingen, Landkreis",mit Migrationshintergrund,25 bis unter 35 Jahre,9
2021,08327KRSI,"Tuttlingen, Landkreis",mit Migrationshintergrund,35 bis unter 45 Jahre,11
2021,08327KRSI,"Tuttlingen, Landkreis",mit Migrationshintergrund,45 bis unter 55 Jahre,9
2021,08327KRSI,"Tuttlingen, Landkreis",mit Migrationshintergrund,55 bis unter 65 Jahre,7
2021,08327KRSI,"Tuttlingen, Landkreis",mit Migrationshintergrund,65 Jahre und mehr,7
2021,08327KRSI,"Tuttlingen, Landkreis",mit Migrationshintergrund,Insgesamt,67
2021,08327KRSI,"Tuttlingen, Landkreis",mit Migrationshintergrund,unter 15 Jahre,15
2021,08335KRSI,"Konstanz, Landkreis",Insgesamt,15 bis unter 25 Jahre,28
2021,08335KRSI,"Konstanz, Landkreis",Insgesamt,25 bis unter 35 Jahre,34
2021,08335KRSI,"Konstanz, Landkreis",Insgesamt,35 bis unter 45 Jahre,35
2021,08335KRSI,"Konstanz, Landkreis",Insgesamt,45 bis unter 55 Jahre,37
2021,08335KRSI,"Konstanz, Landkreis",Insgesamt,55 bis unter 65 Jahre,48
2021,08335KRSI,"Konstanz, Landkreis",Insgesamt,65 Jahre und mehr,59
2021,08335KRSI,"Konstanz, Landkreis",Insgesamt,Insgesamt,284
2021,08335KRSI,"Konstanz, Landkreis",Insgesamt,unter 15 Jahre,42
2021,08335KRSI,"Konstanz, Landkreis",mit Migrationshintergrund,15 bis unter 25 Jahre,9
2021,08335KRSI,"Konstanz, Landkreis",mit Migrationshintergrund,25 bis unter 35 Jahre,13
2021,08335KRSI,"Konstanz, Landkreis",mit Migrationshintergrund,35 bis unter 45 Jahre,13
2021,08335KRSI,"Konstanz, Landkreis",mit Migrationshintergrund,45 bis unter 55 Jahre,12
2021,08335KRSI,"Konstanz, Landkreis",mit Migrationshintergrund,55 bis unter 65 Jahre,9
2021,08335KRSI,"Konstanz, Landkreis",mit Migrationshintergrund,65 Jahre und mehr,11
2021,08335KRSI,"Konstanz, Landkreis",mit Migrationshintergrund,Insgesamt,86
2021,08335KRSI,"Konstanz, Landkreis",mit Migrationshintergrund,unter 15 Jahre,19
2021,08336KRSI,"Lörrach, Landkreis",Insgesamt,15 bis unter 25 Jahre,22
2021,08336KRSI,"Lörrach, Landkreis",Insgesamt,25 bis unter 35 Jahre,27
2021,08336KRSI,"Lörrach, Landkreis",Insgesamt,35 bis unter 45 Jahre,30
2021,08336KRSI,"Lörrach, Landkreis",Insgesamt,45 bis unter 55 Jahre,32
2021,08336KRSI,"Lörrach, Landkreis",Insgesamt,55 bis unter 65 Jahre,31
2021,08336KRSI,"Lörrach, Landkreis",Insgesamt,65 Jahre und mehr,50
2021,08336KRSI,"Lörrach, Landkreis",Insgesamt,Insgesamt,229
2021,08336KRSI,"Lörrach, Landkreis",Insgesamt,unter 15 Jahre,37
2021,08336KRSI,"Lörrach, Landkreis",mit Migrationshintergrund,15 bis unter 25 Jahre,12
2021,08336KRSI,"Lörrach, Landkreis",mit Migrationshintergrund,25 bis unter 35 Jahre,11
2021,08336KRSI,"Lörrach, Landkreis",mit Migrationshintergrund,35 bis unter 45 Jahre,16
2021,08336KRSI,"Lörrach, Landkreis",mit Migrationshintergrund,45 bis unter 55 Jahre,13
2021,08336KRSI,"Lörrach, Landkreis",mit Migrationshintergrund,55 bis unter 65 Jahre,7
2021,08336KRSI,"Lörrach, Landkreis",mit Migrationshintergrund,65 Jahre und mehr,9
2021,08336KRSI,"Lörrach, Landkreis",mit Migrationshintergrund,Insgesamt,88
2021,08336KRSI,"Lörrach, Landkreis",mit Migrationshintergrund,unter 15 Jahre,20
2021,08337KRSI,"Waldshut, Landkreis",Insgesamt,15 bis unter 25 Jahre,19
2021,08337KRSI,"Waldshut, Landkreis",Insgesamt,25 bis unter 35 Jahre,18
2021,08337KRSI,"Waldshut, Landkreis",Insgesamt,35 bis unter 45 Jahre,20
2021,08337KRSI,"Waldshut, Landkreis",Insgesamt,45 bis unter 55 Jahre,24
2021,08337KRSI,"Waldshut, Landkreis",Insgesamt,55 bis unter 65 Jahre,26
2021,08337KRSI,"Waldshut, Landkreis",Insgesamt,65 Jahre und mehr,38
2021,08337KRSI,"Waldshut, Landkreis",Insgesamt,Insgesamt,167
2021,08337KRSI,"Waldshut, Landkreis",Insgesamt,unter 15 Jahre,23
2021,08337KRSI,"Waldshut, Landkreis",mit Migrationshintergrund,15 bis unter 25 Jahre,7
2021,08337KRSI,"Waldshut, Landkreis",mit Migrationshintergrund,25 bis unter 35 Jahre,9
2021,08337KRSI,"Waldshut, Landkreis",mit Migrationshintergrund,35 bis unter 45 Jahre,8
2021,08337KRSI,"Waldshut, Landkreis",mit Migrationshintergrund,45 bis unter 55 Jahre,9
2021,08337KRSI,"Waldshut, Landkreis",mit Migrationshintergrund,55 bis unter 65 Jahre,8
2021,08337KRSI,"Waldshut, Landkreis",mit Migrationshintergrund,65 Jahre und mehr,8
2021,08337KRSI,"Waldshut, Landkreis",mit Migrationshintergrund,Insgesamt,60
2021,08337KRSI,"Waldshut, Landkreis",mit Migrationshintergrund,unter 15 Jahre,12
2021,08415KRSI,"Reutlingen, Landkreis",Insgesamt,15 bis unter 25 Jahre,31
2021,08415KRSI,"Reutlingen, Landkreis",Insgesamt,25 bis unter 35 Jahre,36
2021,08415KRSI,"Reutlingen, Landkreis",Insgesamt,35 bis unter 45 Jahre,34
2021,08415KRSI,"Reutlingen, Landkreis",Insgesamt,45 bis unter 55 Jahre,40
2021,08415KRSI,"Reutlingen, Landkreis",Insgesamt,55 bis unter 65 Jahre,45
2021,08415KRSI,"Reutlingen, Landkreis",Insgesamt,65 Jahre und mehr,63
2021,08415KRSI,"Reutlingen, Landkreis",Insgesamt,Insgesamt,287
2021,08415KRSI,"Reutlingen, Landkreis",Insgesamt,unter 15 Jahre,37
2021,08415KRSI,"Reutlingen, Landkreis",mit Migrationshintergrund,15 bis unter 25 Jahre,14
2021,08415KRSI,"Reutlingen, Landkreis",mit Migrationshintergrund,25 bis unter 35 Jahre,15
2021,08415KRSI,"Reutlingen, Landkreis",mit Migrationshintergrund,35 bis unter 45 Jahre,14
2021,08415KRSI,"Reutlingen, Landkreis",mit Migrationshintergrund,45 bis unter 55 Jahre,16
2021,08415KRSI,"Reutlingen, Landkreis",mit Migrationshintergrund,55 bis unter 65 Jahre,13
2021,08415KRSI,"Reutlingen, Landkreis",mit Migrationshintergrund,65 Jahre und mehr,16
2021,08415KRSI,"Reutlingen, Landkreis",mit Migrationshintergrund,Insgesamt,105
2021,08415KRSI,"Reutlingen, Landkreis",mit Migrationshintergrund,unter 15 Jahre,16
2021,08416KRSI,"Tübingen, Landkreis",Insgesamt,15 bis unter 25 Jahre,30
2021,08416KRSI,"Tübingen, Landkreis",Insgesamt,25 bis unter 35 Jahre,32
2021,08416KRSI,"Tübingen, Landkreis",Insgesamt,35 bis unter 45 Jahre,26
2021,08416KRSI,"Tübingen, Landkreis",Insgesamt,45 bis unter 55 Jahre,29
2021,08416KRSI,"Tübingen, Landkreis",Insgesamt,55 bis unter 65 Jahre,33
2021,08416KRSI,"Tübingen, Landkreis",Insgesamt,65 Jahre und mehr,47
2021,08416KRSI,"Tübingen, Landkreis",Insgesamt,Insgesamt,227
2021,08416KRSI,"Tübingen, Landkreis",Insgesamt,unter 15 Jahre,30
2021,08416KRSI,"Tübingen, Landkreis",mit Migrationshintergrund,15 bis unter 25 Jahre,11
2021,08416KRSI,"Tübingen, Landkreis",mit Migrationshintergrund,25 bis unter 35 Jahre,11
2021,08416KRSI,"Tübingen, Landkreis",mit Migrationshintergrund,35 bis unter 45 Jahre,10
2021,08416KRSI,"Tübingen, Landkreis",mit Migrationshintergrund,45 bis unter 55 Jahre,8
2021,08416KRSI,"Tübingen, Landkreis",mit Migrationshintergrund,55 bis unter 65 Jahre,/
2021,08416KRSI,"Tübingen, Landkreis",mit Migrationshintergrund,65 Jahre und mehr,8
2021,08416KRSI,"Tübingen, Landkreis",mit Migrationshintergrund,Insgesamt,66
2021,08416KRSI,"Tübingen, Landkreis",mit Migrationshintergrund,unter 15 Jahre,12
2021,08417KRSI,"Zollernalbkreis, Landkreis",Insgesamt,15 bis unter 25 Jahre,22
2021,08417KRSI,"Zollernalbkreis, Landkreis",Insgesamt,25 bis unter 35 Jahre,25
2021,08417KRSI,"Zollernalbkreis, Landkreis",Insgesamt,35 bis unter 45 Jahre,21
2021,08417KRSI,"Zollernalbkreis, Landkreis",Insgesamt,45 bis unter 55 Jahre,30
2021,08417KRSI,"Zollernalbkreis, Landkreis",Insgesamt,55 bis unter 65 Jahre,28
2021,08417KRSI,"Zollernalbkreis, Landkreis",Insgesamt,65 Jahre und mehr,37
2021,08417KRSI,"Zollernalbkreis, Landkreis",Insgesamt,Insgesamt,188
2021,08417KRSI,"Zollernalbkreis, Landkreis",Insgesamt,unter 15 Jahre,25
2021,08417KRSI,"Zollernalbkreis, Landkreis",mit Migrationshintergrund,15 bis unter 25 Jahre,8
2021,08417KRSI,"Zollernalbkreis, Landkreis",mit Migrationshintergrund,25 bis unter 35 Jahre,8
2021,08417KRSI,"Zollernalbkreis, Landkreis",mit Migrationshintergrund,35 bis unter 45 Jahre,10
2021,08417KRSI,"Zollernalbkreis, Landkreis",mit Migrationshintergrund,45 bis unter 55 Jahre,11
2021,08417KRSI,"Zollernalbkreis, Landkreis",mit Migrationshintergrund,55 bis unter 65 Jahre,6
2021,08417KRSI,"Zollernalbkreis, Landkreis",mit Migrationshintergrund,65 Jahre und mehr,9
2021,08417KRSI,"Zollernalbkreis, Landkreis",mit Migrationshintergrund,Insgesamt,61
2021,08417KRSI,"Zollernalbkreis, Landkreis",mit Migrationshintergrund,unter 15 Jahre,11
2021,08421KRSI,"Ulm, Stadtkreis",Insgesamt,15 bis unter 25 Jahre,15
2021,08421KRSI,"Ulm, Stadtkreis",Insgesamt,25 bis unter 35 Jahre,20
2021,08421KRSI,"Ulm, Stadtkreis",Insgesamt,35 bis unter 45 Jahre,18
2021,08421KRSI,"Ulm, Stadtkreis",Insgesamt,45 bis unter 55 Jahre,17
2021,08421KRSI,"Ulm, Stadtkreis",Insgesamt,55 bis unter 65 Jahre,16
2021,08421KRSI,"Ulm, Stadtkreis",Insgesamt,65 Jahre und mehr,23
2021,08421KRSI,"Ulm, Stadtkreis",Insgesamt,Insgesamt,126
2021,08421KRSI,"Ulm, Stadtkreis",Insgesamt,unter 15 Jahre,17
2021,08421KRSI,"Ulm, Stadtkreis",mit Migrationshintergrund,15 bis unter 25 Jahre,/
2021,08421KRSI,"Ulm, Stadtkreis",mit Migrationshintergrund,25 bis unter 35 Jahre,9
2021,08421KRSI,"Ulm, Stadtkreis",mit Migrationshintergrund,35 bis unter 45 Jahre,10
2021,08421KRSI,"Ulm, Stadtkreis",mit Migrationshintergrund,45 bis unter 55 Jahre,8
2021,08421KRSI,"Ulm, Stadtkreis",mit Migrationshintergrund,55 bis unter 65 Jahre,7
2021,08421KRSI,"Ulm, Stadtkreis",mit Migrationshintergrund,65 Jahre und mehr,7
2021,08421KRSI,"Ulm, Stadtkreis",mit Migrationshintergrund,Insgesamt,60
2021,08421KRSI,"Ulm, Stadtkreis",mit Migrationshintergrund,unter 15 Jahre,12
2021,08425KRSI,"Alb-Donau-Kreis, Landkreis",Insgesamt,15 bis unter 25 Jahre,21
2021,08425KRSI,"Alb-Donau-Kreis, Landkreis",Insgesamt,25 bis unter 35 Jahre,24
2021,08425KRSI,"Alb-Donau-Kreis, Landkreis",Insgesamt,35 bis unter 45 Jahre,25
2021,08425KRSI,"Alb-Donau-Kreis, Landkreis",Insgesamt,45 bis unter 55 Jahre,29
2021,08425KRSI,"Alb-Donau-Kreis, Landkreis",Insgesamt,55 bis unter 65 Jahre,31
2021,08425KRSI,"Alb-Donau-Kreis, Landkreis",Insgesamt,65 Jahre und mehr,36
2021,08425KRSI,"Alb-Donau-Kreis, Landkreis",Insgesamt,Insgesamt,196
2021,08425KRSI,"Alb-Donau-Kreis, Landkreis",Insgesamt,unter 15 Jahre,30
2021,08425KRSI,"Alb-Donau-Kreis, Landkreis",mit Migrationshintergrund,15 bis unter 25 Jahre,6
2021,08425KRSI,"Alb-Donau-Kreis, Landkreis",mit Migrationshintergrund,25 bis unter 35 Jahre,8
2021,08425KRSI,"Alb-Donau-Kreis, Landkreis",mit Migrationshintergrund,35 bis unter 45 Jahre,10
2021,08425KRSI,"Alb-Donau-Kreis, Landkreis",mit Migrationshintergrund,45 bis unter 55 Jahre,9
2021,08425KRSI,"Alb-Donau-Kreis, Landkreis",mit Migrationshintergrund,55 bis unter 65 Jahre,7
2021,08425KRSI,"Alb-Donau-Kreis, Landkreis",mit Migrationshintergrund,65 Jahre und mehr,/
2021,08425KRSI,"Alb-Donau-Kreis, Landkreis",mit Migrationshintergrund,Insgesamt,58
2021,08425KRSI,"Alb-Donau-Kreis, Landkreis",mit Migrationshintergrund,unter 15 Jahre,13
2021,08426KRSI,"Biberach, Landkreis",Insgesamt,15 bis unter 25 Jahre,25
2021,08426KRSI,"Biberach, Landkreis",Insgesamt,25 bis unter 35 Jahre,25
2021,08426KRSI,"Biberach, Landkreis",Insgesamt,35 bis unter 45 Jahre,26
2021,08426KRSI,"Biberach, Landkreis",Insgesamt,45 bis unter 55 Jahre,25
2021,08426KRSI,"Biberach, Landkreis",Insgesamt,55 bis unter 65 Jahre,31
2021,08426KRSI,"Biberach, Landkreis",Insgesamt,65 Jahre und mehr,38
2021,08426KRSI,"Biberach, Landkreis",Insgesamt,Insgesamt,201
2021,08426KRSI,"Biberach, Landkreis",Insgesamt,unter 15 Jahre,31
2021,08426KRSI,"Biberach, Landkreis",mit Migrationshintergrund,15 bis unter 25 Jahre,9
2021,08426KRSI,"Biberach, Landkreis",mit Migrationshintergrund,25 bis unter 35 Jahre,7
2021,08426KRSI,"Biberach, Landkreis",mit Migrationshintergrund,35 bis unter 45 Jahre,8
2021,08426KRSI,"Biberach, Landkreis",mit Migrationshintergrund,45 bis unter 55 Jahre,6
2021,08426KRSI,"Biberach, Landkreis",mit Migrationshintergrund,55 bis unter 65 Jahre,6
2021,08426KRSI,"Biberach, Landkreis",mit Migrationshintergrund,65 Jahre und mehr,/
2021,08426KRSI,"Biberach, Landkreis",mit Migrationshintergrund,Insgesamt,52
2021,08426KRSI,"Biberach, Landkreis",mit Migrationshintergrund,unter 15 Jahre,11
2021,08435KRSI,"Bodenseekreis, Landkreis",Insgesamt,15 bis unter 25 Jahre,22
2021,08435KRSI,"Bodenseekreis, Landkreis",Insgesamt,25 bis unter 35 Jahre,25
2021,08435KRSI,"Bodenseekreis, Landkreis",Insgesamt,35 bis unter 45 Jahre,26
2021,08435KRSI,"Bodenseekreis, Landkreis",Insgesamt,45 bis unter 55 Jahre,28
2021,08435KRSI,"Bodenseekreis, Landkreis",Insgesamt,55 bis unter 65 Jahre,33
2021,08435KRSI,"Bodenseekreis, Landkreis",Insgesamt,65 Jahre und mehr,54
2021,08435KRSI,"Bodenseekreis, Landkreis",Insgesamt,Insgesamt,214
2021,08435KRSI,"Bodenseekreis, Landkreis",Insgesamt,unter 15 Jahre,26
2021,08435KRSI,"Bodenseekreis, Landkreis",mit Migrationshintergrund,15 bis unter 25 Jahre,7
2021,08435KRSI,"Bodenseekreis, Landkreis",mit Migrationshintergrund,25 bis unter 35 Jahre,9
2021,08435KRSI,"Bodenseekreis, Landkreis",mit Migrationshintergrund,35 bis unter 45 Jahre,11
2021,08435KRSI,"Bodenseekreis, Landkreis",mit Migrationshintergrund,45 bis unter 55 Jahre,8
2021,08435KRSI,"Bodenseekreis, Landkreis",mit Migrationshintergrund,55 bis unter 65 Jahre,7
2021,08435KRSI,"Bodenseekreis, Landkreis",mit Migrationshintergrund,65 Jahre und mehr,9
2021,08435KRSI,"Bodenseekreis, Landkreis",mit Migrationshintergrund,Insgesamt,61
2021,08435KRSI,"Bodenseekreis, Landkreis",mit Migrationshintergrund,unter 15 Jahre,10
2021,08436KRSI,"Ravensburg, Landkreis",Insgesamt,15 bis unter 25 Jahre,32
2021,08436KRSI,"Ravensburg, Landkreis",Insgesamt,25 bis unter 35 Jahre,34
2021,08436KRSI,"Ravensburg, Landkreis",Insgesamt,35 bis unter 45 Jahre,35
2021,08436KRSI,"Ravensburg, Landkreis",Insgesamt,45 bis unter 55 Jahre,39
2021,08436KRSI,"Ravensburg, Landkreis",Insgesamt,55 bis unter 65 Jahre,38
2021,08436KRSI,"Ravensburg, Landkreis",Insgesamt,65 Jahre und mehr,59
2021,08436KRSI,"Ravensburg, Landkreis",Insgesamt,Insgesamt,280
2021,08436KRSI,"Ravensburg, Landkreis",Insgesamt,unter 15 Jahre,44
2021,08436KRSI,"Ravensburg, Landkreis",mit Migrationshintergrund,15 bis unter 25 Jahre,8
2021,08436KRSI,"Ravensburg, Landkreis",mit Migrationshintergrund,25 bis unter 35 Jahre,10
2021,08436KRSI,"Ravensburg, Landkreis",mit Migrationshintergrund,35 bis unter 45 Jahre,13
2021,08436KRSI,"Ravensburg, Landkreis",mit Migrationshintergrund,45 bis unter 55 Jahre,11
2021,08436KRSI,"Ravensburg, Landkreis",mit Migrationshintergrund,55 bis unter 65 Jahre,7
2021,08436KRSI,"Ravensburg, Landkreis",mit Migrationshintergrund,65 Jahre und mehr,8
2021,08436KRSI,"Ravensburg, Landkreis",mit Migrationshintergrund,Insgesamt,75
2021,08436KRSI,"Ravensburg, Landkreis",mit Migrationshintergrund,unter 15 Jahre,18
2021,08437KRSI,"Sigmaringen, Landkreis",Insgesamt,15 bis unter 25 Jahre,14
2021,08437KRSI,"Sigmaringen, Landkreis",Insgesamt,25 bis unter 35 Jahre,14
2021,08437KRSI,"Sigmaringen, Landkreis",Insgesamt,35 bis unter 45 Jahre,16
2021,08437KRSI,"Sigmaringen, Landkreis",Insgesamt,45 bis unter 55 Jahre,17
2021,08437KRSI,"Sigmaringen, Landkreis",Insgesamt,55 bis unter 65 Jahre,19
2021,08437KRSI,"Sigmaringen, Landkreis",Insgesamt,65 Jahre und mehr,29
2021,08437KRSI,"Sigmaringen, Landkreis",Insgesamt,Insgesamt,128
2021,08437KRSI,"Sigmaringen, Landkreis",Insgesamt,unter 15 Jahre,20
2021,08437KRSI,"Sigmaringen, Landkreis",mit Migrationshintergrund,15 bis unter 25 Jahre,/
2021,08437KRSI,"Sigmaringen, Landkreis",mit Migrationshintergrund,25 bis unter 35 Jahre,/
2021,08437KRSI,"Sigmaringen, Landkreis",mit Migrationshintergrund,35 bis unter 45 Jahre,7
2021,08437KRSI,"Sigmaringen, Landkreis",mit Migrationshintergrund,45 bis unter 55 Jahre,/
2021,08437KRSI,"Sigmaringen, Landkreis",mit Migrationshintergrund,55 bis unter 65 Jahre,/
2021,08437KRSI,"Sigmaringen, Landkreis",mit Migrationshintergrund,65 Jahre und mehr,/
2021,08437KRSI,"Sigmaringen, Landkreis",mit Migrationshintergrund,Insgesamt,38
2021,08437KRSI,"Sigmaringen, Landkreis",mit Migrationshintergrund,unter 15 Jahre,8
2022,08111KRSI,"Stuttgart, Stadtkreis",Insgesamt,15 bis unter 25 Jahre,70
2022,08111KRSI,"Stuttgart, Stadtkreis",Insgesamt,25 bis unter 35 Jahre,109
2022,08111KRSI,"Stuttgart, Stadtkreis",Insgesamt,35 bis unter 45 Jahre,79
2022,08111KRSI,"Stuttgart, Stadtkreis",Insgesamt,45 bis unter 55 Jahre,78
2022,08111KRSI,"Stuttgart, Stadtkreis",Insgesamt,55 bis unter 65 Jahre,77
2022,08111KRSI,"Stuttgart, Stadtkreis",Insgesamt,65 Jahre und mehr,112
2022,08111KRSI,"Stuttgart, Stadtkreis",Insgesamt,Insgesamt,606
2022,08111KRSI,"Stuttgart, Stadtkreis",Insgesamt,unter 15 Jahre,81
2022,08111KRSI,"Stuttgart, Stadtkreis",mit Migrationshintergrund,15 bis unter 25 Jahre,39
2022,08111KRSI,"Stuttgart, Stadtkreis",mit Migrationshintergrund,25 bis unter 35 Jahre,56
2022,08111KRSI,"Stuttgart, Stadtkreis",mit Migrationshintergrund,35 bis unter 45 Jahre,40
2022,08111KRSI,"Stuttgart, Stadtkreis",mit Migrationshintergrund,45 bis unter 55 Jahre,41
2022,08111KRSI,"Stuttgart, Stadtkreis",mit Migrationshintergrund,55 bis unter 65 Jahre,28
2022,08111KRSI,"Stuttgart, Stadtkreis",mit Migrationshintergrund,65 Jahre und mehr,34
2022,08111KRSI,"Stuttgart, Stadtkreis",mit Migrationshintergrund,Insgesamt,290
2022,08111KRSI,"Stuttgart, Stadtkreis",mit Migrationshintergrund,unter 15 Jahre,51
2022,08115KRSI,"Böblingen, Landkreis",Insgesamt,15 bis unter 25 Jahre,44
2022,08115KRSI,"Böblingen, Landkreis",Insgesamt,25 bis unter 35 Jahre,46
2022,08115KRSI,"Böblingen, Landkreis",Insgesamt,35 bis unter 45 Jahre,49
2022,08115KRSI,"Böblingen, Landkreis",Insgesamt,45 bis unter 55 Jahre,54
2022,08115KRSI,"Böblingen, Landkreis",Insgesamt,55 bis unter 65 Jahre,62
2022,08115KRSI,"Böblingen, Landkreis",Insgesamt,65 Jahre und mehr,74
2022,08115KRSI,"Böblingen, Landkreis",Insgesamt,Insgesamt,389
2022,08115KRSI,"Böblingen, Landkreis",Insgesamt,unter 15 Jahre,60
2022,08115KRSI,"Böblingen, Landkreis",mit Migrationshintergrund,15 bis unter 25 Jahre,18
2022,08115KRSI,"Böblingen, Landkreis",mit Migrationshintergrund,25 bis unter 35 Jahre,20
2022,08115KRSI,"Böblingen, Landkreis",mit Migrationshintergrund,35 bis unter 45 Jahre,24
2022,08115KRSI,"Böblingen, Landkreis",mit Migrationshintergrund,45 bis unter 55 Jahre,20
2022,08115KRSI,"Böblingen, Landkreis",mit Migrationshintergrund,55 bis unter 65 Jahre,15
2022,08115KRSI,"Böblingen, Landkreis",mit Migrationshintergrund,65 Jahre und mehr,20
2022,08115KRSI,"Böblingen, Landkreis",mit Migrationshintergrund,Insgesamt,150
2022,08115KRSI,"Böblingen, Landkreis",mit Migrationshintergrund,unter 15 Jahre,33
2022,08116KRSI,"Esslingen, Landkreis",Insgesamt,15 bis unter 25 Jahre,54
2022,08116KRSI,"Esslingen, Landkreis",Insgesamt,25 bis unter 35 Jahre,71
2022,08116KRSI,"Esslingen, Landkreis",Insgesamt,35 bis unter 45 Jahre,69
2022,08116KRSI,"Esslingen, Landkreis",Insgesamt,45 bis unter 55 Jahre,68
2022,08116KRSI,"Esslingen, Landkreis",Insgesamt,55 bis unter 65 Jahre,84
2022,08116KRSI,"Esslingen, Landkreis",Insgesamt,65 Jahre und mehr,112
2022,08116KRSI,"Esslingen, Landkreis",Insgesamt,Insgesamt,530
2022,08116KRSI,"Esslingen, Landkreis",Insgesamt,unter 15 Jahre,72
2022,08116KRSI,"Esslingen, Landkreis",mit Migrationshintergrund,15 bis unter 25 Jahre,25
2022,08116KRSI,"Esslingen, Landkreis",mit Migrationshintergrund,25 bis unter 35 Jahre,33
2022,08116KRSI,"Esslingen, Landkreis",mit Migrationshintergrund,35 bis unter 45 Jahre,31
2022,08116KRSI,"Esslingen, Landkreis",mit Migrationshintergrund,45 bis unter 55 Jahre,28
2022,08116KRSI,"Esslingen, Landkreis",mit Migrationshintergrund,55 bis unter 65 Jahre,24
2022,08116KRSI,"Esslingen, Landkreis",mit Migrationshintergrund,65 Jahre und mehr,23
2022,08116KRSI,"Esslingen, Landkreis",mit Migrationshintergrund,Insgesamt,196
2022,08116KRSI,"Esslingen, Landkreis",mit Migrationshintergrund,unter 15 Jahre,33
2022,08117KRSI,"Göppingen, Landkreis",Insgesamt,15 bis unter 25 Jahre,27
2022,08117KRSI,"Göppingen, Landkreis",Insgesamt,25 bis unter 35 Jahre,33
2022,08117KRSI,"Göppingen, Landkreis",Insgesamt,35 bis unter 45 Jahre,32
2022,08117KRSI,"Göppingen, Landkreis",Insgesamt,45 bis unter 55 Jahre,34
2022,08117KRSI,"Göppingen, Landkreis",Insgesamt,55 bis unter 65 Jahre,45
2022,08117KRSI,"Göppingen, Landkreis",Insgesamt,65 Jahre und mehr,50
2022,08117KRSI,"Göppingen, Landkreis",Insgesamt,Insgesamt,257
2022,08117KRSI,"Göppingen, Landkreis",Insgesamt,unter 15 Jahre,36
2022,08117KRSI,"Göppingen, Landkreis",mit Migrationshintergrund,15 bis unter 25 Jahre,12
2022,08117KRSI,"Göppingen, Landkreis",mit Migrationshintergrund,25 bis unter 35 Jahre,14
2022,08117KRSI,"Göppingen, Landkreis",mit Migrationshintergrund,35 bis unter 45 Jahre,16
2022,08117KRSI,"Göppingen, Landkreis",mit Migrationshintergrund,45 bis unter 55 Jahre,14
2022,08117KRSI,"Göppingen, Landkreis",mit Migrationshintergrund,55 bis unter 65 Jahre,14
2022,08117KRSI,"Göppingen, Landkreis",mit Migrationshintergrund,65 Jahre und mehr,13
2022,08117KRSI,"Göppingen, Landkreis",mit Migrationshintergrund,Insgesamt,103
2022,08117KRSI,"Göppingen, Landkreis",mit Migrationshintergrund,unter 15 Jahre,20
2022,08118KRSI,"Ludwigsburg, Landkreis",Insgesamt,15 bis unter 25 Jahre,55
2022,08118KRSI,"Ludwigsburg, Landkreis",Insgesamt,25 bis unter 35 Jahre,65
2022,08118KRSI,"Ludwigsburg, Landkreis",Insgesamt,35 bis unter 45 Jahre,71
2022,08118KRSI,"Ludwigsburg, Landkreis",Insgesamt,45 bis unter 55 Jahre,73
2022,08118KRSI,"Ludwigsburg, Landkreis",Insgesamt,55 bis unter 65 Jahre,80
2022,08118KRSI,"Ludwigsburg, Landkreis",Insgesamt,65 Jahre und mehr,103
2022,08118KRSI,"Ludwigsburg, Landkreis",Insgesamt,Insgesamt,524
2022,08118KRSI,"Ludwigsburg, Landkreis",Insgesamt,unter 15 Jahre,77
2022,08118KRSI,"Ludwigsburg, Landkreis",mit Migrationshintergrund,15 bis unter 25 Jahre,28
2022,08118KRSI,"Ludwigsburg, Landkreis",mit Migrationshintergrund,25 bis unter 35 Jahre,30
2022,08118KRSI,"Ludwigsburg, Landkreis",mit Migrationshintergrund,35 bis unter 45 Jahre,34
2022,08118KRSI,"Ludwigsburg, Landkreis",mit Migrationshintergrund,45 bis unter 55 Jahre,32
2022,08118KRSI,"Ludwigsburg, Landkreis",mit Migrationshintergrund,55 bis unter 65 Jahre,23
2022,08118KRSI,"Ludwigsburg, Landkreis",mit Migrationshintergrund,65 Jahre und mehr,25
2022,08118KRSI,"Ludwigsburg, Landkreis",mit Migrationshintergrund,Insgesamt,210
2022,08118KRSI,"Ludwigsburg, Landkreis",mit Migrationshintergrund,unter 15 Jahre,39
2022,08119KRSI,"Rems-Murr-Kreis, Landkreis",Insgesamt,15 bis unter 25 Jahre,46
2022,08119KRSI,"Rems-Murr-Kreis, Landkreis",Insgesamt,25 bis unter 35 Jahre,51
2022,08119KRSI,"Rems-Murr-Kreis, Landkreis",Insgesamt,35 bis unter 45 Jahre,53
2022,08119KRSI,"Rems-Murr-Kreis, Landkreis",Insgesamt,45 bis unter 55 Jahre,60
2022,08119KRSI,"Rems-Murr-Kreis, Landkreis",Insgesamt,55 bis unter 65 Jahre,73
2022,08119KRSI,"Rems-Murr-Kreis, Landkreis",Insgesamt,65 Jahre und mehr,94
2022,08119KRSI,"Rems-Murr-Kreis, Landkreis",Insgesamt,Insgesamt,438
2022,08119KRSI,"Rems-Murr-Kreis, Landkreis",Insgesamt,unter 15 Jahre,60
2022,08119KRSI,"Rems-Murr-Kreis, Landkreis",mit Migrationshintergrund,15 bis unter 25 Jahre,17
2022,08119KRSI,"Rems-Murr-Kreis, Landkreis",mit Migrationshintergrund,25 bis unter 35 Jahre,20
2022,08119KRSI,"Rems-Murr-Kreis, Landkreis",mit Migrationshintergrund,35 bis unter 45 Jahre,22
2022,08119KRSI,"Rems-Murr-Kreis, Landkreis",mit Migrationshintergrund,45 bis unter 55 Jahre,22
2022,08119KRSI,"Rems-Murr-Kreis, Landkreis",mit Migrationshintergrund,55 bis unter 65 Jahre,16
2022,08119KRSI,"Rems-Murr-Kreis, Landkreis",mit Migrationshintergrund,65 Jahre und mehr,18
2022,08119KRSI,"Rems-Murr-Kreis, Landkreis",mit Migrationshintergrund,Insgesamt,144
2022,08119KRSI,"Rems-Murr-Kreis, Landkreis",mit Migrationshintergrund,unter 15 Jahre,28
2022,08121KRSI,"Heilbronn, Stadtkreis",Insgesamt,15 bis unter 25 Jahre,15
2022,08121KRSI,"Heilbronn, Stadtkreis",Insgesamt,25 bis unter 35 Jahre,19
2022,08121KRSI,"Heilbronn, Stadtkreis",Insgesamt,35 bis unter 45 Jahre,16
2022,08121KRSI,"Heilbronn, Stadtkreis",Insgesamt,45 bis unter 55 Jahre,16
2022,08121KRSI,"Heilbronn, Stadtkreis",Insgesamt,55 bis unter 65 Jahre,18
2022,08121KRSI,"Heilbronn, Stadtkreis",Insgesamt,65 Jahre und mehr,23
2022,08121KRSI,"Heilbronn, Stadtkreis",Insgesamt,Insgesamt,126
2022,08121KRSI,"Heilbronn, Stadtkreis",Insgesamt,unter 15 Jahre,18
2022,08121KRSI,"Heilbronn, Stadtkreis",mit Migrationshintergrund,15 bis unter 25 Jahre,9
2022,08121KRSI,"Heilbronn, Stadtkreis",mit Migrationshintergrund,25 bis unter 35 Jahre,11
2022,08121KRSI,"Heilbronn, Stadtkreis",mit Migrationshintergrund,35 bis unter 45 Jahre,10
2022,08121KRSI,"Heilbronn, Stadtkreis",mit Migrationshintergrund,45 bis unter 55 Jahre,10
2022,08121KRSI,"Heilbronn, Stadtkreis",mit Migrationshintergrund,55 bis unter 65 Jahre,9
2022,08121KRSI,"Heilbronn, Stadtkreis",mit Migrationshintergrund,65 Jahre und mehr,7
2022,08121KRSI,"Heilbronn, Stadtkreis",mit Migrationshintergrund,Insgesamt,71
2022,08121KRSI,"Heilbronn, Stadtkreis",mit Migrationshintergrund,unter 15 Jahre,14
2022,08125KRSI,"Heilbronn, Landkreis",Insgesamt,15 bis unter 25 Jahre,33
2022,08125KRSI,"Heilbronn, Landkreis",Insgesamt,25 bis unter 35 Jahre,47
2022,08125KRSI,"Heilbronn, Landkreis",Insgesamt,35 bis unter 45 Jahre,52
2022,08125KRSI,"Heilbronn, Landkreis",Insgesamt,45 bis unter 55 Jahre,43
2022,08125KRSI,"Heilbronn, Landkreis",Insgesamt,55 bis unter 65 Jahre,50
2022,08125KRSI,"Heilbronn, Landkreis",Insgesamt,65 Jahre und mehr,67
2022,08125KRSI,"Heilbronn, Landkreis",Insgesamt,Insgesamt,351
2022,08125KRSI,"Heilbronn, Landkreis",Insgesamt,unter 15 Jahre,58
2022,08125KRSI,"Heilbronn, Landkreis",mit Migrationshintergrund,15 bis unter 25 Jahre,15
2022,08125KRSI,"Heilbronn, Landkreis",mit Migrationshintergrund,25 bis unter 35 Jahre,20
2022,08125KRSI,"Heilbronn, Landkreis",mit Migrationshintergrund,35 bis unter 45 Jahre,23
2022,08125KRSI,"Heilbronn, Landkreis",mit Migrationshintergrund,45 bis unter 55 Jahre,16
2022,08125KRSI,"Heilbronn, Landkreis",mit Migrationshintergrund,55 bis unter 65 Jahre,13
2022,08125KRSI,"Heilbronn, Landkreis",mit Migrationshintergrund,65 Jahre und mehr,14
2022,08125KRSI,"Heilbronn, Landkreis",mit Migrationshintergrund,Insgesamt,134
2022,08125KRSI,"Heilbronn, Landkreis",mit Migrationshintergrund,unter 15 Jahre,33
2022,08126KRSI,"Hohenlohekreis, Landkreis",Insgesamt,15 bis unter 25 Jahre,13
2022,08126KRSI,"Hohenlohekreis, Landkreis",Insgesamt,25 bis unter 35 Jahre,14
2022,08126KRSI,"Hohenlohekreis, Landkreis",Insgesamt,35 bis unter 45 Jahre,15
2022,08126KRSI,"Hohenlohekreis, Landkreis",Insgesamt,45 bis unter 55 Jahre,16
2022,08126KRSI,"Hohenlohekreis, Landkreis",Insgesamt,55 bis unter 65 Jahre,15
2022,08126KRSI,"Hohenlohekreis, Landkreis",Insgesamt,65 Jahre und mehr,20
2022,08126KRSI,"Hohenlohekreis, Landkreis",Insgesamt,Insgesamt,112
2022,08126KRSI,"Hohenlohekreis, Landkreis",Insgesamt,unter 15 Jahre,20
2022,08126KRSI,"Hohenlohekreis, Landkreis",mit Migrationshintergrund,15 bis unter 25 Jahre,7
2022,08126KRSI,"Hohenlohekreis, Landkreis",mit Migrationshintergrund,25 bis unter 35 Jahre,/
2022,08126KRSI,"Hohenlohekreis, Landkreis",mit Migrationshintergrund,35 bis unter 45 Jahre,8
2022,08126KRSI,"Hohenlohekreis, Landkreis",mit Migrationshintergrund,45 bis unter 55 Jahre,/
2022,08126KRSI,"Hohenlohekreis, Landkreis",mit Migrationshintergrund,55 bis unter 65 Jahre,/
2022,08126KRSI,"Hohenlohekreis, Landkreis",mit Migrationshintergrund,65 Jahre und mehr,/
2022,08126KRSI,"Hohenlohekreis, Landkreis",mit Migrationshintergrund,Insgesamt,43
2022,08126KRSI,"Hohenlohekreis, Landkreis",mit Migrationshintergrund,unter 15 Jahre,10
2022,08127KRSI,"Schwäbisch Hall, Landkreis",Insgesamt,15 bis unter 25 Jahre,20
2022,08127KRSI,"Schwäbisch Hall, Landkreis",Insgesamt,25 bis unter 35 Jahre,22
2022,08127KRSI,"Schwäbisch Hall, Landkreis",Insgesamt,35 bis unter 45 Jahre,26
2022,08127KRSI,"Schwäbisch Hall, Landkreis",Insgesamt,45 bis unter 55 Jahre,27
2022,08127KRSI,"Schwäbisch Hall, Landkreis",Insgesamt,55 bis unter 65 Jahre,32
2022,08127KRSI,"Schwäbisch Hall, Landkreis",Insgesamt,65 Jahre und mehr,37
2022,08127KRSI,"Schwäbisch Hall, Landkreis",Insgesamt,Insgesamt,192
2022,08127KRSI,"Schwäbisch Hall, Landkreis",Insgesamt,unter 15 Jahre,29
2022,08127KRSI,"Schwäbisch Hall, Landkreis",mit Migrationshintergrund,15 bis unter 25 Jahre,8
2022,08127KRSI,"Schwäbisch Hall, Landkreis",mit Migrationshintergrund,25 bis unter 35 Jahre,8
2022,08127KRSI,"Schwäbisch Hall, Landkreis",mit Migrationshintergrund,35 bis unter 45 Jahre,10
2022,08127KRSI,"Schwäbisch Hall, Landkreis",mit Migrationshintergrund,45 bis unter 55 Jahre,10
2022,08127KRSI,"Schwäbisch Hall, Landkreis",mit Migrationshintergrund,55 bis unter 65 Jahre,8
2022,08127KRSI,"Schwäbisch Hall, Landkreis",mit Migrationshintergrund,65 Jahre und mehr,6
2022,08127KRSI,"Schwäbisch Hall, Landkreis",mit Migrationshintergrund,Insgesamt,61
2022,08127KRSI,"Schwäbisch Hall, Landkreis",mit Migrationshintergrund,unter 15 Jahre,12
2022,08128KRSI,"Main-Tauber-Kreis, Landkreis",Insgesamt,15 bis unter 25 Jahre,14
2022,08128KRSI,"Main-Tauber-Kreis, Landkreis",Insgesamt,25 bis unter 35 Jahre,14
2022,08128KRSI,"Main-Tauber-Kreis, Landkreis",Insgesamt,35 bis unter 45 Jahre,14
2022,08128KRSI,"Main-Tauber-Kreis, Landkreis",Insgesamt,45 bis unter 55 Jahre,18
2022,08128KRSI,"Main-Tauber-Kreis, Landkreis",Insgesamt,55 bis unter 65 Jahre,19
2022,08128KRSI,"Main-Tauber-Kreis, Landkreis",Insgesamt,65 Jahre und mehr,34
2022,08128KRSI,"Main-Tauber-Kreis, Landkreis",Insgesamt,Insgesamt,132
2022,08128KRSI,"Main-Tauber-Kreis, Landkreis",Insgesamt,unter 15 Jahre,18
2022,08128KRSI,"Main-Tauber-Kreis, Landkreis",mit Migrationshintergrund,15 bis unter 25 Jahre,/
2022,08128KRSI,"Main-Tauber-Kreis, Landkreis",mit Migrationshintergrund,25 bis unter 35 Jahre,/
2022,08128KRSI,"Main-Tauber-Kreis, Landkreis",mit Migrationshintergrund,35 bis unter 45 Jahre,/
2022,08128KRSI,"Main-Tauber-Kreis, Landkreis",mit Migrationshintergrund,45 bis unter 55 Jahre,/
2022,08128KRSI,"Main-Tauber-Kreis, Landkreis",mit Migrationshintergrund,55 bis unter 65 Jahre,/
2022,08128KRSI,"Main-Tauber-Kreis, Landkreis",mit Migrationshintergrund,65 Jahre und mehr,/
2022,08128KRSI,"Main-Tauber-Kreis, Landkreis",mit Migrationshintergrund,Insgesamt,36
2022,08128KRSI,"Main-Tauber-Kreis, Landkreis",mit Migrationshintergrund,unter 15 Jahre,/
2022,08135KRSI,"Heidenheim, Landkreis",Insgesamt,15 bis unter 25 Jahre,12
2022,08135KRSI,"Heidenheim, Landkreis",Insgesamt,25 bis unter 35 Jahre,19
2022,08135KRSI,"Heidenheim, Landkreis",Insgesamt,35 bis unter 45 Jahre,18
2022,08135KRSI,"Heidenheim, Landkreis",Insgesamt,45 bis unter 55 Jahre,14
2022,08135KRSI,"Heidenheim, Landkreis",Insgesamt,55 bis unter 65 Jahre,21
2022,08135KRSI,"Heidenheim, Landkreis",Insgesamt,65 Jahre und mehr,26
2022,08135KRSI,"Heidenheim, Landkreis",Insgesamt,Insgesamt,135
2022,08135KRSI,"Heidenheim, Landkreis",Insgesamt,unter 15 Jahre,25
2022,08135KRSI,"Heidenheim, Landkreis",mit Migrationshintergrund,15 bis unter 25 Jahre,/
2022,08135KRSI,"Heidenheim, Landkreis",mit Migrationshintergrund,25 bis unter 35 Jahre,9
2022,08135KRSI,"Heidenheim, Landkreis",mit Migrationshintergrund,35 bis unter 45 Jahre,10
2022,08135KRSI,"Heidenheim, Landkreis",mit Migrationshintergrund,45 bis unter 55 Jahre,6
2022,08135KRSI,"Heidenheim, Landkreis",mit Migrationshintergrund,55 bis unter 65 Jahre,6
2022,08135KRSI,"Heidenheim, Landkreis",mit Migrationshintergrund,65 Jahre und mehr,7
2022,08135KRSI,"Heidenheim, Landkreis",mit Migrationshintergrund,Insgesamt,60
2022,08135KRSI,"Heidenheim, Landkreis",mit Migrationshintergrund,unter 15 Jahre,16
2022,08136KRSI,"Ostalbkreis, Landkreis",Insgesamt,15 bis unter 25 Jahre,37
2022,08136KRSI,"Ostalbkreis, Landkreis",Insgesamt,25 bis unter 35 Jahre,40
2022,08136KRSI,"Ostalbkreis, Landkreis",Insgesamt,35 bis unter 45 Jahre,35
2022,08136KRSI,"Ostalbkreis, Landkreis",Insgesamt,45 bis unter 55 Jahre,45
2022,08136KRSI,"Ostalbkreis, Landkreis",Insgesamt,55 bis unter 65 Jahre,47
2022,08136KRSI,"Ostalbkreis, Landkreis",Insgesamt,65 Jahre und mehr,65
2022,08136KRSI,"Ostalbkreis, Landkreis",Insgesamt,Insgesamt,314
2022,08136KRSI,"Ostalbkreis, Landkreis",Insgesamt,unter 15 Jahre,46
2022,08136KRSI,"Ostalbkreis, Landkreis",mit Migrationshintergrund,15 bis unter 25 Jahre,13
2022,08136KRSI,"Ostalbkreis, Landkreis",mit Migrationshintergrund,25 bis unter 35 Jahre,13
2022,08136KRSI,"Ostalbkreis, Landkreis",mit Migrationshintergrund,35 bis unter 45 Jahre,12
2022,08136KRSI,"Ostalbkreis, Landkreis",mit Migrationshintergrund,45 bis unter 55 Jahre,13
2022,08136KRSI,"Ostalbkreis, Landkreis",mit Migrationshintergrund,55 bis unter 65 Jahre,10
2022,08136KRSI,"Ostalbkreis, Landkreis",mit Migrationshintergrund,65 Jahre und mehr,12
2022,08136KRSI,"Ostalbkreis, Landkreis",mit Migrationshintergrund,Insgesamt,90
2022,08136KRSI,"Ostalbkreis, Landkreis",mit Migrationshintergrund,unter 15 Jahre,19
2022,08212KRSI,"Karlsruhe, Stadtkreis",Insgesamt,15 bis unter 25 Jahre,36
2022,08212KRSI,"Karlsruhe, Stadtkreis",Insgesamt,25 bis unter 35 Jahre,52
2022,08212KRSI,"Karlsruhe, Stadtkreis",Insgesamt,35 bis unter 45 Jahre,41
2022,08212KRSI,"Karlsruhe, Stadtkreis",Insgesamt,45 bis unter 55 Jahre,35
2022,08212KRSI,"Karlsruhe, Stadtkreis",Insgesamt,55 bis unter 65 Jahre,43
2022,08212KRSI,"Karlsruhe, Stadtkreis",Insgesamt,65 Jahre und mehr,65
2022,08212KRSI,"Karlsruhe, Stadtkreis",Insgesamt,Insgesamt,309
2022,08212KRSI,"Karlsruhe, Stadtkreis",Insgesamt,unter 15 Jahre,37
2022,08212KRSI,"Karlsruhe, Stadtkreis",mit Migrationshintergrund,15 bis unter 25 Jahre,16
2022,08212KRSI,"Karlsruhe, Stadtkreis",mit Migrationshintergrund,25 bis unter 35 Jahre,21
2022,08212KRSI,"Karlsruhe, Stadtkreis",mit Migrationshintergrund,35 bis unter 45 Jahre,18
2022,08212KRSI,"Karlsruhe, Stadtkreis",mit Migrationshintergrund,45 bis unter 55 Jahre,14
2022,08212KRSI,"Karlsruhe, Stadtkreis",mit Migrationshintergrund,55 bis unter 65 Jahre,14
2022,08212KRSI,"Karlsruhe, Stadtkreis",mit Migrationshintergrund,65 Jahre und mehr,15
2022,08212KRSI,"Karlsruhe, Stadtkreis",mit Migrationshintergrund,Insgesamt,116
2022,08212KRSI,"Karlsruhe, Stadtkreis",mit Migrationshintergrund,unter 15 Jahre,18
2022,08215KRSI,"Karlsruhe, Landkreis",Insgesamt,15 bis unter 25 Jahre,50
2022,08215KRSI,"Karlsruhe, Landkreis",Insgesamt,25 bis unter 35 Jahre,54
2022,08215KRSI,"Karlsruhe, Landkreis",Insgesamt,35 bis unter 45 Jahre,57
2022,08215KRSI,"Karlsruhe, Landkreis",Insgesamt,45 bis unter 55 Jahre,65
2022,08215KRSI,"Karlsruhe, Landkreis",Insgesamt,55 bis unter 65 Jahre,67
2022,08215KRSI,"Karlsruhe, Landkreis",Insgesamt,65 Jahre und mehr,96
2022,08215KRSI,"Karlsruhe, Landkreis",Insgesamt,Insgesamt,452
2022,08215KRSI,"Karlsruhe, Landkreis",Insgesamt,unter 15 Jahre,63
2022,08215KRSI,"Karlsruhe, Landkreis",mit Migrationshintergrund,15 bis unter 25 Jahre,19
2022,08215KRSI,"Karlsruhe, Landkreis",mit Migrationshintergrund,25 bis unter 35 Jahre,23
2022,08215KRSI,"Karlsruhe, Landkreis",mit Migrationshintergrund,35 bis unter 45 Jahre,22
2022,08215KRSI,"Karlsruhe, Landkreis",mit Migrationshintergrund,45 bis unter 55 Jahre,24
2022,08215KRSI,"Karlsruhe, Landkreis",mit Migrationshintergrund,55 bis unter 65 Jahre,15
2022,08215KRSI,"Karlsruhe, Landkreis",mit Migrationshintergrund,65 Jahre und mehr,17
2022,08215KRSI,"Karlsruhe, Landkreis",mit Migrationshintergrund,Insgesamt,145
2022,08215KRSI,"Karlsruhe, Landkreis",mit Migrationshintergrund,unter 15 Jahre,26
2022,08217KRSI,Landkreis Rastatt und Stadtkreis Baden-Baden,Insgesamt,15 bis unter 25 Jahre,26
2022,08217KRSI,Landkreis Rastatt und Stadtkreis Baden-Baden,Insgesamt,25 bis unter 35 Jahre,33
2022,08217KRSI,Landkreis Rastatt und Stadtkreis Baden-Baden,Insgesamt,35 bis unter 45 Jahre,38
2022,08217KRSI,Landkreis Rastatt und Stadtkreis Baden-Baden,Insgesamt,45 bis unter 55 Jahre,40
2022,08217KRSI,Landkreis Rastatt und Stadtkreis Baden-Baden,Insgesamt,55 bis unter 65 Jahre,42
2022,08217KRSI,Landkreis Rastatt und Stadtkreis Baden-Baden,Insgesamt,65 Jahre und mehr,65
2022,08217KRSI,Landkreis Rastatt und Stadtkreis Baden-Baden,Insgesamt,Insgesamt,54
2022,08217KRSI,Landkreis Rastatt und Stadtkreis Baden-Baden,Insgesamt,unter 15 Jahre,40
2022,08217KRSI,Landkreis Rastatt und Stadtkreis Baden-Baden,mit Migrationshintergrund,15 bis unter 25 Jahre,12
2022,08217KRSI,Landkreis Rastatt und Stadtkreis Baden-Baden,mit Migrationshintergrund,25 bis unter 35 Jahre,16
2022,08217KRSI,Landkreis Rastatt und Stadtkreis Baden-Baden,mit Migrationshintergrund,35 bis unter 45 Jahre,20
2022,08217KRSI,Landkreis Rastatt und Stadtkreis Baden-Baden,mit Migrationshintergrund,45 bis unter 55 Jahre,16
2022,08217KRSI,Landkreis Rastatt und Stadtkreis Baden-Baden,mit Migrationshintergrund,55 bis unter 65 Jahre,10
2022,08217KRSI,Landkreis Rastatt und Stadtkreis Baden-Baden,mit Migrationshintergrund,65 Jahre und mehr,11
2022,08217KRSI,Landkreis Rastatt und Stadtkreis Baden-Baden,mit Migrationshintergrund,Insgesamt,107
2022,08217KRSI,Landkreis Rastatt und Stadtkreis Baden-Baden,mit Migrationshintergrund,unter 15 Jahre,22
2022,08221KRSI,"Heidelberg, Stadtkreis",Insgesamt,15 bis unter 25 Jahre,24
2022,08221KRSI,"Heidelberg, Stadtkreis",Insgesamt,25 bis unter 35 Jahre,26
2022,08221KRSI,"Heidelberg, Stadtkreis",Insgesamt,35 bis unter 45 Jahre,21
2022,08221KRSI,"Heidelberg, Stadtkreis",Insgesamt,45 bis unter 55 Jahre,19
2022,08221KRSI,"Heidelberg, Stadtkreis",Insgesamt,55 bis unter 65 Jahre,17
2022,08221KRSI,"Heidelberg, Stadtkreis",Insgesamt,65 Jahre und mehr,23
2022,08221KRSI,"Heidelberg, Stadtkreis",Insgesamt,Insgesamt,152
2022,08221KRSI,"Heidelberg, Stadtkreis",Insgesamt,unter 15 Jahre,22
2022,08221KRSI,"Heidelberg, Stadtkreis",mit Migrationshintergrund,15 bis unter 25 Jahre,11
2022,08221KRSI,"Heidelberg, Stadtkreis",mit Migrationshintergrund,25 bis unter 35 Jahre,13
2022,08221KRSI,"Heidelberg, Stadtkreis",mit Migrationshintergrund,35 bis unter 45 Jahre,11
2022,08221KRSI,"Heidelberg, Stadtkreis",mit Migrationshintergrund,45 bis unter 55 Jahre,8
2022,08221KRSI,"Heidelberg, Stadtkreis",mit Migrationshintergrund,55 bis unter 65 Jahre,/
2022,08221KRSI,"Heidelberg, Stadtkreis",mit Migrationshintergrund,65 Jahre und mehr,6
2022,08221KRSI,"Heidelberg, Stadtkreis",mit Migrationshintergrund,Insgesamt,62
2022,08221KRSI,"Heidelberg, Stadtkreis",mit Migrationshintergrund,unter 15 Jahre,11
2022,08222KRSI,"Mannheim, Stadtkreis",Insgesamt,15 bis unter 25 Jahre,37
2022,08222KRSI,"Mannheim, Stadtkreis",Insgesamt,25 bis unter 35 Jahre,51
2022,08222KRSI,"Mannheim, Stadtkreis",Insgesamt,35 bis unter 45 Jahre,45
2022,08222KRSI,"Mannheim, Stadtkreis",Insgesamt,45 bis unter 55 Jahre,40
2022,08222KRSI,"Mannheim, Stadtkreis",Insgesamt,55 bis unter 65 Jahre,37
2022,08222KRSI,"Mannheim, Stadtkreis",Insgesamt,65 Jahre und mehr,58
2022,08222KRSI,"Mannheim, Stadtkreis",Insgesamt,Insgesamt,314
2022,08222KRSI,"Mannheim, Stadtkreis",Insgesamt,unter 15 Jahre,44
2022,08222KRSI,"Mannheim, Stadtkreis",mit Migrationshintergrund,15 bis unter 25 Jahre,17
2022,08222KRSI,"Mannheim, Stadtkreis",mit Migrationshintergrund,25 bis unter 35 Jahre,25
2022,08222KRSI,"Mannheim, Stadtkreis",mit Migrationshintergrund,35 bis unter 45 Jahre,24
2022,08222KRSI,"Mannheim, Stadtkreis",mit Migrationshintergrund,45 bis unter 55 Jahre,22
2022,08222KRSI,"Mannheim, Stadtkreis",mit Migrationshintergrund,55 bis unter 65 Jahre,14
2022,08222KRSI,"Mannheim, Stadtkreis",mit Migrationshintergrund,65 Jahre und mehr,17
2022,08222KRSI,"Mannheim, Stadtkreis",mit Migrationshintergrund,Insgesamt,147
2022,08222KRSI,"Mannheim, Stadtkreis",mit Migrationshintergrund,unter 15 Jahre,28
2022,08225KRSI,"Neckar-Odenwald-Kreis, Landkreis",Insgesamt,15 bis unter 25 Jahre,13
2022,08225KRSI,"Neckar-Odenwald-Kreis, Landkreis",Insgesamt,25 bis unter 35 Jahre,17
2022,08225KRSI,"Neckar-Odenwald-Kreis, Landkreis",Insgesamt,35 bis unter 45 Jahre,19
2022,08225KRSI,"Neckar-Odenwald-Kreis, Landkreis",Insgesamt,45 bis unter 55 Jahre,16
2022,08225KRSI,"Neckar-Odenwald-Kreis, Landkreis",Insgesamt,55 bis unter 65 Jahre,24
2022,08225KRSI,"Neckar-Odenwald-Kreis, Landkreis",Insgesamt,65 Jahre und mehr,30
2022,08225KRSI,"Neckar-Odenwald-Kreis, Landkreis",Insgesamt,Insgesamt,143
2022,08225KRSI,"Neckar-Odenwald-Kreis, Landkreis",Insgesamt,unter 15 Jahre,23
2022,08225KRSI,"Neckar-Odenwald-Kreis, Landkreis",mit Migrationshintergrund,15 bis unter 25 Jahre,/
2022,08225KRSI,"Neckar-Odenwald-Kreis, Landkreis",mit Migrationshintergrund,25 bis unter 35 Jahre,/
2022,08225KRSI,"Neckar-Odenwald-Kreis, Landkreis",mit Migrationshintergrund,35 bis unter 45 Jahre,/
2022,08225KRSI,"Neckar-Odenwald-Kreis, Landkreis",mit Migrationshintergrund,45 bis unter 55 Jahre,/
2022,08225KRSI,"Neckar-Odenwald-Kreis, Landkreis",mit Migrationshintergrund,55 bis unter 65 Jahre,/
2022,08225KRSI,"Neckar-Odenwald-Kreis, Landkreis",mit Migrationshintergrund,65 Jahre und mehr,/
2022,08225KRSI,"Neckar-Odenwald-Kreis, Landkreis",mit Migrationshintergrund,Insgesamt,37
2022,08225KRSI,"Neckar-Odenwald-Kreis, Landkreis",mit Migrationshintergrund,unter 15 Jahre,9
2022,08226KRSI,"Rhein-Neckar-Kreis, Landkreis",Insgesamt,15 bis unter 25 Jahre,56
2022,08226KRSI,"Rhein-Neckar-Kreis, Landkreis",Insgesamt,25 bis unter 35 Jahre,66
2022,08226KRSI,"Rhein-Neckar-Kreis, Landkreis",Insgesamt,35 bis unter 45 Jahre,71
2022,08226KRSI,"Rhein-Neckar-Kreis, Landkreis",Insgesamt,45 bis unter 55 Jahre,76
2022,08226KRSI,"Rhein-Neckar-Kreis, Landkreis",Insgesamt,55 bis unter 65 Jahre,90
2022,08226KRSI,"Rhein-Neckar-Kreis, Landkreis",Insgesamt,65 Jahre und mehr,117
2022,08226KRSI,"Rhein-Neckar-Kreis, Landkreis",Insgesamt,Insgesamt,556
2022,08226KRSI,"Rhein-Neckar-Kreis, Landkreis",Insgesamt,unter 15 Jahre,80
2022,08226KRSI,"Rhein-Neckar-Kreis, Landkreis",mit Migrationshintergrund,15 bis unter 25 Jahre,22
2022,08226KRSI,"Rhein-Neckar-Kreis, Landkreis",mit Migrationshintergrund,25 bis unter 35 Jahre,26
2022,08226KRSI,"Rhein-Neckar-Kreis, Landkreis",mit Migrationshintergrund,35 bis unter 45 Jahre,28
2022,08226KRSI,"Rhein-Neckar-Kreis, Landkreis",mit Migrationshintergrund,45 bis unter 55 Jahre,27
2022,08226KRSI,"Rhein-Neckar-Kreis, Landkreis",mit Migrationshintergrund,55 bis unter 65 Jahre,19
2022,08226KRSI,"Rhein-Neckar-Kreis, Landkreis",mit Migrationshintergrund,65 Jahre und mehr,17
2022,08226KRSI,"Rhein-Neckar-Kreis, Landkreis",mit Migrationshintergrund,Insgesamt,174
2022,08226KRSI,"Rhein-Neckar-Kreis, Landkreis",mit Migrationshintergrund,unter 15 Jahre,35
2022,08231KRSI,"Pforzheim, Stadtkreis",Insgesamt,15 bis unter 25 Jahre,12
2022,08231KRSI,"Pforzheim, Stadtkreis",Insgesamt,25 bis unter 35 Jahre,17
2022,08231KRSI,"Pforzheim, Stadtkreis",Insgesamt,35 bis unter 45 Jahre,18
2022,08231KRSI,"Pforzheim, Stadtkreis",Insgesamt,45 bis unter 55 Jahre,18
2022,08231KRSI,"Pforzheim, Stadtkreis",Insgesamt,55 bis unter 65 Jahre,15
2022,08231KRSI,"Pforzheim, Stadtkreis",Insgesamt,65 Jahre und mehr,27
2022,08231KRSI,"Pforzheim, Stadtkreis",Insgesamt,Insgesamt,128
2022,08231KRSI,"Pforzheim, Stadtkreis",Insgesamt,unter 15 Jahre,21
2022,08231KRSI,"Pforzheim, Stadtkreis",mit Migrationshintergrund,15 bis unter 25 Jahre,7
2022,08231KRSI,"Pforzheim, Stadtkreis",mit Migrationshintergrund,25 bis unter 35 Jahre,10
2022,08231KRSI,"Pforzheim, Stadtkreis",mit Migrationshintergrund,35 bis unter 45 Jahre,13
2022,08231KRSI,"Pforzheim, Stadtkreis",mit Migrationshintergrund,45 bis unter 55 Jahre,11
2022,08231KRSI,"Pforzheim, Stadtkreis",mit Migrationshintergrund,55 bis unter 65 Jahre,7
2022,08231KRSI,"Pforzheim, Stadtkreis",mit Migrationshintergrund,65 Jahre und mehr,8
2022,08231KRSI,"Pforzheim, Stadtkreis",mit Migrationshintergrund,Insgesamt,71
2022,08231KRSI,"Pforzheim, Stadtkreis",mit Migrationshintergrund,unter 15 Jahre,15
2022,08235KRSI,"Calw, Landkreis",Insgesamt,15 bis unter 25 Jahre,17
2022,08235KRSI,"Calw, Landkreis",Insgesamt,25 bis unter 35 Jahre,20
2022,08235KRSI,"Calw, Landkreis",Insgesamt,35 bis unter 45 Jahre,19
2022,08235KRSI,"Calw, Landkreis",Insgesamt,45 bis unter 55 Jahre,21
2022,08235KRSI,"Calw, Landkreis",Insgesamt,55 bis unter 65 Jahre,28
2022,08235KRSI,"Calw, Landkreis",Insgesamt,65 Jahre und mehr,32
2022,08235KRSI,"Calw, Landkreis",Insgesamt,Insgesamt,159
2022,08235KRSI,"Calw, Landkreis",Insgesamt,unter 15 Jahre,20
2022,08235KRSI,"Calw, Landkreis",mit Migrationshintergrund,15 bis unter 25 Jahre,/
2022,08235KRSI,"Calw, Landkreis",mit Migrationshintergrund,25 bis unter 35 Jahre,8
2022,08235KRSI,"Calw, Landkreis",mit Migrationshintergrund,35 bis unter 45 Jahre,12
2022,08235KRSI,"Calw, Landkreis",mit Migrationshintergrund,45 bis unter 55 Jahre,8
2022,08235KRSI,"Calw, Landkreis",mit Migrationshintergrund,55 bis unter 65 Jahre,/
2022,08235KRSI,"Calw, Landkreis",mit Migrationshintergrund,65 Jahre und mehr,7
2022,08235KRSI,"Calw, Landkreis",mit Migrationshintergrund,Insgesamt,59
2022,08235KRSI,"Calw, Landkreis",mit Migrationshintergrund,unter 15 Jahre,12
2022,08236KRSI,"Enzkreis, Landkreis",Insgesamt,15 bis unter 25 Jahre,22
2022,08236KRSI,"Enzkreis, Landkreis",Insgesamt,25 bis unter 35 Jahre,24
2022,08236KRSI,"Enzkreis, Landkreis",Insgesamt,35 bis unter 45 Jahre,26
2022,08236KRSI,"Enzkreis, Landkreis",Insgesamt,45 bis unter 55 Jahre,24
2022,08236KRSI,"Enzkreis, Landkreis",Insgesamt,55 bis unter 65 Jahre,32
2022,08236KRSI,"Enzkreis, Landkreis",Insgesamt,65 Jahre und mehr,38
2022,08236KRSI,"Enzkreis, Landkreis",Insgesamt,Insgesamt,198
2022,08236KRSI,"Enzkreis, Landkreis",Insgesamt,unter 15 Jahre,33
2022,08236KRSI,"Enzkreis, Landkreis",mit Migrationshintergrund,15 bis unter 25 Jahre,10
2022,08236KRSI,"Enzkreis, Landkreis",mit Migrationshintergrund,25 bis unter 35 Jahre,9
2022,08236KRSI,"Enzkreis, Landkreis",mit Migrationshintergrund,35 bis unter 45 Jahre,10
2022,08236KRSI,"Enzkreis, Landkreis",mit Migrationshintergrund,45 bis unter 55 Jahre,9
2022,08236KRSI,"Enzkreis, Landkreis",mit Migrationshintergrund,55 bis unter 65 Jahre,6
2022,08236KRSI,"Enzkreis, Landkreis",mit Migrationshintergrund,65 Jahre und mehr,/
2022,08236KRSI,"Enzkreis, Landkreis",mit Migrationshintergrund,Insgesamt,66
2022,08236KRSI,"Enzkreis, Landkreis",mit Migrationshintergrund,unter 15 Jahre,16
2022,08237KRSI,"Freudenstadt, Landkreis",Insgesamt,15 bis unter 25 Jahre,12
2022,08237KRSI,"Freudenstadt, Landkreis",Insgesamt,25 bis unter 35 Jahre,15
2022,08237KRSI,"Freudenstadt, Landkreis",Insgesamt,35 bis unter 45 Jahre,14
2022,08237KRSI,"Freudenstadt, Landkreis",Insgesamt,45 bis unter 55 Jahre,16
2022,08237KRSI,"Freudenstadt, Landkreis",Insgesamt,55 bis unter 65 Jahre,23
2022,08237KRSI,"Freudenstadt, Landkreis",Insgesamt,65 Jahre und mehr,27
2022,08237KRSI,"Freudenstadt, Landkreis",Insgesamt,Insgesamt,122
2022,08237KRSI,"Freudenstadt, Landkreis",Insgesamt,unter 15 Jahre,15
2022,08237KRSI,"Freudenstadt, Landkreis",mit Migrationshintergrund,15 bis unter 25 Jahre,/
2022,08237KRSI,"Freudenstadt, Landkreis",mit Migrationshintergrund,25 bis unter 35 Jahre,/
2022,08237KRSI,"Freudenstadt, Landkreis",mit Migrationshintergrund,35 bis unter 45 Jahre,/
2022,08237KRSI,"Freudenstadt, Landkreis",mit Migrationshintergrund,45 bis unter 55 Jahre,/
2022,08237KRSI,"Freudenstadt, Landkreis",mit Migrationshintergrund,55 bis unter 65 Jahre,/
2022,08237KRSI,"Freudenstadt, Landkreis",mit Migrationshintergrund,65 Jahre und mehr,/
2022,08237KRSI,"Freudenstadt, Landkreis",mit Migrationshintergrund,Insgesamt,37
2022,08237KRSI,"Freudenstadt, Landkreis",mit Migrationshintergrund,unter 15 Jahre,/
2022,08311KRSI,"Freiburg im Breisgau, Stadtkreis",Insgesamt,15 bis unter 25 Jahre,33
2022,08311KRSI,"Freiburg im Breisgau, Stadtkreis",Insgesamt,25 bis unter 35 Jahre,44
2022,08311KRSI,"Freiburg im Breisgau, Stadtkreis",Insgesamt,35 bis unter 45 Jahre,31
2022,08311KRSI,"Freiburg im Breisgau, Stadtkreis",Insgesamt,45 bis unter 55 Jahre,24
2022,08311KRSI,"Freiburg im Breisgau, Stadtkreis",Insgesamt,55 bis unter 65 Jahre,27
2022,08311KRSI,"Freiburg im Breisgau, Stadtkreis",Insgesamt,65 Jahre und mehr,38
2022,08311KRSI,"Freiburg im Breisgau, Stadtkreis",Insgesamt,Insgesamt,229
2022,08311KRSI,"Freiburg im Breisgau, Stadtkreis",Insgesamt,unter 15 Jahre,32
2022,08311KRSI,"Freiburg im Breisgau, Stadtkreis",mit Migrationshintergrund,15 bis unter 25 Jahre,13
2022,08311KRSI,"Freiburg im Breisgau, Stadtkreis",mit Migrationshintergrund,25 bis unter 35 Jahre,16
2022,08311KRSI,"Freiburg im Breisgau, Stadtkreis",mit Migrationshintergrund,35 bis unter 45 Jahre,14
2022,08311KRSI,"Freiburg im Breisgau, Stadtkreis",mit Migrationshintergrund,45 bis unter 55 Jahre,8
2022,08311KRSI,"Freiburg im Breisgau, Stadtkreis",mit Migrationshintergrund,55 bis unter 65 Jahre,9
2022,08311KRSI,"Freiburg im Breisgau, Stadtkreis",mit Migrationshintergrund,65 Jahre und mehr,/
2022,08311KRSI,"Freiburg im Breisgau, Stadtkreis",mit Migrationshintergrund,Insgesamt,82
2022,08311KRSI,"Freiburg im Breisgau, Stadtkreis",mit Migrationshintergrund,unter 15 Jahre,14
2022,08315KRSI,"Breisgau-Hochschwarzwald, Landkreis",Insgesamt,15 bis unter 25 Jahre,27
2022,08315KRSI,"Breisgau-Hochschwarzwald, Landkreis",Insgesamt,25 bis unter 35 Jahre,29
2022,08315KRSI,"Breisgau-Hochschwarzwald, Landkreis",Insgesamt,35 bis unter 45 Jahre,28
2022,08315KRSI,"Breisgau-Hochschwarzwald, Landkreis",Insgesamt,45 bis unter 55 Jahre,37
2022,08315KRSI,"Breisgau-Hochschwarzwald, Landkreis",Insgesamt,55 bis unter 65 Jahre,42
2022,08315KRSI,"Breisgau-Hochschwarzwald, Landkreis",Insgesamt,65 Jahre und mehr,62
2022,08315KRSI,"Breisgau-Hochschwarzwald, Landkreis",Insgesamt,Insgesamt,267
2022,08315KRSI,"Breisgau-Hochschwarzwald, Landkreis",Insgesamt,unter 15 Jahre,41
2022,08315KRSI,"Breisgau-Hochschwarzwald, Landkreis",mit Migrationshintergrund,15 bis unter 25 Jahre,8
2022,08315KRSI,"Breisgau-Hochschwarzwald, Landkreis",mit Migrationshintergrund,25 bis unter 35 Jahre,8
2022,08315KRSI,"Breisgau-Hochschwarzwald, Landkreis",mit Migrationshintergrund,35 bis unter 45 Jahre,9
2022,08315KRSI,"Breisgau-Hochschwarzwald, Landkreis",mit Migrationshintergrund,45 bis unter 55 Jahre,10
2022,08315KRSI,"Breisgau-Hochschwarzwald, Landkreis",mit Migrationshintergrund,55 bis unter 65 Jahre,/
2022,08315KRSI,"Breisgau-Hochschwarzwald, Landkreis",mit Migrationshintergrund,65 Jahre und mehr,8
2022,08315KRSI,"Breisgau-Hochschwarzwald, Landkreis",mit Migrationshintergrund,Insgesamt,63
2022,08315KRSI,"Breisgau-Hochschwarzwald, Landkreis",mit Migrationshintergrund,unter 15 Jahre,15
2022,08316KRSI,"Emmendingen, Landkreis",Insgesamt,15 bis unter 25 Jahre,14
2022,08316KRSI,"Emmendingen, Landkreis",Insgesamt,25 bis unter 35 Jahre,21
2022,08316KRSI,"Emmendingen, Landkreis",Insgesamt,35 bis unter 45 Jahre,22
2022,08316KRSI,"Emmendingen, Landkreis",Insgesamt,45 bis unter 55 Jahre,19
2022,08316KRSI,"Emmendingen, Landkreis",Insgesamt,55 bis unter 65 Jahre,27
2022,08316KRSI,"Emmendingen, Landkreis",Insgesamt,65 Jahre und mehr,34
2022,08316KRSI,"Emmendingen, Landkreis",Insgesamt,Insgesamt,166
2022,08316KRSI,"Emmendingen, Landkreis",Insgesamt,unter 15 Jahre,29
2022,08316KRSI,"Emmendingen, Landkreis",mit Migrationshintergrund,15 bis unter 25 Jahre,/
2022,08316KRSI,"Emmendingen, Landkreis",mit Migrationshintergrund,25 bis unter 35 Jahre,/
2022,08316KRSI,"Emmendingen, Landkreis",mit Migrationshintergrund,35 bis unter 45 Jahre,8
2022,08316KRSI,"Emmendingen, Landkreis",mit Migrationshintergrund,45 bis unter 55 Jahre,/
2022,08316KRSI,"Emmendingen, Landkreis",mit Migrationshintergrund,55 bis unter 65 Jahre,/
2022,08316KRSI,"Emmendingen, Landkreis",mit Migrationshintergrund,65 Jahre und mehr,/
2022,08316KRSI,"Emmendingen, Landkreis",mit Migrationshintergrund,Insgesamt,42
2022,08316KRSI,"Emmendingen, Landkreis",mit Migrationshintergrund,unter 15 Jahre,12
2022,08317KRSI,"Ortenaukreis, Landkreis",Insgesamt,15 bis unter 25 Jahre,41
2022,08317KRSI,"Ortenaukreis, Landkreis",Insgesamt,25 bis unter 35 Jahre,54
2022,08317KRSI,"Ortenaukreis, Landkreis",Insgesamt,35 bis unter 45 Jahre,50
2022,08317KRSI,"Ortenaukreis, Landkreis",Insgesamt,45 bis unter 55 Jahre,60
2022,08317KRSI,"Ortenaukreis, Landkreis",Insgesamt,55 bis unter 65 Jahre,80
2022,08317KRSI,"Ortenaukreis, Landkreis",Insgesamt,65 Jahre und mehr,91
2022,08317KRSI,"Ortenaukreis, Landkreis",Insgesamt,Insgesamt,435
2022,08317KRSI,"Ortenaukreis, Landkreis",Insgesamt,unter 15 Jahre,59
2022,08317KRSI,"Ortenaukreis, Landkreis",mit Migrationshintergrund,15 bis unter 25 Jahre,15
2022,08317KRSI,"Ortenaukreis, Landkreis",mit Migrationshintergrund,25 bis unter 35 Jahre,18
2022,08317KRSI,"Ortenaukreis, Landkreis",mit Migrationshintergrund,35 bis unter 45 Jahre,16
2022,08317KRSI,"Ortenaukreis, Landkreis",mit Migrationshintergrund,45 bis unter 55 Jahre,19
2022,08317KRSI,"Ortenaukreis, Landkreis",mit Migrationshintergrund,55 bis unter 65 Jahre,16
2022,08317KRSI,"Ortenaukreis, Landkreis",mit Migrationshintergrund,65 Jahre und mehr,17
2022,08317KRSI,"Ortenaukreis, Landkreis",mit Migrationshintergrund,Insgesamt,123
2022,08317KRSI,"Ortenaukreis, Landkreis",mit Migrationshintergrund,unter 15 Jahre,22
2022,08325KRSI,"Rottweil, Landkreis",Insgesamt,15 bis unter 25 Jahre,14
2022,08325KRSI,"Rottweil, Landkreis",Insgesamt,25 bis unter 35 Jahre,18
2022,08325KRSI,"Rottweil, Landkreis",Insgesamt,35 bis unter 45 Jahre,18
2022,08325KRSI,"Rottweil, Landkreis",Insgesamt,45 bis unter 55 Jahre,18
2022,08325KRSI,"Rottweil, Landkreis",Insgesamt,55 bis unter 65 Jahre,19
2022,08325KRSI,"Rottweil, Landkreis",Insgesamt,65 Jahre und mehr,28
2022,08325KRSI,"Rottweil, Landkreis",Insgesamt,Insgesamt,139
2022,08325KRSI,"Rottweil, Landkreis",Insgesamt,unter 15 Jahre,24
2022,08325KRSI,"Rottweil, Landkreis",mit Migrationshintergrund,15 bis unter 25 Jahre,7
2022,08325KRSI,"Rottweil, Landkreis",mit Migrationshintergrund,25 bis unter 35 Jahre,8
2022,08325KRSI,"Rottweil, Landkreis",mit Migrationshintergrund,35 bis unter 45 Jahre,9
2022,08325KRSI,"Rottweil, Landkreis",mit Migrationshintergrund,45 bis unter 55 Jahre,8
2022,08325KRSI,"Rottweil, Landkreis",mit Migrationshintergrund,55 bis unter 65 Jahre,/
2022,08325KRSI,"Rottweil, Landkreis",mit Migrationshintergrund,65 Jahre und mehr,/
2022,08325KRSI,"Rottweil, Landkreis",mit Migrationshintergrund,Insgesamt,57
2022,08325KRSI,"Rottweil, Landkreis",mit Migrationshintergrund,unter 15 Jahre,16
2022,08326KRSI,"Schwarzwald-Baar-Kreis, Landkreis",Insgesamt,15 bis unter 25 Jahre,25
2022,08326KRSI,"Schwarzwald-Baar-Kreis, Landkreis",Insgesamt,25 bis unter 35 Jahre,24
2022,08326KRSI,"Schwarzwald-Baar-Kreis, Landkreis",Insgesamt,35 bis unter 45 Jahre,27
2022,08326KRSI,"Schwarzwald-Baar-Kreis, Landkreis",Insgesamt,45 bis unter 55 Jahre,28
2022,08326KRSI,"Schwarzwald-Baar-Kreis, Landkreis",Insgesamt,55 bis unter 65 Jahre,31
2022,08326KRSI,"Schwarzwald-Baar-Kreis, Landkreis",Insgesamt,65 Jahre und mehr,45
2022,08326KRSI,"Schwarzwald-Baar-Kreis, Landkreis",Insgesamt,Insgesamt,211
2022,08326KRSI,"Schwarzwald-Baar-Kreis, Landkreis",Insgesamt,unter 15 Jahre,31
2022,08326KRSI,"Schwarzwald-Baar-Kreis, Landkreis",mit Migrationshintergrund,15 bis unter 25 Jahre,11
2022,08326KRSI,"Schwarzwald-Baar-Kreis, Landkreis",mit Migrationshintergrund,25 bis unter 35 Jahre,8
2022,08326KRSI,"Schwarzwald-Baar-Kreis, Landkreis",mit Migrationshintergrund,35 bis unter 45 Jahre,12
2022,08326KRSI,"Schwarzwald-Baar-Kreis, Landkreis",mit Migrationshintergrund,45 bis unter 55 Jahre,11
2022,08326KRSI,"Schwarzwald-Baar-Kreis, Landkreis",mit Migrationshintergrund,55 bis unter 65 Jahre,7
2022,08326KRSI,"Schwarzwald-Baar-Kreis, Landkreis",mit Migrationshintergrund,65 Jahre und mehr,9
2022,08326KRSI,"Schwarzwald-Baar-Kreis, Landkreis",mit Migrationshintergrund,Insgesamt,73
2022,08326KRSI,"Schwarzwald-Baar-Kreis, Landkreis",mit Migrationshintergrund,unter 15 Jahre,15
2022,08327KRSI,"Tuttlingen, Landkreis",Insgesamt,15 bis unter 25 Jahre,16
2022,08327KRSI,"Tuttlingen, Landkreis",Insgesamt,25 bis unter 35 Jahre,18
2022,08327KRSI,"Tuttlingen, Landkreis",Insgesamt,35 bis unter 45 Jahre,19
2022,08327KRSI,"Tuttlingen, Landkreis",Insgesamt,45 bis unter 55 Jahre,18
2022,08327KRSI,"Tuttlingen, Landkreis",Insgesamt,55 bis unter 65 Jahre,22
2022,08327KRSI,"Tuttlingen, Landkreis",Insgesamt,65 Jahre und mehr,25
2022,08327KRSI,"Tuttlingen, Landkreis",Insgesamt,Insgesamt,143
2022,08327KRSI,"Tuttlingen, Landkreis",Insgesamt,unter 15 Jahre,24
2022,08327KRSI,"Tuttlingen, Landkreis",mit Migrationshintergrund,15 bis unter 25 Jahre,10
2022,08327KRSI,"Tuttlingen, Landkreis",mit Migrationshintergrund,25 bis unter 35 Jahre,8
2022,08327KRSI,"Tuttlingen, Landkreis",mit Migrationshintergrund,35 bis unter 45 Jahre,12
2022,08327KRSI,"Tuttlingen, Landkreis",mit Migrationshintergrund,45 bis unter 55 Jahre,9
2022,08327KRSI,"Tuttlingen, Landkreis",mit Migrationshintergrund,55 bis unter 65 Jahre,/
2022,08327KRSI,"Tuttlingen, Landkreis",mit Migrationshintergrund,65 Jahre und mehr,7
2022,08327KRSI,"Tuttlingen, Landkreis",mit Migrationshintergrund,Insgesamt,66
2022,08327KRSI,"Tuttlingen, Landkreis",mit Migrationshintergrund,unter 15 Jahre,14
2022,08335KRSI,"Konstanz, Landkreis",Insgesamt,15 bis unter 25 Jahre,31
2022,08335KRSI,"Konstanz, Landkreis",Insgesamt,25 bis unter 35 Jahre,32
2022,08335KRSI,"Konstanz, Landkreis",Insgesamt,35 bis unter 45 Jahre,37
2022,08335KRSI,"Konstanz, Landkreis",Insgesamt,45 bis unter 55 Jahre,42
2022,08335KRSI,"Konstanz, Landkreis",Insgesamt,55 bis unter 65 Jahre,46
2022,08335KRSI,"Konstanz, Landkreis",Insgesamt,65 Jahre und mehr,62
2022,08335KRSI,"Konstanz, Landkreis",Insgesamt,Insgesamt,289
2022,08335KRSI,"Konstanz, Landkreis",Insgesamt,unter 15 Jahre,38
2022,08335KRSI,"Konstanz, Landkreis",mit Migrationshintergrund,15 bis unter 25 Jahre,10
2022,08335KRSI,"Konstanz, Landkreis",mit Migrationshintergrund,25 bis unter 35 Jahre,13
2022,08335KRSI,"Konstanz, Landkreis",mit Migrationshintergrund,35 bis unter 45 Jahre,14
2022,08335KRSI,"Konstanz, Landkreis",mit Migrationshintergrund,45 bis unter 55 Jahre,14
2022,08335KRSI,"Konstanz, Landkreis",mit Migrationshintergrund,55 bis unter 65 Jahre,11
2022,08335KRSI,"Konstanz, Landkreis",mit Migrationshintergrund,65 Jahre und mehr,12
2022,08335KRSI,"Konstanz, Landkreis",mit Migrationshintergrund,Insgesamt,92
2022,08335KRSI,"Konstanz, Landkreis",mit Migrationshintergrund,unter 15 Jahre,17
2022,08336KRSI,"Lörrach, Landkreis",Insgesamt,15 bis unter 25 Jahre,21
2022,08336KRSI,"Lörrach, Landkreis",Insgesamt,25 bis unter 35 Jahre,30
2022,08336KRSI,"Lörrach, Landkreis",Insgesamt,35 bis unter 45 Jahre,30
2022,08336KRSI,"Lörrach, Landkreis",Insgesamt,45 bis unter 55 Jahre,31
2022,08336KRSI,"Lörrach, Landkreis",Insgesamt,55 bis unter 65 Jahre,35
2022,08336KRSI,"Lörrach, Landkreis",Insgesamt,65 Jahre und mehr,51
2022,08336KRSI,"Lörrach, Landkreis",Insgesamt,Insgesamt,233
2022,08336KRSI,"Lörrach, Landkreis",Insgesamt,unter 15 Jahre,36
2022,08336KRSI,"Lörrach, Landkreis",mit Migrationshintergrund,15 bis unter 25 Jahre,12
2022,08336KRSI,"Lörrach, Landkreis",mit Migrationshintergrund,25 bis unter 35 Jahre,13
2022,08336KRSI,"Lörrach, Landkreis",mit Migrationshintergrund,35 bis unter 45 Jahre,16
2022,08336KRSI,"Lörrach, Landkreis",mit Migrationshintergrund,45 bis unter 55 Jahre,15
2022,08336KRSI,"Lörrach, Landkreis",mit Migrationshintergrund,55 bis unter 65 Jahre,9
2022,08336KRSI,"Lörrach, Landkreis",mit Migrationshintergrund,65 Jahre und mehr,9
2022,08336KRSI,"Lörrach, Landkreis",mit Migrationshintergrund,Insgesamt,95
2022,08336KRSI,"Lörrach, Landkreis",mit Migrationshintergrund,unter 15 Jahre,21
2022,08337KRSI,"Waldshut, Landkreis",Insgesamt,15 bis unter 25 Jahre,17
2022,08337KRSI,"Waldshut, Landkreis",Insgesamt,25 bis unter 35 Jahre,22
2022,08337KRSI,"Waldshut, Landkreis",Insgesamt,35 bis unter 45 Jahre,22
2022,08337KRSI,"Waldshut, Landkreis",Insgesamt,45 bis unter 55 Jahre,20
2022,08337KRSI,"Waldshut, Landkreis",Insgesamt,55 bis unter 65 Jahre,24
2022,08337KRSI,"Waldshut, Landkreis",Insgesamt,65 Jahre und mehr,38
2022,08337KRSI,"Waldshut, Landkreis",Insgesamt,Insgesamt,168
2022,08337KRSI,"Waldshut, Landkreis",Insgesamt,unter 15 Jahre,25
2022,08337KRSI,"Waldshut, Landkreis",mit Migrationshintergrund,15 bis unter 25 Jahre,8
2022,08337KRSI,"Waldshut, Landkreis",mit Migrationshintergrund,25 bis unter 35 Jahre,10
2022,08337KRSI,"Waldshut, Landkreis",mit Migrationshintergrund,35 bis unter 45 Jahre,10
2022,08337KRSI,"Waldshut, Landkreis",mit Migrationshintergrund,45 bis unter 55 Jahre,7
2022,08337KRSI,"Waldshut, Landkreis",mit Migrationshintergrund,55 bis unter 65 Jahre,8
2022,08337KRSI,"Waldshut, Landkreis",mit Migrationshintergrund,65 Jahre und mehr,8
2022,08337KRSI,"Waldshut, Landkreis",mit Migrationshintergrund,Insgesamt,62
2022,08337KRSI,"Waldshut, Landkreis",mit Migrationshintergrund,unter 15 Jahre,11
2022,08415KRSI,"Reutlingen, Landkreis",Insgesamt,15 bis unter 25 Jahre,31
2022,08415KRSI,"Reutlingen, Landkreis",Insgesamt,25 bis unter 35 Jahre,36
2022,08415KRSI,"Reutlingen, Landkreis",Insgesamt,35 bis unter 45 Jahre,36
2022,08415KRSI,"Reutlingen, Landkreis",Insgesamt,45 bis unter 55 Jahre,39
2022,08415KRSI,"Reutlingen, Landkreis",Insgesamt,55 bis unter 65 Jahre,46
2022,08415KRSI,"Reutlingen, Landkreis",Insgesamt,65 Jahre und mehr,62
2022,08415KRSI,"Reutlingen, Landkreis",Insgesamt,Insgesamt,290
2022,08415KRSI,"Reutlingen, Landkreis",Insgesamt,unter 15 Jahre,41
2022,08415KRSI,"Reutlingen, Landkreis",mit Migrationshintergrund,15 bis unter 25 Jahre,14
2022,08415KRSI,"Reutlingen, Landkreis",mit Migrationshintergrund,25 bis unter 35 Jahre,15
2022,08415KRSI,"Reutlingen, Landkreis",mit Migrationshintergrund,35 bis unter 45 Jahre,17
2022,08415KRSI,"Reutlingen, Landkreis",mit Migrationshintergrund,45 bis unter 55 Jahre,15
2022,08415KRSI,"Reutlingen, Landkreis",mit Migrationshintergrund,55 bis unter 65 Jahre,13
2022,08415KRSI,"Reutlingen, Landkreis",mit Migrationshintergrund,65 Jahre und mehr,16
2022,08415KRSI,"Reutlingen, Landkreis",mit Migrationshintergrund,Insgesamt,110
2022,08415KRSI,"Reutlingen, Landkreis",mit Migrationshintergrund,unter 15 Jahre,21
2022,08416KRSI,"Tübingen, Landkreis",Insgesamt,15 bis unter 25 Jahre,28
2022,08416KRSI,"Tübingen, Landkreis",Insgesamt,25 bis unter 35 Jahre,36
2022,08416KRSI,"Tübingen, Landkreis",Insgesamt,35 bis unter 45 Jahre,28
2022,08416KRSI,"Tübingen, Landkreis",Insgesamt,45 bis unter 55 Jahre,29
2022,08416KRSI,"Tübingen, Landkreis",Insgesamt,55 bis unter 65 Jahre,33
2022,08416KRSI,"Tübingen, Landkreis",Insgesamt,65 Jahre und mehr,46
2022,08416KRSI,"Tübingen, Landkreis",Insgesamt,Insgesamt,230
2022,08416KRSI,"Tübingen, Landkreis",Insgesamt,unter 15 Jahre,30
2022,08416KRSI,"Tübingen, Landkreis",mit Migrationshintergrund,15 bis unter 25 Jahre,9
2022,08416KRSI,"Tübingen, Landkreis",mit Migrationshintergrund,25 bis unter 35 Jahre,13
2022,08416KRSI,"Tübingen, Landkreis",mit Migrationshintergrund,35 bis unter 45 Jahre,11
2022,08416KRSI,"Tübingen, Landkreis",mit Migrationshintergrund,45 bis unter 55 Jahre,8
2022,08416KRSI,"Tübingen, Landkreis",mit Migrationshintergrund,55 bis unter 65 Jahre,6
2022,08416KRSI,"Tübingen, Landkreis",mit Migrationshintergrund,65 Jahre und mehr,6
2022,08416KRSI,"Tübingen, Landkreis",mit Migrationshintergrund,Insgesamt,68
2022,08416KRSI,"Tübingen, Landkreis",mit Migrationshintergrund,unter 15 Jahre,14
2022,08417KRSI,"Zollernalbkreis, Landkreis",Insgesamt,15 bis unter 25 Jahre,22
2022,08417KRSI,"Zollernalbkreis, Landkreis",Insgesamt,25 bis unter 35 Jahre,23
2022,08417KRSI,"Zollernalbkreis, Landkreis",Insgesamt,35 bis unter 45 Jahre,22
2022,08417KRSI,"Zollernalbkreis, Landkreis",Insgesamt,45 bis unter 55 Jahre,26
2022,08417KRSI,"Zollernalbkreis, Landkreis",Insgesamt,55 bis unter 65 Jahre,33
2022,08417KRSI,"Zollernalbkreis, Landkreis",Insgesamt,65 Jahre und mehr,41
2022,08417KRSI,"Zollernalbkreis, Landkreis",Insgesamt,Insgesamt,192
2022,08417KRSI,"Zollernalbkreis, Landkreis",Insgesamt,unter 15 Jahre,24
2022,08417KRSI,"Zollernalbkreis, Landkreis",mit Migrationshintergrund,15 bis unter 25 Jahre,9
2022,08417KRSI,"Zollernalbkreis, Landkreis",mit Migrationshintergrund,25 bis unter 35 Jahre,7
2022,08417KRSI,"Zollernalbkreis, Landkreis",mit Migrationshintergrund,35 bis unter 45 Jahre,10
2022,08417KRSI,"Zollernalbkreis, Landkreis",mit Migrationshintergrund,45 bis unter 55 Jahre,10
2022,08417KRSI,"Zollernalbkreis, Landkreis",mit Migrationshintergrund,55 bis unter 65 Jahre,9
2022,08417KRSI,"Zollernalbkreis, Landkreis",mit Migrationshintergrund,65 Jahre und mehr,10
2022,08417KRSI,"Zollernalbkreis, Landkreis",mit Migrationshintergrund,Insgesamt,65
2022,08417KRSI,"Zollernalbkreis, Landkreis",mit Migrationshintergrund,unter 15 Jahre,10
2022,08421KRSI,"Ulm, Stadtkreis",Insgesamt,15 bis unter 25 Jahre,14
2022,08421KRSI,"Ulm, Stadtkreis",Insgesamt,25 bis unter 35 Jahre,21
2022,08421KRSI,"Ulm, Stadtkreis",Insgesamt,35 bis unter 45 Jahre,17
2022,08421KRSI,"Ulm, Stadtkreis",Insgesamt,45 bis unter 55 Jahre,19
2022,08421KRSI,"Ulm, Stadtkreis",Insgesamt,55 bis unter 65 Jahre,18
2022,08421KRSI,"Ulm, Stadtkreis",Insgesamt,65 Jahre und mehr,24
2022,08421KRSI,"Ulm, Stadtkreis",Insgesamt,Insgesamt,127
2022,08421KRSI,"Ulm, Stadtkreis",Insgesamt,unter 15 Jahre,14
2022,08421KRSI,"Ulm, Stadtkreis",mit Migrationshintergrund,15 bis unter 25 Jahre,/
2022,08421KRSI,"Ulm, Stadtkreis",mit Migrationshintergrund,25 bis unter 35 Jahre,9
2022,08421KRSI,"Ulm, Stadtkreis",mit Migrationshintergrund,35 bis unter 45 Jahre,9
2022,08421KRSI,"Ulm, Stadtkreis",mit Migrationshintergrund,45 bis unter 55 Jahre,8
2022,08421KRSI,"Ulm, Stadtkreis",mit Migrationshintergrund,55 bis unter 65 Jahre,7
2022,08421KRSI,"Ulm, Stadtkreis",mit Migrationshintergrund,65 Jahre und mehr,8
2022,08421KRSI,"Ulm, Stadtkreis",mit Migrationshintergrund,Insgesamt,55
2022,08421KRSI,"Ulm, Stadtkreis",mit Migrationshintergrund,unter 15 Jahre,/
2022,08425KRSI,"Alb-Donau-Kreis, Landkreis",Insgesamt,15 bis unter 25 Jahre,20
2022,08425KRSI,"Alb-Donau-Kreis, Landkreis",Insgesamt,25 bis unter 35 Jahre,25
2022,08425KRSI,"Alb-Donau-Kreis, Landkreis",Insgesamt,35 bis unter 45 Jahre,25
2022,08425KRSI,"Alb-Donau-Kreis, Landkreis",Insgesamt,45 bis unter 55 Jahre,27
2022,08425KRSI,"Alb-Donau-Kreis, Landkreis",Insgesamt,55 bis unter 65 Jahre,29
2022,08425KRSI,"Alb-Donau-Kreis, Landkreis",Insgesamt,65 Jahre und mehr,39
2022,08425KRSI,"Alb-Donau-Kreis, Landkreis",Insgesamt,Insgesamt,196
2022,08425KRSI,"Alb-Donau-Kreis, Landkreis",Insgesamt,unter 15 Jahre,31
2022,08425KRSI,"Alb-Donau-Kreis, Landkreis",mit Migrationshintergrund,15 bis unter 25 Jahre,8
2022,08425KRSI,"Alb-Donau-Kreis, Landkreis",mit Migrationshintergrund,25 bis unter 35 Jahre,8
2022,08425KRSI,"Alb-Donau-Kreis, Landkreis",mit Migrationshintergrund,35 bis unter 45 Jahre,9
2022,08425KRSI,"Alb-Donau-Kreis, Landkreis",mit Migrationshintergrund,45 bis unter 55 Jahre,9
2022,08425KRSI,"Alb-Donau-Kreis, Landkreis",mit Migrationshintergrund,55 bis unter 65 Jahre,/
2022,08425KRSI,"Alb-Donau-Kreis, Landkreis",mit Migrationshintergrund,65 Jahre und mehr,/
2022,08425KRSI,"Alb-Donau-Kreis, Landkreis",mit Migrationshintergrund,Insgesamt,59
2022,08425KRSI,"Alb-Donau-Kreis, Landkreis",mit Migrationshintergrund,unter 15 Jahre,12
2022,08426KRSI,"Biberach, Landkreis",Insgesamt,15 bis unter 25 Jahre,25
2022,08426KRSI,"Biberach, Landkreis",Insgesamt,25 bis unter 35 Jahre,23
2022,08426KRSI,"Biberach, Landkreis",Insgesamt,35 bis unter 45 Jahre,29
2022,08426KRSI,"Biberach, Landkreis",Insgesamt,45 bis unter 55 Jahre,26
2022,08426KRSI,"Biberach, Landkreis",Insgesamt,55 bis unter 65 Jahre,29
2022,08426KRSI,"Biberach, Landkreis",Insgesamt,65 Jahre und mehr,36
2022,08426KRSI,"Biberach, Landkreis",Insgesamt,Insgesamt,203
2022,08426KRSI,"Biberach, Landkreis",Insgesamt,unter 15 Jahre,35
2022,08426KRSI,"Biberach, Landkreis",mit Migrationshintergrund,15 bis unter 25 Jahre,10
2022,08426KRSI,"Biberach, Landkreis",mit Migrationshintergrund,25 bis unter 35 Jahre,6
2022,08426KRSI,"Biberach, Landkreis",mit Migrationshintergrund,35 bis unter 45 Jahre,10
2022,08426KRSI,"Biberach, Landkreis",mit Migrationshintergrund,45 bis unter 55 Jahre,8
2022,08426KRSI,"Biberach, Landkreis",mit Migrationshintergrund,55 bis unter 65 Jahre,/
2022,08426KRSI,"Biberach, Landkreis",mit Migrationshintergrund,65 Jahre und mehr,7
2022,08426KRSI,"Biberach, Landkreis",mit Migrationshintergrund,Insgesamt,60
2022,08426KRSI,"Biberach, Landkreis",mit Migrationshintergrund,unter 15 Jahre,14
2022,08435KRSI,"Bodenseekreis, Landkreis",Insgesamt,15 bis unter 25 Jahre,21
2022,08435KRSI,"Bodenseekreis, Landkreis",Insgesamt,25 bis unter 35 Jahre,26
2022,08435KRSI,"Bodenseekreis, Landkreis",Insgesamt,35 bis unter 45 Jahre,26
2022,08435KRSI,"Bodenseekreis, Landkreis",Insgesamt,45 bis unter 55 Jahre,29
2022,08435KRSI,"Bodenseekreis, Landkreis",Insgesamt,55 bis unter 65 Jahre,33
2022,08435KRSI,"Bodenseekreis, Landkreis",Insgesamt,65 Jahre und mehr,55
2022,08435KRSI,"Bodenseekreis, Landkreis",Insgesamt,Insgesamt,218
2022,08435KRSI,"Bodenseekreis, Landkreis",Insgesamt,unter 15 Jahre,29
2022,08435KRSI,"Bodenseekreis, Landkreis",mit Migrationshintergrund,15 bis unter 25 Jahre,9
2022,08435KRSI,"Bodenseekreis, Landkreis",mit Migrationshintergrund,25 bis unter 35 Jahre,11
2022,08435KRSI,"Bodenseekreis, Landkreis",mit Migrationshintergrund,35 bis unter 45 Jahre,12
2022,08435KRSI,"Bodenseekreis, Landkreis",mit Migrationshintergrund,45 bis unter 55 Jahre,9
2022,08435KRSI,"Bodenseekreis, Landkreis",mit Migrationshintergrund,55 bis unter 65 Jahre,7
2022,08435KRSI,"Bodenseekreis, Landkreis",mit Migrationshintergrund,65 Jahre und mehr,9
2022,08435KRSI,"Bodenseekreis, Landkreis",mit Migrationshintergrund,Insgesamt,68
2022,08435KRSI,"Bodenseekreis, Landkreis",mit Migrationshintergrund,unter 15 Jahre,13
2022,08436KRSI,"Ravensburg, Landkreis",Insgesamt,15 bis unter 25 Jahre,30
2022,08436KRSI,"Ravensburg, Landkreis",Insgesamt,25 bis unter 35 Jahre,34
2022,08436KRSI,"Ravensburg, Landkreis",Insgesamt,35 bis unter 45 Jahre,38
2022,08436KRSI,"Ravensburg, Landkreis",Insgesamt,45 bis unter 55 Jahre,37
2022,08436KRSI,"Ravensburg, Landkreis",Insgesamt,55 bis unter 65 Jahre,44
2022,08436KRSI,"Ravensburg, Landkreis",Insgesamt,65 Jahre und mehr,58
2022,08436KRSI,"Ravensburg, Landkreis",Insgesamt,Insgesamt,283
2022,08436KRSI,"Ravensburg, Landkreis",Insgesamt,unter 15 Jahre,41
2022,08436KRSI,"Ravensburg, Landkreis",mit Migrationshintergrund,15 bis unter 25 Jahre,9
2022,08436KRSI,"Ravensburg, Landkreis",mit Migrationshintergrund,25 bis unter 35 Jahre,9
2022,08436KRSI,"Ravensburg, Landkreis",mit Migrationshintergrund,35 bis unter 45 Jahre,15
2022,08436KRSI,"Ravensburg, Landkreis",mit Migrationshintergrund,45 bis unter 55 Jahre,11
2022,08436KRSI,"Ravensburg, Landkreis",mit Migrationshintergrund,55 bis unter 65 Jahre,9
2022,08436KRSI,"Ravensburg, Landkreis",mit Migrationshintergrund,65 Jahre und mehr,9
2022,08436KRSI,"Ravensburg, Landkreis",mit Migrationshintergrund,Insgesamt,76
2022,08436KRSI,"Ravensburg, Landkreis",mit Migrationshintergrund,unter 15 Jahre,14
2022,08437KRSI,"Sigmaringen, Landkreis",Insgesamt,15 bis unter 25 Jahre,15
2022,08437KRSI,"Sigmaringen, Landkreis",Insgesamt,25 bis unter 35 Jahre,15
2022,08437KRSI,"Sigmaringen, Landkreis",Insgesamt,35 bis unter 45 Jahre,17
2022,08437KRSI,"Sigmaringen, Landkreis",Insgesamt,45 bis unter 55 Jahre,17
2022,08437KRSI,"Sigmaringen, Landkreis",Insgesamt,55 bis unter 65 Jahre,21
2022,08437KRSI,"Sigmaringen, Landkreis",Insgesamt,65 Jahre und mehr,24
2022,08437KRSI,"Sigmaringen, Landkreis",Insgesamt,Insgesamt,132
2022,08437KRSI,"Sigmaringen, Landkreis",Insgesamt,unter 15 Jahre,22
2022,08437KRSI,"Sigmaringen, Landkreis",mit Migrationshintergrund,15 bis unter 25 Jahre,/
2022,08437KRSI,"Sigmaringen, Landkreis",mit Migrationshintergrund,25 bis unter 35 Jahre,/
2022,08437KRSI,"Sigmaringen, Landkreis",mit Migrationshintergrund,35 bis unter 45 Jahre,7
2022,08437KRSI,"Sigmaringen, Landkreis",mit Migrationshintergrund,45 bis unter 55 Jahre,/
2022,08437KRSI,"Sigmaringen, Landkreis",mit Migrationshintergrund,55 bis unter 65 Jahre,/
2022,08437KRSI,"Sigmaringen, Landkreis",mit Migrationshintergrund,65 Jahre und mehr,/
2022,08437KRSI,"Sigmaringen, Landkreis",mit Migrationshintergrund,Insgesamt,41
2022,08437KRSI,"Sigmaringen, Landkreis",mit Migrationshintergrund,unter 15 Jahre,10
2023,08111KRSI,"Stuttgart, Stadtkreis",Insgesamt,15 bis unter 25 Jahre,77
2023,08111KRSI,"Stuttgart, Stadtkreis",Insgesamt,25 bis unter 35 Jahre,108
2023,08111KRSI,"Stuttgart, Stadtkreis",Insgesamt,35 bis unter 45 Jahre,81
2023,08111KRSI,"Stuttgart, Stadtkreis",Insgesamt,45 bis unter 55 Jahre,79
2023,08111KRSI,"Stuttgart, Stadtkreis",Insgesamt,55 bis unter 65 Jahre,81
2023,08111KRSI,"Stuttgart, Stadtkreis",Insgesamt,65 Jahre und mehr,114
2023,08111KRSI,"Stuttgart, Stadtkreis",Insgesamt,Insgesamt,610
2023,08111KRSI,"Stuttgart, Stadtkreis",Insgesamt,unter 15 Jahre,70
2023,08111KRSI,"Stuttgart, Stadtkreis",mit Migrationshintergrund,15 bis unter 25 Jahre,42
2023,08111KRSI,"Stuttgart, Stadtkreis",mit Migrationshintergrund,25 bis unter 35 Jahre,61
2023,08111KRSI,"Stuttgart, Stadtkreis",mit Migrationshintergrund,35 bis unter 45 Jahre,42
2023,08111KRSI,"Stuttgart, Stadtkreis",mit Migrationshintergrund,45 bis unter 55 Jahre,43
2023,08111KRSI,"Stuttgart, Stadtkreis",mit Migrationshintergrund,55 bis unter 65 Jahre,28
2023,08111KRSI,"Stuttgart, Stadtkreis",mit Migrationshintergrund,65 Jahre und mehr,34
2023,08111KRSI,"Stuttgart, Stadtkreis",mit Migrationshintergrund,Insgesamt,294
2023,08111KRSI,"Stuttgart, Stadtkreis",mit Migrationshintergrund,unter 15 Jahre,43
2023,08115KRSI,"Böblingen, Landkreis",Insgesamt,15 bis unter 25 Jahre,43
2023,08115KRSI,"Böblingen, Landkreis",Insgesamt,25 bis unter 35 Jahre,46
2023,08115KRSI,"Böblingen, Landkreis",Insgesamt,35 bis unter 45 Jahre,50
2023,08115KRSI,"Böblingen, Landkreis",Insgesamt,45 bis unter 55 Jahre,55
2023,08115KRSI,"Böblingen, Landkreis",Insgesamt,55 bis unter 65 Jahre,65
2023,08115KRSI,"Böblingen, Landkreis",Insgesamt,65 Jahre und mehr,79
2023,08115KRSI,"Böblingen, Landkreis",Insgesamt,Insgesamt,395
2023,08115KRSI,"Böblingen, Landkreis",Insgesamt,unter 15 Jahre,57
2023,08115KRSI,"Böblingen, Landkreis",mit Migrationshintergrund,15 bis unter 25 Jahre,21
2023,08115KRSI,"Böblingen, Landkreis",mit Migrationshintergrund,25 bis unter 35 Jahre,20
2023,08115KRSI,"Böblingen, Landkreis",mit Migrationshintergrund,35 bis unter 45 Jahre,25
2023,08115KRSI,"Böblingen, Landkreis",mit Migrationshintergrund,45 bis unter 55 Jahre,24
2023,08115KRSI,"Böblingen, Landkreis",mit Migrationshintergrund,55 bis unter 65 Jahre,17
2023,08115KRSI,"Böblingen, Landkreis",mit Migrationshintergrund,65 Jahre und mehr,21
2023,08115KRSI,"Böblingen, Landkreis",mit Migrationshintergrund,Insgesamt,158
2023,08115KRSI,"Böblingen, Landkreis",mit Migrationshintergrund,unter 15 Jahre,32
2023,08116KRSI,"Esslingen, Landkreis",Insgesamt,15 bis unter 25 Jahre,56
2023,08116KRSI,"Esslingen, Landkreis",Insgesamt,25 bis unter 35 Jahre,69
2023,08116KRSI,"Esslingen, Landkreis",Insgesamt,35 bis unter 45 Jahre,67
2023,08116KRSI,"Esslingen, Landkreis",Insgesamt,45 bis unter 55 Jahre,74
2023,08116KRSI,"Esslingen, Landkreis",Insgesamt,55 bis unter 65 Jahre,85
2023,08116KRSI,"Esslingen, Landkreis",Insgesamt,65 Jahre und mehr,116
2023,08116KRSI,"Esslingen, Landkreis",Insgesamt,Insgesamt,535
2023,08116KRSI,"Esslingen, Landkreis",Insgesamt,unter 15 Jahre,69
2023,08116KRSI,"Esslingen, Landkreis",mit Migrationshintergrund,15 bis unter 25 Jahre,27
2023,08116KRSI,"Esslingen, Landkreis",mit Migrationshintergrund,25 bis unter 35 Jahre,31
2023,08116KRSI,"Esslingen, Landkreis",mit Migrationshintergrund,35 bis unter 45 Jahre,31
2023,08116KRSI,"Esslingen, Landkreis",mit Migrationshintergrund,45 bis unter 55 Jahre,31
2023,08116KRSI,"Esslingen, Landkreis",mit Migrationshintergrund,55 bis unter 65 Jahre,24
2023,08116KRSI,"Esslingen, Landkreis",mit Migrationshintergrund,65 Jahre und mehr,26
2023,08116KRSI,"Esslingen, Landkreis",mit Migrationshintergrund,Insgesamt,202
2023,08116KRSI,"Esslingen, Landkreis",mit Migrationshintergrund,unter 15 Jahre,31
2023,08117KRSI,"Göppingen, Landkreis",Insgesamt,15 bis unter 25 Jahre,24
2023,08117KRSI,"Göppingen, Landkreis",Insgesamt,25 bis unter 35 Jahre,33
2023,08117KRSI,"Göppingen, Landkreis",Insgesamt,35 bis unter 45 Jahre,31
2023,08117KRSI,"Göppingen, Landkreis",Insgesamt,45 bis unter 55 Jahre,33
2023,08117KRSI,"Göppingen, Landkreis",Insgesamt,55 bis unter 65 Jahre,46
2023,08117KRSI,"Göppingen, Landkreis",Insgesamt,65 Jahre und mehr,53
2023,08117KRSI,"Göppingen, Landkreis",Insgesamt,Insgesamt,257
2023,08117KRSI,"Göppingen, Landkreis",Insgesamt,unter 15 Jahre,37
2023,08117KRSI,"Göppingen, Landkreis",mit Migrationshintergrund,15 bis unter 25 Jahre,11
2023,08117KRSI,"Göppingen, Landkreis",mit Migrationshintergrund,25 bis unter 35 Jahre,14
2023,08117KRSI,"Göppingen, Landkreis",mit Migrationshintergrund,35 bis unter 45 Jahre,16
2023,08117KRSI,"Göppingen, Landkreis",mit Migrationshintergrund,45 bis unter 55 Jahre,13
2023,08117KRSI,"Göppingen, Landkreis",mit Migrationshintergrund,55 bis unter 65 Jahre,14
2023,08117KRSI,"Göppingen, Landkreis",mit Migrationshintergrund,65 Jahre und mehr,14
2023,08117KRSI,"Göppingen, Landkreis",mit Migrationshintergrund,Insgesamt,104
2023,08117KRSI,"Göppingen, Landkreis",mit Migrationshintergrund,unter 15 Jahre,22
2023,08118KRSI,"Ludwigsburg, Landkreis",Insgesamt,15 bis unter 25 Jahre,56
2023,08118KRSI,"Ludwigsburg, Landkreis",Insgesamt,25 bis unter 35 Jahre,67
2023,08118KRSI,"Ludwigsburg, Landkreis",Insgesamt,35 bis unter 45 Jahre,69
2023,08118KRSI,"Ludwigsburg, Landkreis",Insgesamt,45 bis unter 55 Jahre,74
2023,08118KRSI,"Ludwigsburg, Landkreis",Insgesamt,55 bis unter 65 Jahre,83
2023,08118KRSI,"Ludwigsburg, Landkreis",Insgesamt,65 Jahre und mehr,104
2023,08118KRSI,"Ludwigsburg, Landkreis",Insgesamt,Insgesamt,533
2023,08118KRSI,"Ludwigsburg, Landkreis",Insgesamt,unter 15 Jahre,80
2023,08118KRSI,"Ludwigsburg, Landkreis",mit Migrationshintergrund,15 bis unter 25 Jahre,29
2023,08118KRSI,"Ludwigsburg, Landkreis",mit Migrationshintergrund,25 bis unter 35 Jahre,33
2023,08118KRSI,"Ludwigsburg, Landkreis",mit Migrationshintergrund,35 bis unter 45 Jahre,34
2023,08118KRSI,"Ludwigsburg, Landkreis",mit Migrationshintergrund,45 bis unter 55 Jahre,33
2023,08118KRSI,"Ludwigsburg, Landkreis",mit Migrationshintergrund,55 bis unter 65 Jahre,25
2023,08118KRSI,"Ludwigsburg, Landkreis",mit Migrationshintergrund,65 Jahre und mehr,27
2023,08118KRSI,"Ludwigsburg, Landkreis",mit Migrationshintergrund,Insgesamt,223
2023,08118KRSI,"Ludwigsburg, Landkreis",mit Migrationshintergrund,unter 15 Jahre,43
2023,08119KRSI,"Rems-Murr-Kreis, Landkreis",Insgesamt,15 bis unter 25 Jahre,43
2023,08119KRSI,"Rems-Murr-Kreis, Landkreis",Insgesamt,25 bis unter 35 Jahre,54
2023,08119KRSI,"Rems-Murr-Kreis, Landkreis",Insgesamt,35 bis unter 45 Jahre,54
2023,08119KRSI,"Rems-Murr-Kreis, Landkreis",Insgesamt,45 bis unter 55 Jahre,59
2023,08119KRSI,"Rems-Murr-Kreis, Landkreis",Insgesamt,55 bis unter 65 Jahre,67
2023,08119KRSI,"Rems-Murr-Kreis, Landkreis",Insgesamt,65 Jahre und mehr,91
2023,08119KRSI,"Rems-Murr-Kreis, Landkreis",Insgesamt,Insgesamt,441
2023,08119KRSI,"Rems-Murr-Kreis, Landkreis",Insgesamt,unter 15 Jahre,72
2023,08119KRSI,"Rems-Murr-Kreis, Landkreis",mit Migrationshintergrund,15 bis unter 25 Jahre,20
2023,08119KRSI,"Rems-Murr-Kreis, Landkreis",mit Migrationshintergrund,25 bis unter 35 Jahre,24
2023,08119KRSI,"Rems-Murr-Kreis, Landkreis",mit Migrationshintergrund,35 bis unter 45 Jahre,24
2023,08119KRSI,"Rems-Murr-Kreis, Landkreis",mit Migrationshintergrund,45 bis unter 55 Jahre,24
2023,08119KRSI,"Rems-Murr-Kreis, Landkreis",mit Migrationshintergrund,55 bis unter 65 Jahre,13
2023,08119KRSI,"Rems-Murr-Kreis, Landkreis",mit Migrationshintergrund,65 Jahre und mehr,19
2023,08119KRSI,"Rems-Murr-Kreis, Landkreis",mit Migrationshintergrund,Insgesamt,162
2023,08119KRSI,"Rems-Murr-Kreis, Landkreis",mit Migrationshintergrund,unter 15 Jahre,37
2023,08121KRSI,"Heilbronn, Stadtkreis",Insgesamt,15 bis unter 25 Jahre,15
2023,08121KRSI,"Heilbronn, Stadtkreis",Insgesamt,25 bis unter 35 Jahre,19
2023,08121KRSI,"Heilbronn, Stadtkreis",Insgesamt,35 bis unter 45 Jahre,17
2023,08121KRSI,"Heilbronn, Stadtkreis",Insgesamt,45 bis unter 55 Jahre,14
2023,08121KRSI,"Heilbronn, Stadtkreis",Insgesamt,55 bis unter 65 Jahre,20
2023,08121KRSI,"Heilbronn, Stadtkreis",Insgesamt,65 Jahre und mehr,24
2023,08121KRSI,"Heilbronn, Stadtkreis",Insgesamt,Insgesamt,127
2023,08121KRSI,"Heilbronn, Stadtkreis",Insgesamt,unter 15 Jahre,18
2023,08121KRSI,"Heilbronn, Stadtkreis",mit Migrationshintergrund,15 bis unter 25 Jahre,9
2023,08121KRSI,"Heilbronn, Stadtkreis",mit Migrationshintergrund,25 bis unter 35 Jahre,10
2023,08121KRSI,"Heilbronn, Stadtkreis",mit Migrationshintergrund,35 bis unter 45 Jahre,11
2023,08121KRSI,"Heilbronn, Stadtkreis",mit Migrationshintergrund,45 bis unter 55 Jahre,9
2023,08121KRSI,"Heilbronn, Stadtkreis",mit Migrationshintergrund,55 bis unter 65 Jahre,9
2023,08121KRSI,"Heilbronn, Stadtkreis",mit Migrationshintergrund,65 Jahre und mehr,8
2023,08121KRSI,"Heilbronn, Stadtkreis",mit Migrationshintergrund,Insgesamt,69
2023,08121KRSI,"Heilbronn, Stadtkreis",mit Migrationshintergrund,unter 15 Jahre,13
2023,08125KRSI,"Heilbronn, Landkreis",Insgesamt,15 bis unter 25 Jahre,37
2023,08125KRSI,"Heilbronn, Landkreis",Insgesamt,25 bis unter 35 Jahre,47
2023,08125KRSI,"Heilbronn, Landkreis",Insgesamt,35 bis unter 45 Jahre,50
2023,08125KRSI,"Heilbronn, Landkreis",Insgesamt,45 bis unter 55 Jahre,45
2023,08125KRSI,"Heilbronn, Landkreis",Insgesamt,55 bis unter 65 Jahre,50
2023,08125KRSI,"Heilbronn, Landkreis",Insgesamt,65 Jahre und mehr,67
2023,08125KRSI,"Heilbronn, Landkreis",Insgesamt,Insgesamt,353
2023,08125KRSI,"Heilbronn, Landkreis",Insgesamt,unter 15 Jahre,57
2023,08125KRSI,"Heilbronn, Landkreis",mit Migrationshintergrund,15 bis unter 25 Jahre,20
2023,08125KRSI,"Heilbronn, Landkreis",mit Migrationshintergrund,25 bis unter 35 Jahre,20
2023,08125KRSI,"Heilbronn, Landkreis",mit Migrationshintergrund,35 bis unter 45 Jahre,21
2023,08125KRSI,"Heilbronn, Landkreis",mit Migrationshintergrund,45 bis unter 55 Jahre,18
2023,08125KRSI,"Heilbronn, Landkreis",mit Migrationshintergrund,55 bis unter 65 Jahre,11
2023,08125KRSI,"Heilbronn, Landkreis",mit Migrationshintergrund,65 Jahre und mehr,14
2023,08125KRSI,"Heilbronn, Landkreis",mit Migrationshintergrund,Insgesamt,133
2023,08125KRSI,"Heilbronn, Landkreis",mit Migrationshintergrund,unter 15 Jahre,29
2023,08126KRSI,"Hohenlohekreis, Landkreis",Insgesamt,15 bis unter 25 Jahre,12
2023,08126KRSI,"Hohenlohekreis, Landkreis",Insgesamt,25 bis unter 35 Jahre,14
2023,08126KRSI,"Hohenlohekreis, Landkreis",Insgesamt,35 bis unter 45 Jahre,17
2023,08126KRSI,"Hohenlohekreis, Landkreis",Insgesamt,45 bis unter 55 Jahre,13
2023,08126KRSI,"Hohenlohekreis, Landkreis",Insgesamt,55 bis unter 65 Jahre,16
2023,08126KRSI,"Hohenlohekreis, Landkreis",Insgesamt,65 Jahre und mehr,20
2023,08126KRSI,"Hohenlohekreis, Landkreis",Insgesamt,Insgesamt,113
2023,08126KRSI,"Hohenlohekreis, Landkreis",Insgesamt,unter 15 Jahre,21
2023,08126KRSI,"Hohenlohekreis, Landkreis",mit Migrationshintergrund,15 bis unter 25 Jahre,6
2023,08126KRSI,"Hohenlohekreis, Landkreis",mit Migrationshintergrund,25 bis unter 35 Jahre,5
2023,08126KRSI,"Hohenlohekreis, Landkreis",mit Migrationshintergrund,35 bis unter 45 Jahre,8
2023,08126KRSI,"Hohenlohekreis, Landkreis",mit Migrationshintergrund,45 bis unter 55 Jahre,/
2023,08126KRSI,"Hohenlohekreis, Landkreis",mit Migrationshintergrund,55 bis unter 65 Jahre,/
2023,08126KRSI,"Hohenlohekreis, Landkreis",mit Migrationshintergrund,65 Jahre und mehr,/
2023,08126KRSI,"Hohenlohekreis, Landkreis",mit Migrationshintergrund,Insgesamt,43
2023,08126KRSI,"Hohenlohekreis, Landkreis",mit Migrationshintergrund,unter 15 Jahre,11
2023,08127KRSI,"Schwäbisch Hall, Landkreis",Insgesamt,15 bis unter 25 Jahre,21
2023,08127KRSI,"Schwäbisch Hall, Landkreis",Insgesamt,25 bis unter 35 Jahre,21
2023,08127KRSI,"Schwäbisch Hall, Landkreis",Insgesamt,35 bis unter 45 Jahre,30
2023,08127KRSI,"Schwäbisch Hall, Landkreis",Insgesamt,45 bis unter 55 Jahre,27
2023,08127KRSI,"Schwäbisch Hall, Landkreis",Insgesamt,55 bis unter 65 Jahre,31
2023,08127KRSI,"Schwäbisch Hall, Landkreis",Insgesamt,65 Jahre und mehr,36
2023,08127KRSI,"Schwäbisch Hall, Landkreis",Insgesamt,Insgesamt,199
2023,08127KRSI,"Schwäbisch Hall, Landkreis",Insgesamt,unter 15 Jahre,34
2023,08127KRSI,"Schwäbisch Hall, Landkreis",mit Migrationshintergrund,15 bis unter 25 Jahre,9
2023,08127KRSI,"Schwäbisch Hall, Landkreis",mit Migrationshintergrund,25 bis unter 35 Jahre,8
2023,08127KRSI,"Schwäbisch Hall, Landkreis",mit Migrationshintergrund,35 bis unter 45 Jahre,12
2023,08127KRSI,"Schwäbisch Hall, Landkreis",mit Migrationshintergrund,45 bis unter 55 Jahre,11
2023,08127KRSI,"Schwäbisch Hall, Landkreis",mit Migrationshintergrund,55 bis unter 65 Jahre,8
2023,08127KRSI,"Schwäbisch Hall, Landkreis",mit Migrationshintergrund,65 Jahre und mehr,6
2023,08127KRSI,"Schwäbisch Hall, Landkreis",mit Migrationshintergrund,Insgesamt,67
2023,08127KRSI,"Schwäbisch Hall, Landkreis",mit Migrationshintergrund,unter 15 Jahre,14
2023,08128KRSI,"Main-Tauber-Kreis, Landkreis",Insgesamt,15 bis unter 25 Jahre,15
2023,08128KRSI,"Main-Tauber-Kreis, Landkreis",Insgesamt,25 bis unter 35 Jahre,15
2023,08128KRSI,"Main-Tauber-Kreis, Landkreis",Insgesamt,35 bis unter 45 Jahre,16
2023,08128KRSI,"Main-Tauber-Kreis, Landkreis",Insgesamt,45 bis unter 55 Jahre,18
2023,08128KRSI,"Main-Tauber-Kreis, Landkreis",Insgesamt,55 bis unter 65 Jahre,20
2023,08128KRSI,"Main-Tauber-Kreis, Landkreis",Insgesamt,65 Jahre und mehr,31
2023,08128KRSI,"Main-Tauber-Kreis, Landkreis",Insgesamt,Insgesamt,132
2023,08128KRSI,"Main-Tauber-Kreis, Landkreis",Insgesamt,unter 15 Jahre,17
2023,08128KRSI,"Main-Tauber-Kreis, Landkreis",mit Migrationshintergrund,15 bis unter 25 Jahre,/
2023,08128KRSI,"Main-Tauber-Kreis, Landkreis",mit Migrationshintergrund,25 bis unter 35 Jahre,/
2023,08128KRSI,"Main-Tauber-Kreis, Landkreis",mit Migrationshintergrund,35 bis unter 45 Jahre,/
2023,08128KRSI,"Main-Tauber-Kreis, Landkreis",mit Migrationshintergrund,45 bis unter 55 Jahre,/
2023,08128KRSI,"Main-Tauber-Kreis, Landkreis",mit Migrationshintergrund,55 bis unter 65 Jahre,/
2023,08128KRSI,"Main-Tauber-Kreis, Landkreis",mit Migrationshintergrund,65 Jahre und mehr,/
2023,08128KRSI,"Main-Tauber-Kreis, Landkreis",mit Migrationshintergrund,Insgesamt,39
2023,08128KRSI,"Main-Tauber-Kreis, Landkreis",mit Migrationshintergrund,unter 15 Jahre,8
2023,08135KRSI,"Heidenheim, Landkreis",Insgesamt,15 bis unter 25 Jahre,13
2023,08135KRSI,"Heidenheim, Landkreis",Insgesamt,25 bis unter 35 Jahre,20
2023,08135KRSI,"Heidenheim, Landkreis",Insgesamt,35 bis unter 45 Jahre,17
2023,08135KRSI,"Heidenheim, Landkreis",Insgesamt,45 bis unter 55 Jahre,16
2023,08135KRSI,"Heidenheim, Landkreis",Insgesamt,55 bis unter 65 Jahre,21
2023,08135KRSI,"Heidenheim, Landkreis",Insgesamt,65 Jahre und mehr,27
2023,08135KRSI,"Heidenheim, Landkreis",Insgesamt,Insgesamt,136
2023,08135KRSI,"Heidenheim, Landkreis",Insgesamt,unter 15 Jahre,21
2023,08135KRSI,"Heidenheim, Landkreis",mit Migrationshintergrund,15 bis unter 25 Jahre,/
2023,08135KRSI,"Heidenheim, Landkreis",mit Migrationshintergrund,25 bis unter 35 Jahre,9
2023,08135KRSI,"Heidenheim, Landkreis",mit Migrationshintergrund,35 bis unter 45 Jahre,9
2023,08135KRSI,"Heidenheim, Landkreis",mit Migrationshintergrund,45 bis unter 55 Jahre,7
2023,08135KRSI,"Heidenheim, Landkreis",mit Migrationshintergrund,55 bis unter 65 Jahre,6
2023,08135KRSI,"Heidenheim, Landkreis",mit Migrationshintergrund,65 Jahre und mehr,/
2023,08135KRSI,"Heidenheim, Landkreis",mit Migrationshintergrund,Insgesamt,55
2023,08135KRSI,"Heidenheim, Landkreis",mit Migrationshintergrund,unter 15 Jahre,12
2023,08136KRSI,"Ostalbkreis, Landkreis",Insgesamt,15 bis unter 25 Jahre,34
2023,08136KRSI,"Ostalbkreis, Landkreis",Insgesamt,25 bis unter 35 Jahre,43
2023,08136KRSI,"Ostalbkreis, Landkreis",Insgesamt,35 bis unter 45 Jahre,43
2023,08136KRSI,"Ostalbkreis, Landkreis",Insgesamt,45 bis unter 55 Jahre,38
2023,08136KRSI,"Ostalbkreis, Landkreis",Insgesamt,55 bis unter 65 Jahre,45
2023,08136KRSI,"Ostalbkreis, Landkreis",Insgesamt,65 Jahre und mehr,67
2023,08136KRSI,"Ostalbkreis, Landkreis",Insgesamt,Insgesamt,318
2023,08136KRSI,"Ostalbkreis, Landkreis",Insgesamt,unter 15 Jahre,48
2023,08136KRSI,"Ostalbkreis, Landkreis",mit Migrationshintergrund,15 bis unter 25 Jahre,14
2023,08136KRSI,"Ostalbkreis, Landkreis",mit Migrationshintergrund,25 bis unter 35 Jahre,14
2023,08136KRSI,"Ostalbkreis, Landkreis",mit Migrationshintergrund,35 bis unter 45 Jahre,18
2023,08136KRSI,"Ostalbkreis, Landkreis",mit Migrationshintergrund,45 bis unter 55 Jahre,13
2023,08136KRSI,"Ostalbkreis, Landkreis",mit Migrationshintergrund,55 bis unter 65 Jahre,10
2023,08136KRSI,"Ostalbkreis, Landkreis",mit Migrationshintergrund,65 Jahre und mehr,14
2023,08136KRSI,"Ostalbkreis, Landkreis",mit Migrationshintergrund,Insgesamt,107
2023,08136KRSI,"Ostalbkreis, Landkreis",mit Migrationshintergrund,unter 15 Jahre,23
2023,08212KRSI,"Karlsruhe, Stadtkreis",Insgesamt,15 bis unter 25 Jahre,38
2023,08212KRSI,"Karlsruhe, Stadtkreis",Insgesamt,25 bis unter 35 Jahre,52
2023,08212KRSI,"Karlsruhe, Stadtkreis",Insgesamt,35 bis unter 45 Jahre,41
2023,08212KRSI,"Karlsruhe, Stadtkreis",Insgesamt,45 bis unter 55 Jahre,38
2023,08212KRSI,"Karlsruhe, Stadtkreis",Insgesamt,55 bis unter 65 Jahre,40
2023,08212KRSI,"Karlsruhe, Stadtkreis",Insgesamt,65 Jahre und mehr,57
2023,08212KRSI,"Karlsruhe, Stadtkreis",Insgesamt,Insgesamt,308
2023,08212KRSI,"Karlsruhe, Stadtkreis",Insgesamt,unter 15 Jahre,42
2023,08212KRSI,"Karlsruhe, Stadtkreis",mit Migrationshintergrund,15 bis unter 25 Jahre,17
2023,08212KRSI,"Karlsruhe, Stadtkreis",mit Migrationshintergrund,25 bis unter 35 Jahre,20
2023,08212KRSI,"Karlsruhe, Stadtkreis",mit Migrationshintergrund,35 bis unter 45 Jahre,19
2023,08212KRSI,"Karlsruhe, Stadtkreis",mit Migrationshintergrund,45 bis unter 55 Jahre,15
2023,08212KRSI,"Karlsruhe, Stadtkreis",mit Migrationshintergrund,55 bis unter 65 Jahre,11
2023,08212KRSI,"Karlsruhe, Stadtkreis",mit Migrationshintergrund,65 Jahre und mehr,13
2023,08212KRSI,"Karlsruhe, Stadtkreis",mit Migrationshintergrund,Insgesamt,116
2023,08212KRSI,"Karlsruhe, Stadtkreis",mit Migrationshintergrund,unter 15 Jahre,20
2023,08215KRSI,"Karlsruhe, Landkreis",Insgesamt,15 bis unter 25 Jahre,50
2023,08215KRSI,"Karlsruhe, Landkreis",Insgesamt,25 bis unter 35 Jahre,52
2023,08215KRSI,"Karlsruhe, Landkreis",Insgesamt,35 bis unter 45 Jahre,59
2023,08215KRSI,"Karlsruhe, Landkreis",Insgesamt,45 bis unter 55 Jahre,63
2023,08215KRSI,"Karlsruhe, Landkreis",Insgesamt,55 bis unter 65 Jahre,70
2023,08215KRSI,"Karlsruhe, Landkreis",Insgesamt,65 Jahre und mehr,93
2023,08215KRSI,"Karlsruhe, Landkreis",Insgesamt,Insgesamt,452
2023,08215KRSI,"Karlsruhe, Landkreis",Insgesamt,unter 15 Jahre,66
2023,08215KRSI,"Karlsruhe, Landkreis",mit Migrationshintergrund,15 bis unter 25 Jahre,18
2023,08215KRSI,"Karlsruhe, Landkreis",mit Migrationshintergrund,25 bis unter 35 Jahre,21
2023,08215KRSI,"Karlsruhe, Landkreis",mit Migrationshintergrund,35 bis unter 45 Jahre,22
2023,08215KRSI,"Karlsruhe, Landkreis",mit Migrationshintergrund,45 bis unter 55 Jahre,23
2023,08215KRSI,"Karlsruhe, Landkreis",mit Migrationshintergrund,55 bis unter 65 Jahre,16
2023,08215KRSI,"Karlsruhe, Landkreis",mit Migrationshintergrund,65 Jahre und mehr,17
2023,08215KRSI,"Karlsruhe, Landkreis",mit Migrationshintergrund,Insgesamt,145
2023,08215KRSI,"Karlsruhe, Landkreis",mit Migrationshintergrund,unter 15 Jahre,28
2023,08217KRSI,Landkreis Rastatt und Stadtkreis Baden-Baden,Insgesamt,15 bis unter 25 Jahre,28
2023,08217KRSI,Landkreis Rastatt und Stadtkreis Baden-Baden,Insgesamt,25 bis unter 35 Jahre,32
2023,08217KRSI,Landkreis Rastatt und Stadtkreis Baden-Baden,Insgesamt,35 bis unter 45 Jahre,40
2023,08217KRSI,Landkreis Rastatt und Stadtkreis Baden-Baden,Insgesamt,45 bis unter 55 Jahre,39
2023,08217KRSI,Landkreis Rastatt und Stadtkreis Baden-Baden,Insgesamt,55 bis unter 65 Jahre,40
2023,08217KRSI,Landkreis Rastatt und Stadtkreis Baden-Baden,Insgesamt,65 Jahre und mehr,66
2023,08217KRSI,Landkreis Rastatt und Stadtkreis Baden-Baden,Insgesamt,Insgesamt,55
2023,08217KRSI,Landkreis Rastatt und Stadtkreis Baden-Baden,Insgesamt,unter 15 Jahre,40
2023,08217KRSI,Landkreis Rastatt und Stadtkreis Baden-Baden,mit Migrationshintergrund,15 bis unter 25 Jahre,12
2023,08217KRSI,Landkreis Rastatt und Stadtkreis Baden-Baden,mit Migrationshintergrund,25 bis unter 35 Jahre,15
2023,08217KRSI,Landkreis Rastatt und Stadtkreis Baden-Baden,mit Migrationshintergrund,35 bis unter 45 Jahre,19
2023,08217KRSI,Landkreis Rastatt und Stadtkreis Baden-Baden,mit Migrationshintergrund,45 bis unter 55 Jahre,16
2023,08217KRSI,Landkreis Rastatt und Stadtkreis Baden-Baden,mit Migrationshintergrund,55 bis unter 65 Jahre,10
2023,08217KRSI,Landkreis Rastatt und Stadtkreis Baden-Baden,mit Migrationshintergrund,65 Jahre und mehr,13
2023,08217KRSI,Landkreis Rastatt und Stadtkreis Baden-Baden,mit Migrationshintergrund,Insgesamt,105
2023,08217KRSI,Landkreis Rastatt und Stadtkreis Baden-Baden,mit Migrationshintergrund,unter 15 Jahre,19
2023,08221KRSI,"Heidelberg, Stadtkreis",Insgesamt,15 bis unter 25 Jahre,26
2023,08221KRSI,"Heidelberg, Stadtkreis",Insgesamt,25 bis unter 35 Jahre,25
2023,08221KRSI,"Heidelberg, Stadtkreis",Insgesamt,35 bis unter 45 Jahre,22
2023,08221KRSI,"Heidelberg, Stadtkreis",Insgesamt,45 bis unter 55 Jahre,19
2023,08221KRSI,"Heidelberg, Stadtkreis",Insgesamt,55 bis unter 65 Jahre,16
2023,08221KRSI,"Heidelberg, Stadtkreis",Insgesamt,65 Jahre und mehr,22
2023,08221KRSI,"Heidelberg, Stadtkreis",Insgesamt,Insgesamt,152
2023,08221KRSI,"Heidelberg, Stadtkreis",Insgesamt,unter 15 Jahre,23
2023,08221KRSI,"Heidelberg, Stadtkreis",mit Migrationshintergrund,15 bis unter 25 Jahre,13
2023,08221KRSI,"Heidelberg, Stadtkreis",mit Migrationshintergrund,25 bis unter 35 Jahre,14
2023,08221KRSI,"Heidelberg, Stadtkreis",mit Migrationshintergrund,35 bis unter 45 Jahre,13
2023,08221KRSI,"Heidelberg, Stadtkreis",mit Migrationshintergrund,45 bis unter 55 Jahre,9
2023,08221KRSI,"Heidelberg, Stadtkreis",mit Migrationshintergrund,55 bis unter 65 Jahre,/
2023,08221KRSI,"Heidelberg, Stadtkreis",mit Migrationshintergrund,65 Jahre und mehr,/
2023,08221KRSI,"Heidelberg, Stadtkreis",mit Migrationshintergrund,Insgesamt,73
2023,08221KRSI,"Heidelberg, Stadtkreis",mit Migrationshintergrund,unter 15 Jahre,14
2023,08222KRSI,"Mannheim, Stadtkreis",Insgesamt,15 bis unter 25 Jahre,40
2023,08222KRSI,"Mannheim, Stadtkreis",Insgesamt,25 bis unter 35 Jahre,55
2023,08222KRSI,"Mannheim, Stadtkreis",Insgesamt,35 bis unter 45 Jahre,43
2023,08222KRSI,"Mannheim, Stadtkreis",Insgesamt,45 bis unter 55 Jahre,39
2023,08222KRSI,"Mannheim, Stadtkreis",Insgesamt,55 bis unter 65 Jahre,39
2023,08222KRSI,"Mannheim, Stadtkreis",Insgesamt,65 Jahre und mehr,59
2023,08222KRSI,"Mannheim, Stadtkreis",Insgesamt,Insgesamt,316
2023,08222KRSI,"Mannheim, Stadtkreis",Insgesamt,unter 15 Jahre,41
2023,08222KRSI,"Mannheim, Stadtkreis",mit Migrationshintergrund,15 bis unter 25 Jahre,21
2023,08222KRSI,"Mannheim, Stadtkreis",mit Migrationshintergrund,25 bis unter 35 Jahre,25
2023,08222KRSI,"Mannheim, Stadtkreis",mit Migrationshintergrund,35 bis unter 45 Jahre,25
2023,08222KRSI,"Mannheim, Stadtkreis",mit Migrationshintergrund,45 bis unter 55 Jahre,23
2023,08222KRSI,"Mannheim, Stadtkreis",mit Migrationshintergrund,55 bis unter 65 Jahre,14
2023,08222KRSI,"Mannheim, Stadtkreis",mit Migrationshintergrund,65 Jahre und mehr,18
2023,08222KRSI,"Mannheim, Stadtkreis",mit Migrationshintergrund,Insgesamt,155
2023,08222KRSI,"Mannheim, Stadtkreis",mit Migrationshintergrund,unter 15 Jahre,28
2023,08225KRSI,"Neckar-Odenwald-Kreis, Landkreis",Insgesamt,15 bis unter 25 Jahre,14
2023,08225KRSI,"Neckar-Odenwald-Kreis, Landkreis",Insgesamt,25 bis unter 35 Jahre,13
2023,08225KRSI,"Neckar-Odenwald-Kreis, Landkreis",Insgesamt,35 bis unter 45 Jahre,19
2023,08225KRSI,"Neckar-Odenwald-Kreis, Landkreis",Insgesamt,45 bis unter 55 Jahre,16
2023,08225KRSI,"Neckar-Odenwald-Kreis, Landkreis",Insgesamt,55 bis unter 65 Jahre,27
2023,08225KRSI,"Neckar-Odenwald-Kreis, Landkreis",Insgesamt,65 Jahre und mehr,35
2023,08225KRSI,"Neckar-Odenwald-Kreis, Landkreis",Insgesamt,Insgesamt,144
2023,08225KRSI,"Neckar-Odenwald-Kreis, Landkreis",Insgesamt,unter 15 Jahre,21
2023,08225KRSI,"Neckar-Odenwald-Kreis, Landkreis",mit Migrationshintergrund,15 bis unter 25 Jahre,/
2023,08225KRSI,"Neckar-Odenwald-Kreis, Landkreis",mit Migrationshintergrund,25 bis unter 35 Jahre,/
2023,08225KRSI,"Neckar-Odenwald-Kreis, Landkreis",mit Migrationshintergrund,35 bis unter 45 Jahre,7
2023,08225KRSI,"Neckar-Odenwald-Kreis, Landkreis",mit Migrationshintergrund,45 bis unter 55 Jahre,/
2023,08225KRSI,"Neckar-Odenwald-Kreis, Landkreis",mit Migrationshintergrund,55 bis unter 65 Jahre,/
2023,08225KRSI,"Neckar-Odenwald-Kreis, Landkreis",mit Migrationshintergrund,65 Jahre und mehr,6
2023,08225KRSI,"Neckar-Odenwald-Kreis, Landkreis",mit Migrationshintergrund,Insgesamt,39
2023,08225KRSI,"Neckar-Odenwald-Kreis, Landkreis",mit Migrationshintergrund,unter 15 Jahre,9
2023,08226KRSI,"Rhein-Neckar-Kreis, Landkreis",Insgesamt,15 bis unter 25 Jahre,51
2023,08226KRSI,"Rhein-Neckar-Kreis, Landkreis",Insgesamt,25 bis unter 35 Jahre,70
2023,08226KRSI,"Rhein-Neckar-Kreis, Landkreis",Insgesamt,35 bis unter 45 Jahre,75
2023,08226KRSI,"Rhein-Neckar-Kreis, Landkreis",Insgesamt,45 bis unter 55 Jahre,71
2023,08226KRSI,"Rhein-Neckar-Kreis, Landkreis",Insgesamt,55 bis unter 65 Jahre,90
2023,08226KRSI,"Rhein-Neckar-Kreis, Landkreis",Insgesamt,65 Jahre und mehr,111
2023,08226KRSI,"Rhein-Neckar-Kreis, Landkreis",Insgesamt,Insgesamt,554
2023,08226KRSI,"Rhein-Neckar-Kreis, Landkreis",Insgesamt,unter 15 Jahre,85
2023,08226KRSI,"Rhein-Neckar-Kreis, Landkreis",mit Migrationshintergrund,15 bis unter 25 Jahre,20
2023,08226KRSI,"Rhein-Neckar-Kreis, Landkreis",mit Migrationshintergrund,25 bis unter 35 Jahre,28
2023,08226KRSI,"Rhein-Neckar-Kreis, Landkreis",mit Migrationshintergrund,35 bis unter 45 Jahre,28
2023,08226KRSI,"Rhein-Neckar-Kreis, Landkreis",mit Migrationshintergrund,45 bis unter 55 Jahre,24
2023,08226KRSI,"Rhein-Neckar-Kreis, Landkreis",mit Migrationshintergrund,55 bis unter 65 Jahre,21
2023,08226KRSI,"Rhein-Neckar-Kreis, Landkreis",mit Migrationshintergrund,65 Jahre und mehr,19
2023,08226KRSI,"Rhein-Neckar-Kreis, Landkreis",mit Migrationshintergrund,Insgesamt,177
2023,08226KRSI,"Rhein-Neckar-Kreis, Landkreis",mit Migrationshintergrund,unter 15 Jahre,38
2023,08231KRSI,"Pforzheim, Stadtkreis",Insgesamt,15 bis unter 25 Jahre,13
2023,08231KRSI,"Pforzheim, Stadtkreis",Insgesamt,25 bis unter 35 Jahre,19
2023,08231KRSI,"Pforzheim, Stadtkreis",Insgesamt,35 bis unter 45 Jahre,15
2023,08231KRSI,"Pforzheim, Stadtkreis",Insgesamt,45 bis unter 55 Jahre,18
2023,08231KRSI,"Pforzheim, Stadtkreis",Insgesamt,55 bis unter 65 Jahre,16
2023,08231KRSI,"Pforzheim, Stadtkreis",Insgesamt,65 Jahre und mehr,31
2023,08231KRSI,"Pforzheim, Stadtkreis",Insgesamt,Insgesamt,132
2023,08231KRSI,"Pforzheim, Stadtkreis",Insgesamt,unter 15 Jahre,19
2023,08231KRSI,"Pforzheim, Stadtkreis",mit Migrationshintergrund,15 bis unter 25 Jahre,11
2023,08231KRSI,"Pforzheim, Stadtkreis",mit Migrationshintergrund,25 bis unter 35 Jahre,13
2023,08231KRSI,"Pforzheim, Stadtkreis",mit Migrationshintergrund,35 bis unter 45 Jahre,10
2023,08231KRSI,"Pforzheim, Stadtkreis",mit Migrationshintergrund,45 bis unter 55 Jahre,11
2023,08231KRSI,"Pforzheim, Stadtkreis",mit Migrationshintergrund,55 bis unter 65 Jahre,8
2023,08231KRSI,"Pforzheim, Stadtkreis",mit Migrationshintergrund,65 Jahre und mehr,10
2023,08231KRSI,"Pforzheim, Stadtkreis",mit Migrationshintergrund,Insgesamt,78
2023,08231KRSI,"Pforzheim, Stadtkreis",mit Migrationshintergrund,unter 15 Jahre,15
2023,08235KRSI,"Calw, Landkreis",Insgesamt,15 bis unter 25 Jahre,17
2023,08235KRSI,"Calw, Landkreis",Insgesamt,25 bis unter 35 Jahre,19
2023,08235KRSI,"Calw, Landkreis",Insgesamt,35 bis unter 45 Jahre,19
2023,08235KRSI,"Calw, Landkreis",Insgesamt,45 bis unter 55 Jahre,20
2023,08235KRSI,"Calw, Landkreis",Insgesamt,55 bis unter 65 Jahre,30
2023,08235KRSI,"Calw, Landkreis",Insgesamt,65 Jahre und mehr,33
2023,08235KRSI,"Calw, Landkreis",Insgesamt,Insgesamt,158
2023,08235KRSI,"Calw, Landkreis",Insgesamt,unter 15 Jahre,20
2023,08235KRSI,"Calw, Landkreis",mit Migrationshintergrund,15 bis unter 25 Jahre,8
2023,08235KRSI,"Calw, Landkreis",mit Migrationshintergrund,25 bis unter 35 Jahre,9
2023,08235KRSI,"Calw, Landkreis",mit Migrationshintergrund,35 bis unter 45 Jahre,9
2023,08235KRSI,"Calw, Landkreis",mit Migrationshintergrund,45 bis unter 55 Jahre,9
2023,08235KRSI,"Calw, Landkreis",mit Migrationshintergrund,55 bis unter 65 Jahre,7
2023,08235KRSI,"Calw, Landkreis",mit Migrationshintergrund,65 Jahre und mehr,/
2023,08235KRSI,"Calw, Landkreis",mit Migrationshintergrund,Insgesamt,60
2023,08235KRSI,"Calw, Landkreis",mit Migrationshintergrund,unter 15 Jahre,11
2023,08236KRSI,"Enzkreis, Landkreis",Insgesamt,15 bis unter 25 Jahre,20
2023,08236KRSI,"Enzkreis, Landkreis",Insgesamt,25 bis unter 35 Jahre,22
2023,08236KRSI,"Enzkreis, Landkreis",Insgesamt,35 bis unter 45 Jahre,26
2023,08236KRSI,"Enzkreis, Landkreis",Insgesamt,45 bis unter 55 Jahre,26
2023,08236KRSI,"Enzkreis, Landkreis",Insgesamt,55 bis unter 65 Jahre,32
2023,08236KRSI,"Enzkreis, Landkreis",Insgesamt,65 Jahre und mehr,45
2023,08236KRSI,"Enzkreis, Landkreis",Insgesamt,Insgesamt,200
2023,08236KRSI,"Enzkreis, Landkreis",Insgesamt,unter 15 Jahre,30
2023,08236KRSI,"Enzkreis, Landkreis",mit Migrationshintergrund,15 bis unter 25 Jahre,10
2023,08236KRSI,"Enzkreis, Landkreis",mit Migrationshintergrund,25 bis unter 35 Jahre,7
2023,08236KRSI,"Enzkreis, Landkreis",mit Migrationshintergrund,35 bis unter 45 Jahre,10
2023,08236KRSI,"Enzkreis, Landkreis",mit Migrationshintergrund,45 bis unter 55 Jahre,9
2023,08236KRSI,"Enzkreis, Landkreis",mit Migrationshintergrund,55 bis unter 65 Jahre,7
2023,08236KRSI,"Enzkreis, Landkreis",mit Migrationshintergrund,65 Jahre und mehr,6
2023,08236KRSI,"Enzkreis, Landkreis",mit Migrationshintergrund,Insgesamt,62
2023,08236KRSI,"Enzkreis, Landkreis",mit Migrationshintergrund,unter 15 Jahre,12
2023,08237KRSI,"Freudenstadt, Landkreis",Insgesamt,15 bis unter 25 Jahre,11
2023,08237KRSI,"Freudenstadt, Landkreis",Insgesamt,25 bis unter 35 Jahre,16
2023,08237KRSI,"Freudenstadt, Landkreis",Insgesamt,35 bis unter 45 Jahre,14
2023,08237KRSI,"Freudenstadt, Landkreis",Insgesamt,45 bis unter 55 Jahre,15
2023,08237KRSI,"Freudenstadt, Landkreis",Insgesamt,55 bis unter 65 Jahre,21
2023,08237KRSI,"Freudenstadt, Landkreis",Insgesamt,65 Jahre und mehr,28
2023,08237KRSI,"Freudenstadt, Landkreis",Insgesamt,Insgesamt,122
2023,08237KRSI,"Freudenstadt, Landkreis",Insgesamt,unter 15 Jahre,17
2023,08237KRSI,"Freudenstadt, Landkreis",mit Migrationshintergrund,15 bis unter 25 Jahre,/
2023,08237KRSI,"Freudenstadt, Landkreis",mit Migrationshintergrund,25 bis unter 35 Jahre,6
2023,08237KRSI,"Freudenstadt, Landkreis",mit Migrationshintergrund,35 bis unter 45 Jahre,/
2023,08237KRSI,"Freudenstadt, Landkreis",mit Migrationshintergrund,45 bis unter 55 Jahre,/
2023,08237KRSI,"Freudenstadt, Landkreis",mit Migrationshintergrund,55 bis unter 65 Jahre,/
2023,08237KRSI,"Freudenstadt, Landkreis",mit Migrationshintergrund,65 Jahre und mehr,6
2023,08237KRSI,"Freudenstadt, Landkreis",mit Migrationshintergrund,Insgesamt,37
2023,08237KRSI,"Freudenstadt, Landkreis",mit Migrationshintergrund,unter 15 Jahre,7
2023,08311KRSI,"Freiburg im Breisgau, Stadtkreis",Insgesamt,15 bis unter 25 Jahre,35
2023,08311KRSI,"Freiburg im Breisgau, Stadtkreis",Insgesamt,25 bis unter 35 Jahre,42
2023,08311KRSI,"Freiburg im Breisgau, Stadtkreis",Insgesamt,35 bis unter 45 Jahre,35
2023,08311KRSI,"Freiburg im Breisgau, Stadtkreis",Insgesamt,45 bis unter 55 Jahre,24
2023,08311KRSI,"Freiburg im Breisgau, Stadtkreis",Insgesamt,55 bis unter 65 Jahre,27
2023,08311KRSI,"Freiburg im Breisgau, Stadtkreis",Insgesamt,65 Jahre und mehr,36
2023,08311KRSI,"Freiburg im Breisgau, Stadtkreis",Insgesamt,Insgesamt,233
2023,08311KRSI,"Freiburg im Breisgau, Stadtkreis",Insgesamt,unter 15 Jahre,34
2023,08311KRSI,"Freiburg im Breisgau, Stadtkreis",mit Migrationshintergrund,15 bis unter 25 Jahre,16
2023,08311KRSI,"Freiburg im Breisgau, Stadtkreis",mit Migrationshintergrund,25 bis unter 35 Jahre,17
2023,08311KRSI,"Freiburg im Breisgau, Stadtkreis",mit Migrationshintergrund,35 bis unter 45 Jahre,17
2023,08311KRSI,"Freiburg im Breisgau, Stadtkreis",mit Migrationshintergrund,45 bis unter 55 Jahre,11
2023,08311KRSI,"Freiburg im Breisgau, Stadtkreis",mit Migrationshintergrund,55 bis unter 65 Jahre,9
2023,08311KRSI,"Freiburg im Breisgau, Stadtkreis",mit Migrationshintergrund,65 Jahre und mehr,8
2023,08311KRSI,"Freiburg im Breisgau, Stadtkreis",mit Migrationshintergrund,Insgesamt,94
2023,08311KRSI,"Freiburg im Breisgau, Stadtkreis",mit Migrationshintergrund,unter 15 Jahre,16
2023,08315KRSI,"Breisgau-Hochschwarzwald, Landkreis",Insgesamt,15 bis unter 25 Jahre,27
2023,08315KRSI,"Breisgau-Hochschwarzwald, Landkreis",Insgesamt,25 bis unter 35 Jahre,28
2023,08315KRSI,"Breisgau-Hochschwarzwald, Landkreis",Insgesamt,35 bis unter 45 Jahre,33
2023,08315KRSI,"Breisgau-Hochschwarzwald, Landkreis",Insgesamt,45 bis unter 55 Jahre,35
2023,08315KRSI,"Breisgau-Hochschwarzwald, Landkreis",Insgesamt,55 bis unter 65 Jahre,41
2023,08315KRSI,"Breisgau-Hochschwarzwald, Landkreis",Insgesamt,65 Jahre und mehr,62
2023,08315KRSI,"Breisgau-Hochschwarzwald, Landkreis",Insgesamt,Insgesamt,270
2023,08315KRSI,"Breisgau-Hochschwarzwald, Landkreis",Insgesamt,unter 15 Jahre,44
2023,08315KRSI,"Breisgau-Hochschwarzwald, Landkreis",mit Migrationshintergrund,15 bis unter 25 Jahre,8
2023,08315KRSI,"Breisgau-Hochschwarzwald, Landkreis",mit Migrationshintergrund,25 bis unter 35 Jahre,10
2023,08315KRSI,"Breisgau-Hochschwarzwald, Landkreis",mit Migrationshintergrund,35 bis unter 45 Jahre,10
2023,08315KRSI,"Breisgau-Hochschwarzwald, Landkreis",mit Migrationshintergrund,45 bis unter 55 Jahre,11
2023,08315KRSI,"Breisgau-Hochschwarzwald, Landkreis",mit Migrationshintergrund,55 bis unter 65 Jahre,/
2023,08315KRSI,"Breisgau-Hochschwarzwald, Landkreis",mit Migrationshintergrund,65 Jahre und mehr,6
2023,08315KRSI,"Breisgau-Hochschwarzwald, Landkreis",mit Migrationshintergrund,Insgesamt,67
2023,08315KRSI,"Breisgau-Hochschwarzwald, Landkreis",mit Migrationshintergrund,unter 15 Jahre,18
2023,08316KRSI,"Emmendingen, Landkreis",Insgesamt,15 bis unter 25 Jahre,20
2023,08316KRSI,"Emmendingen, Landkreis",Insgesamt,25 bis unter 35 Jahre,17
2023,08316KRSI,"Emmendingen, Landkreis",Insgesamt,35 bis unter 45 Jahre,21
2023,08316KRSI,"Emmendingen, Landkreis",Insgesamt,45 bis unter 55 Jahre,22
2023,08316KRSI,"Emmendingen, Landkreis",Insgesamt,55 bis unter 65 Jahre,26
2023,08316KRSI,"Emmendingen, Landkreis",Insgesamt,65 Jahre und mehr,34
2023,08316KRSI,"Emmendingen, Landkreis",Insgesamt,Insgesamt,166
2023,08316KRSI,"Emmendingen, Landkreis",Insgesamt,unter 15 Jahre,26
2023,08316KRSI,"Emmendingen, Landkreis",mit Migrationshintergrund,15 bis unter 25 Jahre,9
2023,08316KRSI,"Emmendingen, Landkreis",mit Migrationshintergrund,25 bis unter 35 Jahre,/
2023,08316KRSI,"Emmendingen, Landkreis",mit Migrationshintergrund,35 bis unter 45 Jahre,9
2023,08316KRSI,"Emmendingen, Landkreis",mit Migrationshintergrund,45 bis unter 55 Jahre,8
2023,08316KRSI,"Emmendingen, Landkreis",mit Migrationshintergrund,55 bis unter 65 Jahre,/
2023,08316KRSI,"Emmendingen, Landkreis",mit Migrationshintergrund,65 Jahre und mehr,/
2023,08316KRSI,"Emmendingen, Landkreis",mit Migrationshintergrund,Insgesamt,52
2023,08316KRSI,"Emmendingen, Landkreis",mit Migrationshintergrund,unter 15 Jahre,13
2023,08317KRSI,"Ortenaukreis, Landkreis",Insgesamt,15 bis unter 25 Jahre,43
2023,08317KRSI,"Ortenaukreis, Landkreis",Insgesamt,25 bis unter 35 Jahre,56
2023,08317KRSI,"Ortenaukreis, Landkreis",Insgesamt,35 bis unter 45 Jahre,55
2023,08317KRSI,"Ortenaukreis, Landkreis",Insgesamt,45 bis unter 55 Jahre,55
2023,08317KRSI,"Ortenaukreis, Landkreis",Insgesamt,55 bis unter 65 Jahre,73
2023,08317KRSI,"Ortenaukreis, Landkreis",Insgesamt,65 Jahre und mehr,92
2023,08317KRSI,"Ortenaukreis, Landkreis",Insgesamt,Insgesamt,442
2023,08317KRSI,"Ortenaukreis, Landkreis",Insgesamt,unter 15 Jahre,68
2023,08317KRSI,"Ortenaukreis, Landkreis",mit Migrationshintergrund,15 bis unter 25 Jahre,17
2023,08317KRSI,"Ortenaukreis, Landkreis",mit Migrationshintergrund,25 bis unter 35 Jahre,21
2023,08317KRSI,"Ortenaukreis, Landkreis",mit Migrationshintergrund,35 bis unter 45 Jahre,21
2023,08317KRSI,"Ortenaukreis, Landkreis",mit Migrationshintergrund,45 bis unter 55 Jahre,18
2023,08317KRSI,"Ortenaukreis, Landkreis",mit Migrationshintergrund,55 bis unter 65 Jahre,16
2023,08317KRSI,"Ortenaukreis, Landkreis",mit Migrationshintergrund,65 Jahre und mehr,16
2023,08317KRSI,"Ortenaukreis, Landkreis",mit Migrationshintergrund,Insgesamt,138
2023,08317KRSI,"Ortenaukreis, Landkreis",mit Migrationshintergrund,unter 15 Jahre,29
2023,08325KRSI,"Rottweil, Landkreis",Insgesamt,15 bis unter 25 Jahre,14
2023,08325KRSI,"Rottweil, Landkreis",Insgesamt,25 bis unter 35 Jahre,17
2023,08325KRSI,"Rottweil, Landkreis",Insgesamt,35 bis unter 45 Jahre,16
2023,08325KRSI,"Rottweil, Landkreis",Insgesamt,45 bis unter 55 Jahre,17
2023,08325KRSI,"Rottweil, Landkreis",Insgesamt,55 bis unter 65 Jahre,20
2023,08325KRSI,"Rottweil, Landkreis",Insgesamt,65 Jahre und mehr,32
2023,08325KRSI,"Rottweil, Landkreis",Insgesamt,Insgesamt,141
2023,08325KRSI,"Rottweil, Landkreis",Insgesamt,unter 15 Jahre,23
2023,08325KRSI,"Rottweil, Landkreis",mit Migrationshintergrund,15 bis unter 25 Jahre,9
2023,08325KRSI,"Rottweil, Landkreis",mit Migrationshintergrund,25 bis unter 35 Jahre,8
2023,08325KRSI,"Rottweil, Landkreis",mit Migrationshintergrund,35 bis unter 45 Jahre,8
2023,08325KRSI,"Rottweil, Landkreis",mit Migrationshintergrund,45 bis unter 55 Jahre,7
2023,08325KRSI,"Rottweil, Landkreis",mit Migrationshintergrund,55 bis unter 65 Jahre,/
2023,08325KRSI,"Rottweil, Landkreis",mit Migrationshintergrund,65 Jahre und mehr,/
2023,08325KRSI,"Rottweil, Landkreis",mit Migrationshintergrund,Insgesamt,55
2023,08325KRSI,"Rottweil, Landkreis",mit Migrationshintergrund,unter 15 Jahre,15
2023,08326KRSI,"Schwarzwald-Baar-Kreis, Landkreis",Insgesamt,15 bis unter 25 Jahre,24
2023,08326KRSI,"Schwarzwald-Baar-Kreis, Landkreis",Insgesamt,25 bis unter 35 Jahre,26
2023,08326KRSI,"Schwarzwald-Baar-Kreis, Landkreis",Insgesamt,35 bis unter 45 Jahre,26
2023,08326KRSI,"Schwarzwald-Baar-Kreis, Landkreis",Insgesamt,45 bis unter 55 Jahre,27
2023,08326KRSI,"Schwarzwald-Baar-Kreis, Landkreis",Insgesamt,55 bis unter 65 Jahre,32
2023,08326KRSI,"Schwarzwald-Baar-Kreis, Landkreis",Insgesamt,65 Jahre und mehr,43
2023,08326KRSI,"Schwarzwald-Baar-Kreis, Landkreis",Insgesamt,Insgesamt,210
2023,08326KRSI,"Schwarzwald-Baar-Kreis, Landkreis",Insgesamt,unter 15 Jahre,32
2023,08326KRSI,"Schwarzwald-Baar-Kreis, Landkreis",mit Migrationshintergrund,15 bis unter 25 Jahre,12
2023,08326KRSI,"Schwarzwald-Baar-Kreis, Landkreis",mit Migrationshintergrund,25 bis unter 35 Jahre,11
2023,08326KRSI,"Schwarzwald-Baar-Kreis, Landkreis",mit Migrationshintergrund,35 bis unter 45 Jahre,12
2023,08326KRSI,"Schwarzwald-Baar-Kreis, Landkreis",mit Migrationshintergrund,45 bis unter 55 Jahre,10
2023,08326KRSI,"Schwarzwald-Baar-Kreis, Landkreis",mit Migrationshintergrund,55 bis unter 65 Jahre,8
2023,08326KRSI,"Schwarzwald-Baar-Kreis, Landkreis",mit Migrationshintergrund,65 Jahre und mehr,8
2023,08326KRSI,"Schwarzwald-Baar-Kreis, Landkreis",mit Migrationshintergrund,Insgesamt,77
2023,08326KRSI,"Schwarzwald-Baar-Kreis, Landkreis",mit Migrationshintergrund,unter 15 Jahre,16
2023,08327KRSI,"Tuttlingen, Landkreis",Insgesamt,15 bis unter 25 Jahre,14
2023,08327KRSI,"Tuttlingen, Landkreis",Insgesamt,25 bis unter 35 Jahre,18
2023,08327KRSI,"Tuttlingen, Landkreis",Insgesamt,35 bis unter 45 Jahre,21
2023,08327KRSI,"Tuttlingen, Landkreis",Insgesamt,45 bis unter 55 Jahre,16
2023,08327KRSI,"Tuttlingen, Landkreis",Insgesamt,55 bis unter 65 Jahre,23
2023,08327KRSI,"Tuttlingen, Landkreis",Insgesamt,65 Jahre und mehr,29
2023,08327KRSI,"Tuttlingen, Landkreis",Insgesamt,Insgesamt,145
2023,08327KRSI,"Tuttlingen, Landkreis",Insgesamt,unter 15 Jahre,25
2023,08327KRSI,"Tuttlingen, Landkreis",mit Migrationshintergrund,15 bis unter 25 Jahre,8
2023,08327KRSI,"Tuttlingen, Landkreis",mit Migrationshintergrund,25 bis unter 35 Jahre,7
2023,08327KRSI,"Tuttlingen, Landkreis",mit Migrationshintergrund,35 bis unter 45 Jahre,11
2023,08327KRSI,"Tuttlingen, Landkreis",mit Migrationshintergrund,45 bis unter 55 Jahre,7
2023,08327KRSI,"Tuttlingen, Landkreis",mit Migrationshintergrund,55 bis unter 65 Jahre,7
2023,08327KRSI,"Tuttlingen, Landkreis",mit Migrationshintergrund,65 Jahre und mehr,11
2023,08327KRSI,"Tuttlingen, Landkreis",mit Migrationshintergrund,Insgesamt,65
2023,08327KRSI,"Tuttlingen, Landkreis",mit Migrationshintergrund,unter 15 Jahre,14
2023,08335KRSI,"Konstanz, Landkreis",Insgesamt,15 bis unter 25 Jahre,31
2023,08335KRSI,"Konstanz, Landkreis",Insgesamt,25 bis unter 35 Jahre,36
2023,08335KRSI,"Konstanz, Landkreis",Insgesamt,35 bis unter 45 Jahre,36
2023,08335KRSI,"Konstanz, Landkreis",Insgesamt,45 bis unter 55 Jahre,39
2023,08335KRSI,"Konstanz, Landkreis",Insgesamt,55 bis unter 65 Jahre,42
2023,08335KRSI,"Konstanz, Landkreis",Insgesamt,65 Jahre und mehr,64
2023,08335KRSI,"Konstanz, Landkreis",Insgesamt,Insgesamt,289
2023,08335KRSI,"Konstanz, Landkreis",Insgesamt,unter 15 Jahre,42
2023,08335KRSI,"Konstanz, Landkreis",mit Migrationshintergrund,15 bis unter 25 Jahre,10
2023,08335KRSI,"Konstanz, Landkreis",mit Migrationshintergrund,25 bis unter 35 Jahre,14
2023,08335KRSI,"Konstanz, Landkreis",mit Migrationshintergrund,35 bis unter 45 Jahre,14
2023,08335KRSI,"Konstanz, Landkreis",mit Migrationshintergrund,45 bis unter 55 Jahre,12
2023,08335KRSI,"Konstanz, Landkreis",mit Migrationshintergrund,55 bis unter 65 Jahre,10
2023,08335KRSI,"Konstanz, Landkreis",mit Migrationshintergrund,65 Jahre und mehr,13
2023,08335KRSI,"Konstanz, Landkreis",mit Migrationshintergrund,Insgesamt,93
2023,08335KRSI,"Konstanz, Landkreis",mit Migrationshintergrund,unter 15 Jahre,19
2023,08336KRSI,"Lörrach, Landkreis",Insgesamt,15 bis unter 25 Jahre,22
2023,08336KRSI,"Lörrach, Landkreis",Insgesamt,25 bis unter 35 Jahre,32
2023,08336KRSI,"Lörrach, Landkreis",Insgesamt,35 bis unter 45 Jahre,29
2023,08336KRSI,"Lörrach, Landkreis",Insgesamt,45 bis unter 55 Jahre,32
2023,08336KRSI,"Lörrach, Landkreis",Insgesamt,55 bis unter 65 Jahre,38
2023,08336KRSI,"Lörrach, Landkreis",Insgesamt,65 Jahre und mehr,50
2023,08336KRSI,"Lörrach, Landkreis",Insgesamt,Insgesamt,236
2023,08336KRSI,"Lörrach, Landkreis",Insgesamt,unter 15 Jahre,32
2023,08336KRSI,"Lörrach, Landkreis",mit Migrationshintergrund,15 bis unter 25 Jahre,10
2023,08336KRSI,"Lörrach, Landkreis",mit Migrationshintergrund,25 bis unter 35 Jahre,16
2023,08336KRSI,"Lörrach, Landkreis",mit Migrationshintergrund,35 bis unter 45 Jahre,13
2023,08336KRSI,"Lörrach, Landkreis",mit Migrationshintergrund,45 bis unter 55 Jahre,15
2023,08336KRSI,"Lörrach, Landkreis",mit Migrationshintergrund,55 bis unter 65 Jahre,11
2023,08336KRSI,"Lörrach, Landkreis",mit Migrationshintergrund,65 Jahre und mehr,10
2023,08336KRSI,"Lörrach, Landkreis",mit Migrationshintergrund,Insgesamt,91
2023,08336KRSI,"Lörrach, Landkreis",mit Migrationshintergrund,unter 15 Jahre,17
2023,08337KRSI,"Waldshut, Landkreis",Insgesamt,15 bis unter 25 Jahre,15
2023,08337KRSI,"Waldshut, Landkreis",Insgesamt,25 bis unter 35 Jahre,22
2023,08337KRSI,"Waldshut, Landkreis",Insgesamt,35 bis unter 45 Jahre,22
2023,08337KRSI,"Waldshut, Landkreis",Insgesamt,45 bis unter 55 Jahre,20
2023,08337KRSI,"Waldshut, Landkreis",Insgesamt,55 bis unter 65 Jahre,25
2023,08337KRSI,"Waldshut, Landkreis",Insgesamt,65 Jahre und mehr,42
2023,08337KRSI,"Waldshut, Landkreis",Insgesamt,Insgesamt,171
2023,08337KRSI,"Waldshut, Landkreis",Insgesamt,unter 15 Jahre,25
2023,08337KRSI,"Waldshut, Landkreis",mit Migrationshintergrund,15 bis unter 25 Jahre,7
2023,08337KRSI,"Waldshut, Landkreis",mit Migrationshintergrund,25 bis unter 35 Jahre,8
2023,08337KRSI,"Waldshut, Landkreis",mit Migrationshintergrund,35 bis unter 45 Jahre,9
2023,08337KRSI,"Waldshut, Landkreis",mit Migrationshintergrund,45 bis unter 55 Jahre,9
2023,08337KRSI,"Waldshut, Landkreis",mit Migrationshintergrund,55 bis unter 65 Jahre,6
2023,08337KRSI,"Waldshut, Landkreis",mit Migrationshintergrund,65 Jahre und mehr,8
2023,08337KRSI,"Waldshut, Landkreis",mit Migrationshintergrund,Insgesamt,60
2023,08337KRSI,"Waldshut, Landkreis",mit Migrationshintergrund,unter 15 Jahre,12
2023,08415KRSI,"Reutlingen, Landkreis",Insgesamt,15 bis unter 25 Jahre,28
2023,08415KRSI,"Reutlingen, Landkreis",Insgesamt,25 bis unter 35 Jahre,35
2023,08415KRSI,"Reutlingen, Landkreis",Insgesamt,35 bis unter 45 Jahre,37
2023,08415KRSI,"Reutlingen, Landkreis",Insgesamt,45 bis unter 55 Jahre,36
2023,08415KRSI,"Reutlingen, Landkreis",Insgesamt,55 bis unter 65 Jahre,46
2023,08415KRSI,"Reutlingen, Landkreis",Insgesamt,65 Jahre und mehr,59
2023,08415KRSI,"Reutlingen, Landkreis",Insgesamt,Insgesamt,285
2023,08415KRSI,"Reutlingen, Landkreis",Insgesamt,unter 15 Jahre,45
2023,08415KRSI,"Reutlingen, Landkreis",mit Migrationshintergrund,15 bis unter 25 Jahre,11
2023,08415KRSI,"Reutlingen, Landkreis",mit Migrationshintergrund,25 bis unter 35 Jahre,12
2023,08415KRSI,"Reutlingen, Landkreis",mit Migrationshintergrund,35 bis unter 45 Jahre,16
2023,08415KRSI,"Reutlingen, Landkreis",mit Migrationshintergrund,45 bis unter 55 Jahre,12
2023,08415KRSI,"Reutlingen, Landkreis",mit Migrationshintergrund,55 bis unter 65 Jahre,11
2023,08415KRSI,"Reutlingen, Landkreis",mit Migrationshintergrund,65 Jahre und mehr,16
2023,08415KRSI,"Reutlingen, Landkreis",mit Migrationshintergrund,Insgesamt,100
2023,08415KRSI,"Reutlingen, Landkreis",mit Migrationshintergrund,unter 15 Jahre,21
2023,08416KRSI,"Tübingen, Landkreis",Insgesamt,15 bis unter 25 Jahre,28
2023,08416KRSI,"Tübingen, Landkreis",Insgesamt,25 bis unter 35 Jahre,35
2023,08416KRSI,"Tübingen, Landkreis",Insgesamt,35 bis unter 45 Jahre,27
2023,08416KRSI,"Tübingen, Landkreis",Insgesamt,45 bis unter 55 Jahre,28
2023,08416KRSI,"Tübingen, Landkreis",Insgesamt,55 bis unter 65 Jahre,37
2023,08416KRSI,"Tübingen, Landkreis",Insgesamt,65 Jahre und mehr,45
2023,08416KRSI,"Tübingen, Landkreis",Insgesamt,Insgesamt,232
2023,08416KRSI,"Tübingen, Landkreis",Insgesamt,unter 15 Jahre,32
2023,08416KRSI,"Tübingen, Landkreis",mit Migrationshintergrund,15 bis unter 25 Jahre,8
2023,08416KRSI,"Tübingen, Landkreis",mit Migrationshintergrund,25 bis unter 35 Jahre,12
2023,08416KRSI,"Tübingen, Landkreis",mit Migrationshintergrund,35 bis unter 45 Jahre,9
2023,08416KRSI,"Tübingen, Landkreis",mit Migrationshintergrund,45 bis unter 55 Jahre,9
2023,08416KRSI,"Tübingen, Landkreis",mit Migrationshintergrund,55 bis unter 65 Jahre,9
2023,08416KRSI,"Tübingen, Landkreis",mit Migrationshintergrund,65 Jahre und mehr,6
2023,08416KRSI,"Tübingen, Landkreis",mit Migrationshintergrund,Insgesamt,68
2023,08416KRSI,"Tübingen, Landkreis",mit Migrationshintergrund,unter 15 Jahre,15
2023,08417KRSI,"Zollernalbkreis, Landkreis",Insgesamt,15 bis unter 25 Jahre,20
2023,08417KRSI,"Zollernalbkreis, Landkreis",Insgesamt,25 bis unter 35 Jahre,22
2023,08417KRSI,"Zollernalbkreis, Landkreis",Insgesamt,35 bis unter 45 Jahre,23
2023,08417KRSI,"Zollernalbkreis, Landkreis",Insgesamt,45 bis unter 55 Jahre,23
2023,08417KRSI,"Zollernalbkreis, Landkreis",Insgesamt,55 bis unter 65 Jahre,34
2023,08417KRSI,"Zollernalbkreis, Landkreis",Insgesamt,65 Jahre und mehr,43
2023,08417KRSI,"Zollernalbkreis, Landkreis",Insgesamt,Insgesamt,193
2023,08417KRSI,"Zollernalbkreis, Landkreis",Insgesamt,unter 15 Jahre,27
2023,08417KRSI,"Zollernalbkreis, Landkreis",mit Migrationshintergrund,15 bis unter 25 Jahre,9
2023,08417KRSI,"Zollernalbkreis, Landkreis",mit Migrationshintergrund,25 bis unter 35 Jahre,10
2023,08417KRSI,"Zollernalbkreis, Landkreis",mit Migrationshintergrund,35 bis unter 45 Jahre,10
2023,08417KRSI,"Zollernalbkreis, Landkreis",mit Migrationshintergrund,45 bis unter 55 Jahre,9
2023,08417KRSI,"Zollernalbkreis, Landkreis",mit Migrationshintergrund,55 bis unter 65 Jahre,8
2023,08417KRSI,"Zollernalbkreis, Landkreis",mit Migrationshintergrund,65 Jahre und mehr,10
2023,08417KRSI,"Zollernalbkreis, Landkreis",mit Migrationshintergrund,Insgesamt,69
2023,08417KRSI,"Zollernalbkreis, Landkreis",mit Migrationshintergrund,unter 15 Jahre,14
2023,08421KRSI,"Ulm, Stadtkreis",Insgesamt,15 bis unter 25 Jahre,15
2023,08421KRSI,"Ulm, Stadtkreis",Insgesamt,25 bis unter 35 Jahre,19
2023,08421KRSI,"Ulm, Stadtkreis",Insgesamt,35 bis unter 45 Jahre,16
2023,08421KRSI,"Ulm, Stadtkreis",Insgesamt,45 bis unter 55 Jahre,17
2023,08421KRSI,"Ulm, Stadtkreis",Insgesamt,55 bis unter 65 Jahre,19
2023,08421KRSI,"Ulm, Stadtkreis",Insgesamt,65 Jahre und mehr,28
2023,08421KRSI,"Ulm, Stadtkreis",Insgesamt,Insgesamt,130
2023,08421KRSI,"Ulm, Stadtkreis",Insgesamt,unter 15 Jahre,16
2023,08421KRSI,"Ulm, Stadtkreis",mit Migrationshintergrund,15 bis unter 25 Jahre,7
2023,08421KRSI,"Ulm, Stadtkreis",mit Migrationshintergrund,25 bis unter 35 Jahre,10
2023,08421KRSI,"Ulm, Stadtkreis",mit Migrationshintergrund,35 bis unter 45 Jahre,8
2023,08421KRSI,"Ulm, Stadtkreis",mit Migrationshintergrund,45 bis unter 55 Jahre,8
2023,08421KRSI,"Ulm, Stadtkreis",mit Migrationshintergrund,55 bis unter 65 Jahre,7
2023,08421KRSI,"Ulm, Stadtkreis",mit Migrationshintergrund,65 Jahre und mehr,7
2023,08421KRSI,"Ulm, Stadtkreis",mit Migrationshintergrund,Insgesamt,56
2023,08421KRSI,"Ulm, Stadtkreis",mit Migrationshintergrund,unter 15 Jahre,9
2023,08425KRSI,"Alb-Donau-Kreis, Landkreis",Insgesamt,15 bis unter 25 Jahre,20
2023,08425KRSI,"Alb-Donau-Kreis, Landkreis",Insgesamt,25 bis unter 35 Jahre,24
2023,08425KRSI,"Alb-Donau-Kreis, Landkreis",Insgesamt,35 bis unter 45 Jahre,25
2023,08425KRSI,"Alb-Donau-Kreis, Landkreis",Insgesamt,45 bis unter 55 Jahre,28
2023,08425KRSI,"Alb-Donau-Kreis, Landkreis",Insgesamt,55 bis unter 65 Jahre,31
2023,08425KRSI,"Alb-Donau-Kreis, Landkreis",Insgesamt,65 Jahre und mehr,40
2023,08425KRSI,"Alb-Donau-Kreis, Landkreis",Insgesamt,Insgesamt,198
2023,08425KRSI,"Alb-Donau-Kreis, Landkreis",Insgesamt,unter 15 Jahre,30
2023,08425KRSI,"Alb-Donau-Kreis, Landkreis",mit Migrationshintergrund,15 bis unter 25 Jahre,7
2023,08425KRSI,"Alb-Donau-Kreis, Landkreis",mit Migrationshintergrund,25 bis unter 35 Jahre,8
2023,08425KRSI,"Alb-Donau-Kreis, Landkreis",mit Migrationshintergrund,35 bis unter 45 Jahre,8
2023,08425KRSI,"Alb-Donau-Kreis, Landkreis",mit Migrationshintergrund,45 bis unter 55 Jahre,10
2023,08425KRSI,"Alb-Donau-Kreis, Landkreis",mit Migrationshintergrund,55 bis unter 65 Jahre,/
2023,08425KRSI,"Alb-Donau-Kreis, Landkreis",mit Migrationshintergrund,65 Jahre und mehr,6
2023,08425KRSI,"Alb-Donau-Kreis, Landkreis",mit Migrationshintergrund,Insgesamt,57
2023,08425KRSI,"Alb-Donau-Kreis, Landkreis",mit Migrationshintergrund,unter 15 Jahre,14
2023,08426KRSI,"Biberach, Landkreis",Insgesamt,15 bis unter 25 Jahre,23
2023,08426KRSI,"Biberach, Landkreis",Insgesamt,25 bis unter 35 Jahre,23
2023,08426KRSI,"Biberach, Landkreis",Insgesamt,35 bis unter 45 Jahre,30
2023,08426KRSI,"Biberach, Landkreis",Insgesamt,45 bis unter 55 Jahre,26
2023,08426KRSI,"Biberach, Landkreis",Insgesamt,55 bis unter 65 Jahre,30
2023,08426KRSI,"Biberach, Landkreis",Insgesamt,65 Jahre und mehr,38
2023,08426KRSI,"Biberach, Landkreis",Insgesamt,Insgesamt,206
2023,08426KRSI,"Biberach, Landkreis",Insgesamt,unter 15 Jahre,35
2023,08426KRSI,"Biberach, Landkreis",mit Migrationshintergrund,15 bis unter 25 Jahre,9
2023,08426KRSI,"Biberach, Landkreis",mit Migrationshintergrund,25 bis unter 35 Jahre,8
2023,08426KRSI,"Biberach, Landkreis",mit Migrationshintergrund,35 bis unter 45 Jahre,10
2023,08426KRSI,"Biberach, Landkreis",mit Migrationshintergrund,45 bis unter 55 Jahre,9
2023,08426KRSI,"Biberach, Landkreis",mit Migrationshintergrund,55 bis unter 65 Jahre,6
2023,08426KRSI,"Biberach, Landkreis",mit Migrationshintergrund,65 Jahre und mehr,8
2023,08426KRSI,"Biberach, Landkreis",mit Migrationshintergrund,Insgesamt,62
2023,08426KRSI,"Biberach, Landkreis",mit Migrationshintergrund,unter 15 Jahre,13
2023,08435KRSI,"Bodenseekreis, Landkreis",Insgesamt,15 bis unter 25 Jahre,20
2023,08435KRSI,"Bodenseekreis, Landkreis",Insgesamt,25 bis unter 35 Jahre,29
2023,08435KRSI,"Bodenseekreis, Landkreis",Insgesamt,35 bis unter 45 Jahre,27
2023,08435KRSI,"Bodenseekreis, Landkreis",Insgesamt,45 bis unter 55 Jahre,28
2023,08435KRSI,"Bodenseekreis, Landkreis",Insgesamt,55 bis unter 65 Jahre,40
2023,08435KRSI,"Bodenseekreis, Landkreis",Insgesamt,65 Jahre und mehr,50
2023,08435KRSI,"Bodenseekreis, Landkreis",Insgesamt,Insgesamt,219
2023,08435KRSI,"Bodenseekreis, Landkreis",Insgesamt,unter 15 Jahre,26
2023,08435KRSI,"Bodenseekreis, Landkreis",mit Migrationshintergrund,15 bis unter 25 Jahre,9
2023,08435KRSI,"Bodenseekreis, Landkreis",mit Migrationshintergrund,25 bis unter 35 Jahre,14
2023,08435KRSI,"Bodenseekreis, Landkreis",mit Migrationshintergrund,35 bis unter 45 Jahre,12
2023,08435KRSI,"Bodenseekreis, Landkreis",mit Migrationshintergrund,45 bis unter 55 Jahre,10
2023,08435KRSI,"Bodenseekreis, Landkreis",mit Migrationshintergrund,55 bis unter 65 Jahre,9
2023,08435KRSI,"Bodenseekreis, Landkreis",mit Migrationshintergrund,65 Jahre und mehr,9
2023,08435KRSI,"Bodenseekreis, Landkreis",mit Migrationshintergrund,Insgesamt,76
2023,08435KRSI,"Bodenseekreis, Landkreis",mit Migrationshintergrund,unter 15 Jahre,13
2023,08436KRSI,"Ravensburg, Landkreis",Insgesamt,15 bis unter 25 Jahre,32
2023,08436KRSI,"Ravensburg, Landkreis",Insgesamt,25 bis unter 35 Jahre,40
2023,08436KRSI,"Ravensburg, Landkreis",Insgesamt,35 bis unter 45 Jahre,36
2023,08436KRSI,"Ravensburg, Landkreis",Insgesamt,45 bis unter 55 Jahre,34
2023,08436KRSI,"Ravensburg, Landkreis",Insgesamt,55 bis unter 65 Jahre,44
2023,08436KRSI,"Ravensburg, Landkreis",Insgesamt,65 Jahre und mehr,62
2023,08436KRSI,"Ravensburg, Landkreis",Insgesamt,Insgesamt,286
2023,08436KRSI,"Ravensburg, Landkreis",Insgesamt,unter 15 Jahre,38
2023,08436KRSI,"Ravensburg, Landkreis",mit Migrationshintergrund,15 bis unter 25 Jahre,12
2023,08436KRSI,"Ravensburg, Landkreis",mit Migrationshintergrund,25 bis unter 35 Jahre,14
2023,08436KRSI,"Ravensburg, Landkreis",mit Migrationshintergrund,35 bis unter 45 Jahre,14
2023,08436KRSI,"Ravensburg, Landkreis",mit Migrationshintergrund,45 bis unter 55 Jahre,11
2023,08436KRSI,"Ravensburg, Landkreis",mit Migrationshintergrund,55 bis unter 65 Jahre,7
2023,08436KRSI,"Ravensburg, Landkreis",mit Migrationshintergrund,65 Jahre und mehr,11
2023,08436KRSI,"Ravensburg, Landkreis",mit Migrationshintergrund,Insgesamt,82
2023,08436KRSI,"Ravensburg, Landkreis",mit Migrationshintergrund,unter 15 Jahre,13
2023,08437KRSI,"Sigmaringen, Landkreis",Insgesamt,15 bis unter 25 Jahre,15
2023,08437KRSI,"Sigmaringen, Landkreis",Insgesamt,25 bis unter 35 Jahre,18
2023,08437KRSI,"Sigmaringen, Landkreis",Insgesamt,35 bis unter 45 Jahre,17
2023,08437KRSI,"Sigmaringen, Landkreis",Insgesamt,45 bis unter 55 Jahre,18
2023,08437KRSI,"Sigmaringen, Landkreis",Insgesamt,55 bis unter 65 Jahre,21
2023,08437KRSI,"Sigmaringen, Landkreis",Insgesamt,65 Jahre und mehr,23
2023,08437KRSI,"Sigmaringen, Landkreis",Insgesamt,Insgesamt,134
2023,08437KRSI,"Sigmaringen, Landkreis",Insgesamt,unter 15 Jahre,22
2023,08437KRSI,"Sigmaringen, Landkreis",mit Migrationshintergrund,15 bis unter 25 Jahre,/
2023,08437KRSI,"Sigmaringen, Landkreis",mit Migrationshintergrund,25 bis unter 35 Jahre,/
2023,08437KRSI,"Sigmaringen, Landkreis",mit Migrationshintergrund,35 bis unter 45 Jahre,/
2023,08437KRSI,"Sigmaringen, Landkreis",mit Migrationshintergrund,45 bis unter 55 Jahre,/
2023,08437KRSI,"Sigmaringen, Landkreis",mit Migrationshintergrund,55 bis unter 65 Jahre,/
2023,08437KRSI,"Sigmaringen, Landkreis",mit Migrationshintergrund,65 Jahre und mehr,/
2023,08437KRSI,"Sigmaringen, Landkreis",mit Migrationshintergrund,Insgesamt,33
2023,08437KRSI,"Sigmaringen, Landkreis",mit Migrationshintergrund,unter 15 Jahre,/
2024,08111KRSI,"Stuttgart, Stadtkreis",Insgesamt,15 bis unter 25 Jahre,71
2024,08111KRSI,"Stuttgart, Stadtkreis",Insgesamt,25 bis unter 35 Jahre,109
2024,08111KRSI,"Stuttgart, Stadtkreis",Insgesamt,35 bis unter 45 Jahre,83
2024,08111KRSI,"Stuttgart, Stadtkreis",Insgesamt,45 bis unter 55 Jahre,80
2024,08111KRSI,"Stuttgart, Stadtkreis",Insgesamt,55 bis unter 65 Jahre,81
2024,08111KRSI,"Stuttgart, Stadtkreis",Insgesamt,65 Jahre und mehr,115
2024,08111KRSI,"Stuttgart, Stadtkreis",Insgesamt,Insgesamt,613
2024,08111KRSI,"Stuttgart, Stadtkreis",Insgesamt,unter 15 Jahre,73
2024,08111KRSI,"Stuttgart, Stadtkreis",mit Migrationshintergrund,15 bis unter 25 Jahre,40
2024,08111KRSI,"Stuttgart, Stadtkreis",mit Migrationshintergrund,25 bis unter 35 Jahre,61
2024,08111KRSI,"Stuttgart, Stadtkreis",mit Migrationshintergrund,35 bis unter 45 Jahre,47
2024,08111KRSI,"Stuttgart, Stadtkreis",mit Migrationshintergrund,45 bis unter 55 Jahre,46
2024,08111KRSI,"Stuttgart, Stadtkreis",mit Migrationshintergrund,55 bis unter 65 Jahre,30
2024,08111KRSI,"Stuttgart, Stadtkreis",mit Migrationshintergrund,65 Jahre und mehr,37
2024,08111KRSI,"Stuttgart, Stadtkreis",mit Migrationshintergrund,Insgesamt,305
2024,08111KRSI,"Stuttgart, Stadtkreis",mit Migrationshintergrund,unter 15 Jahre,45
2024,08115KRSI,"Böblingen, Landkreis",Insgesamt,15 bis unter 25 Jahre,38
2024,08115KRSI,"Böblingen, Landkreis",Insgesamt,25 bis unter 35 Jahre,48
2024,08115KRSI,"Böblingen, Landkreis",Insgesamt,35 bis unter 45 Jahre,55
2024,08115KRSI,"Böblingen, Landkreis",Insgesamt,45 bis unter 55 Jahre,49
2024,08115KRSI,"Böblingen, Landkreis",Insgesamt,55 bis unter 65 Jahre,61
2024,08115KRSI,"Böblingen, Landkreis",Insgesamt,65 Jahre und mehr,82
2024,08115KRSI,"Böblingen, Landkreis",Insgesamt,Insgesamt,396
2024,08115KRSI,"Böblingen, Landkreis",Insgesamt,unter 15 Jahre,63
2024,08115KRSI,"Böblingen, Landkreis",mit Migrationshintergrund,15 bis unter 25 Jahre,20
2024,08115KRSI,"Böblingen, Landkreis",mit Migrationshintergrund,25 bis unter 35 Jahre,23
2024,08115KRSI,"Böblingen, Landkreis",mit Migrationshintergrund,35 bis unter 45 Jahre,29
2024,08115KRSI,"Böblingen, Landkreis",mit Migrationshintergrund,45 bis unter 55 Jahre,24
2024,08115KRSI,"Böblingen, Landkreis",mit Migrationshintergrund,55 bis unter 65 Jahre,20
2024,08115KRSI,"Böblingen, Landkreis",mit Migrationshintergrund,65 Jahre und mehr,23
2024,08115KRSI,"Böblingen, Landkreis",mit Migrationshintergrund,Insgesamt,175
2024,08115KRSI,"Böblingen, Landkreis",mit Migrationshintergrund,unter 15 Jahre,35
2024,08116KRSI,"Esslingen, Landkreis",Insgesamt,15 bis unter 25 Jahre,53
2024,08116KRSI,"Esslingen, Landkreis",Insgesamt,25 bis unter 35 Jahre,73
2024,08116KRSI,"Esslingen, Landkreis",Insgesamt,35 bis unter 45 Jahre,66
2024,08116KRSI,"Esslingen, Landkreis",Insgesamt,45 bis unter 55 Jahre,71
2024,08116KRSI,"Esslingen, Landkreis",Insgesamt,55 bis unter 65 Jahre,86
2024,08116KRSI,"Esslingen, Landkreis",Insgesamt,65 Jahre und mehr,121
2024,08116KRSI,"Esslingen, Landkreis",Insgesamt,Insgesamt,538
2024,08116KRSI,"Esslingen, Landkreis",Insgesamt,unter 15 Jahre,69
2024,08116KRSI,"Esslingen, Landkreis",mit Migrationshintergrund,15 bis unter 25 Jahre,26
2024,08116KRSI,"Esslingen, Landkreis",mit Migrationshintergrund,25 bis unter 35 Jahre,34
2024,08116KRSI,"Esslingen, Landkreis",mit Migrationshintergrund,35 bis unter 45 Jahre,31
2024,08116KRSI,"Esslingen, Landkreis",mit Migrationshintergrund,45 bis unter 55 Jahre,34
2024,08116KRSI,"Esslingen, Landkreis",mit Migrationshintergrund,55 bis unter 65 Jahre,25
2024,08116KRSI,"Esslingen, Landkreis",mit Migrationshintergrund,65 Jahre und mehr,29
2024,08116KRSI,"Esslingen, Landkreis",mit Migrationshintergrund,Insgesamt,212
2024,08116KRSI,"Esslingen, Landkreis",mit Migrationshintergrund,unter 15 Jahre,32
2024,08117KRSI,"Göppingen, Landkreis",Insgesamt,15 bis unter 25 Jahre,22
2024,08117KRSI,"Göppingen, Landkreis",Insgesamt,25 bis unter 35 Jahre,30
2024,08117KRSI,"Göppingen, Landkreis",Insgesamt,35 bis unter 45 Jahre,39
2024,08117KRSI,"Göppingen, Landkreis",Insgesamt,45 bis unter 55 Jahre,26
2024,08117KRSI,"Göppingen, Landkreis",Insgesamt,55 bis unter 65 Jahre,42
2024,08117KRSI,"Göppingen, Landkreis",Insgesamt,65 Jahre und mehr,58
2024,08117KRSI,"Göppingen, Landkreis",Insgesamt,Insgesamt,257
2024,08117KRSI,"Göppingen, Landkreis",Insgesamt,unter 15 Jahre,40
2024,08117KRSI,"Göppingen, Landkreis",mit Migrationshintergrund,15 bis unter 25 Jahre,9
2024,08117KRSI,"Göppingen, Landkreis",mit Migrationshintergrund,25 bis unter 35 Jahre,14
2024,08117KRSI,"Göppingen, Landkreis",mit Migrationshintergrund,35 bis unter 45 Jahre,20
2024,08117KRSI,"Göppingen, Landkreis",mit Migrationshintergrund,45 bis unter 55 Jahre,11
2024,08117KRSI,"Göppingen, Landkreis",mit Migrationshintergrund,55 bis unter 65 Jahre,12
2024,08117KRSI,"Göppingen, Landkreis",mit Migrationshintergrund,65 Jahre und mehr,15
2024,08117KRSI,"Göppingen, Landkreis",mit Migrationshintergrund,Insgesamt,104
2024,08117KRSI,"Göppingen, Landkreis",mit Migrationshintergrund,unter 15 Jahre,22
2024,08118KRSI,"Ludwigsburg, Landkreis",Insgesamt,15 bis unter 25 Jahre,55
2024,08118KRSI,"Ludwigsburg, Landkreis",Insgesamt,25 bis unter 35 Jahre,64
2024,08118KRSI,"Ludwigsburg, Landkreis",Insgesamt,35 bis unter 45 Jahre,68
2024,08118KRSI,"Ludwigsburg, Landkreis",Insgesamt,45 bis unter 55 Jahre,71
2024,08118KRSI,"Ludwigsburg, Landkreis",Insgesamt,55 bis unter 65 Jahre,85
2024,08118KRSI,"Ludwigsburg, Landkreis",Insgesamt,65 Jahre und mehr,111
2024,08118KRSI,"Ludwigsburg, Landkreis",Insgesamt,Insgesamt,533
2024,08118KRSI,"Ludwigsburg, Landkreis",Insgesamt,unter 15 Jahre,79
2024,08118KRSI,"Ludwigsburg, Landkreis",mit Migrationshintergrund,15 bis unter 25 Jahre,29
2024,08118KRSI,"Ludwigsburg, Landkreis",mit Migrationshintergrund,25 bis unter 35 Jahre,34
2024,08118KRSI,"Ludwigsburg, Landkreis",mit Migrationshintergrund,35 bis unter 45 Jahre,32
2024,08118KRSI,"Ludwigsburg, Landkreis",mit Migrationshintergrund,45 bis unter 55 Jahre,33
2024,08118KRSI,"Ludwigsburg, Landkreis",mit Migrationshintergrund,55 bis unter 65 Jahre,28
2024,08118KRSI,"Ludwigsburg, Landkreis",mit Migrationshintergrund,65 Jahre und mehr,28
2024,08118KRSI,"Ludwigsburg, Landkreis",mit Migrationshintergrund,Insgesamt,226
2024,08118KRSI,"Ludwigsburg, Landkreis",mit Migrationshintergrund,unter 15 Jahre,42
2024,08119KRSI,"Rems-Murr-Kreis, Landkreis",Insgesamt,15 bis unter 25 Jahre,45
2024,08119KRSI,"Rems-Murr-Kreis, Landkreis",Insgesamt,25 bis unter 35 Jahre,57
2024,08119KRSI,"Rems-Murr-Kreis, Landkreis",Insgesamt,35 bis unter 45 Jahre,53
2024,08119KRSI,"Rems-Murr-Kreis, Landkreis",Insgesamt,45 bis unter 55 Jahre,59
2024,08119KRSI,"Rems-Murr-Kreis, Landkreis",Insgesamt,55 bis unter 65 Jahre,67
2024,08119KRSI,"Rems-Murr-Kreis, Landkreis",Insgesamt,65 Jahre und mehr,93
2024,08119KRSI,"Rems-Murr-Kreis, Landkreis",Insgesamt,Insgesamt,443
2024,08119KRSI,"Rems-Murr-Kreis, Landkreis",Insgesamt,unter 15 Jahre,69
2024,08119KRSI,"Rems-Murr-Kreis, Landkreis",mit Migrationshintergrund,15 bis unter 25 Jahre,21
2024,08119KRSI,"Rems-Murr-Kreis, Landkreis",mit Migrationshintergrund,25 bis unter 35 Jahre,24
2024,08119KRSI,"Rems-Murr-Kreis, Landkreis",mit Migrationshintergrund,35 bis unter 45 Jahre,25
2024,08119KRSI,"Rems-Murr-Kreis, Landkreis",mit Migrationshintergrund,45 bis unter 55 Jahre,26
2024,08119KRSI,"Rems-Murr-Kreis, Landkreis",mit Migrationshintergrund,55 bis unter 65 Jahre,17
2024,08119KRSI,"Rems-Murr-Kreis, Landkreis",mit Migrationshintergrund,65 Jahre und mehr,20
2024,08119KRSI,"Rems-Murr-Kreis, Landkreis",mit Migrationshintergrund,Insgesamt,173
2024,08119KRSI,"Rems-Murr-Kreis, Landkreis",mit Migrationshintergrund,unter 15 Jahre,38
2024,08121KRSI,"Heilbronn, Stadtkreis",Insgesamt,15 bis unter 25 Jahre,16
2024,08121KRSI,"Heilbronn, Stadtkreis",Insgesamt,25 bis unter 35 Jahre,22
2024,08121KRSI,"Heilbronn, Stadtkreis",Insgesamt,35 bis unter 45 Jahre,19
2024,08121KRSI,"Heilbronn, Stadtkreis",Insgesamt,45 bis unter 55 Jahre,15
2024,08121KRSI,"Heilbronn, Stadtkreis",Insgesamt,55 bis unter 65 Jahre,17
2024,08121KRSI,"Heilbronn, Stadtkreis",Insgesamt,65 Jahre und mehr,22
2024,08121KRSI,"Heilbronn, Stadtkreis",Insgesamt,Insgesamt,129
2024,08121KRSI,"Heilbronn, Stadtkreis",Insgesamt,unter 15 Jahre,18
2024,08121KRSI,"Heilbronn, Stadtkreis",mit Migrationshintergrund,15 bis unter 25 Jahre,11
2024,08121KRSI,"Heilbronn, Stadtkreis",mit Migrationshintergrund,25 bis unter 35 Jahre,12
2024,08121KRSI,"Heilbronn, Stadtkreis",mit Migrationshintergrund,35 bis unter 45 Jahre,12
2024,08121KRSI,"Heilbronn, Stadtkreis",mit Migrationshintergrund,45 bis unter 55 Jahre,10
2024,08121KRSI,"Heilbronn, Stadtkreis",mit Migrationshintergrund,55 bis unter 65 Jahre,6
2024,08121KRSI,"Heilbronn, Stadtkreis",mit Migrationshintergrund,65 Jahre und mehr,8
2024,08121KRSI,"Heilbronn, Stadtkreis",mit Migrationshintergrund,Insgesamt,73
2024,08121KRSI,"Heilbronn, Stadtkreis",mit Migrationshintergrund,unter 15 Jahre,13
2024,08125KRSI,"Heilbronn, Landkreis",Insgesamt,15 bis unter 25 Jahre,33
2024,08125KRSI,"Heilbronn, Landkreis",Insgesamt,25 bis unter 35 Jahre,47
2024,08125KRSI,"Heilbronn, Landkreis",Insgesamt,35 bis unter 45 Jahre,51
2024,08125KRSI,"Heilbronn, Landkreis",Insgesamt,45 bis unter 55 Jahre,46
2024,08125KRSI,"Heilbronn, Landkreis",Insgesamt,55 bis unter 65 Jahre,53
2024,08125KRSI,"Heilbronn, Landkreis",Insgesamt,65 Jahre und mehr,69
2024,08125KRSI,"Heilbronn, Landkreis",Insgesamt,Insgesamt,352
2024,08125KRSI,"Heilbronn, Landkreis",Insgesamt,unter 15 Jahre,53
2024,08125KRSI,"Heilbronn, Landkreis",mit Migrationshintergrund,15 bis unter 25 Jahre,17
2024,08125KRSI,"Heilbronn, Landkreis",mit Migrationshintergrund,25 bis unter 35 Jahre,17
2024,08125KRSI,"Heilbronn, Landkreis",mit Migrationshintergrund,35 bis unter 45 Jahre,23
2024,08125KRSI,"Heilbronn, Landkreis",mit Migrationshintergrund,45 bis unter 55 Jahre,20
2024,08125KRSI,"Heilbronn, Landkreis",mit Migrationshintergrund,55 bis unter 65 Jahre,15
2024,08125KRSI,"Heilbronn, Landkreis",mit Migrationshintergrund,65 Jahre und mehr,17
2024,08125KRSI,"Heilbronn, Landkreis",mit Migrationshintergrund,Insgesamt,135
2024,08125KRSI,"Heilbronn, Landkreis",mit Migrationshintergrund,unter 15 Jahre,25
2024,08126KRSI,"Hohenlohekreis, Landkreis",Insgesamt,15 bis unter 25 Jahre,14
2024,08126KRSI,"Hohenlohekreis, Landkreis",Insgesamt,25 bis unter 35 Jahre,14
2024,08126KRSI,"Hohenlohekreis, Landkreis",Insgesamt,35 bis unter 45 Jahre,14
2024,08126KRSI,"Hohenlohekreis, Landkreis",Insgesamt,45 bis unter 55 Jahre,14
2024,08126KRSI,"Hohenlohekreis, Landkreis",Insgesamt,55 bis unter 65 Jahre,18
2024,08126KRSI,"Hohenlohekreis, Landkreis",Insgesamt,65 Jahre und mehr,25
2024,08126KRSI,"Hohenlohekreis, Landkreis",Insgesamt,Insgesamt,116
2024,08126KRSI,"Hohenlohekreis, Landkreis",Insgesamt,unter 15 Jahre,16
2024,08126KRSI,"Hohenlohekreis, Landkreis",mit Migrationshintergrund,15 bis unter 25 Jahre,8
2024,08126KRSI,"Hohenlohekreis, Landkreis",mit Migrationshintergrund,25 bis unter 35 Jahre,6
2024,08126KRSI,"Hohenlohekreis, Landkreis",mit Migrationshintergrund,35 bis unter 45 Jahre,8
2024,08126KRSI,"Hohenlohekreis, Landkreis",mit Migrationshintergrund,45 bis unter 55 Jahre,7
2024,08126KRSI,"Hohenlohekreis, Landkreis",mit Migrationshintergrund,55 bis unter 65 Jahre,6
2024,08126KRSI,"Hohenlohekreis, Landkreis",mit Migrationshintergrund,65 Jahre und mehr,6
2024,08126KRSI,"Hohenlohekreis, Landkreis",mit Migrationshintergrund,Insgesamt,51
2024,08126KRSI,"Hohenlohekreis, Landkreis",mit Migrationshintergrund,unter 15 Jahre,10
2024,08127KRSI,"Schwäbisch Hall, Landkreis",Insgesamt,15 bis unter 25 Jahre,21
2024,08127KRSI,"Schwäbisch Hall, Landkreis",Insgesamt,25 bis unter 35 Jahre,26
2024,08127KRSI,"Schwäbisch Hall, Landkreis",Insgesamt,35 bis unter 45 Jahre,29
2024,08127KRSI,"Schwäbisch Hall, Landkreis",Insgesamt,45 bis unter 55 Jahre,26
2024,08127KRSI,"Schwäbisch Hall, Landkreis",Insgesamt,55 bis unter 65 Jahre,27
2024,08127KRSI,"Schwäbisch Hall, Landkreis",Insgesamt,65 Jahre und mehr,37
2024,08127KRSI,"Schwäbisch Hall, Landkreis",Insgesamt,Insgesamt,200
2024,08127KRSI,"Schwäbisch Hall, Landkreis",Insgesamt,unter 15 Jahre,34
2024,08127KRSI,"Schwäbisch Hall, Landkreis",mit Migrationshintergrund,15 bis unter 25 Jahre,7
2024,08127KRSI,"Schwäbisch Hall, Landkreis",mit Migrationshintergrund,25 bis unter 35 Jahre,11
2024,08127KRSI,"Schwäbisch Hall, Landkreis",mit Migrationshintergrund,35 bis unter 45 Jahre,11
2024,08127KRSI,"Schwäbisch Hall, Landkreis",mit Migrationshintergrund,45 bis unter 55 Jahre,11
2024,08127KRSI,"Schwäbisch Hall, Landkreis",mit Migrationshintergrund,55 bis unter 65 Jahre,7
2024,08127KRSI,"Schwäbisch Hall, Landkreis",mit Migrationshintergrund,65 Jahre und mehr,7
2024,08127KRSI,"Schwäbisch Hall, Landkreis",mit Migrationshintergrund,Insgesamt,68
2024,08127KRSI,"Schwäbisch Hall, Landkreis",mit Migrationshintergrund,unter 15 Jahre,13
2024,08128KRSI,"Main-Tauber-Kreis, Landkreis",Insgesamt,15 bis unter 25 Jahre,15
2024,08128KRSI,"Main-Tauber-Kreis, Landkreis",Insgesamt,25 bis unter 35 Jahre,15
2024,08128KRSI,"Main-Tauber-Kreis, Landkreis",Insgesamt,35 bis unter 45 Jahre,19
2024,08128KRSI,"Main-Tauber-Kreis, Landkreis",Insgesamt,45 bis unter 55 Jahre,19
2024,08128KRSI,"Main-Tauber-Kreis, Landkreis",Insgesamt,55 bis unter 65 Jahre,21
2024,08128KRSI,"Main-Tauber-Kreis, Landkreis",Insgesamt,65 Jahre und mehr,26
2024,08128KRSI,"Main-Tauber-Kreis, Landkreis",Insgesamt,Insgesamt,134
2024,08128KRSI,"Main-Tauber-Kreis, Landkreis",Insgesamt,unter 15 Jahre,21
2024,08128KRSI,"Main-Tauber-Kreis, Landkreis",mit Migrationshintergrund,15 bis unter 25 Jahre,/
2024,08128KRSI,"Main-Tauber-Kreis, Landkreis",mit Migrationshintergrund,25 bis unter 35 Jahre,/
2024,08128KRSI,"Main-Tauber-Kreis, Landkreis",mit Migrationshintergrund,35 bis unter 45 Jahre,8
2024,08128KRSI,"Main-Tauber-Kreis, Landkreis",mit Migrationshintergrund,45 bis unter 55 Jahre,/
2024,08128KRSI,"Main-Tauber-Kreis, Landkreis",mit Migrationshintergrund,55 bis unter 65 Jahre,/
2024,08128KRSI,"Main-Tauber-Kreis, Landkreis",mit Migrationshintergrund,65 Jahre und mehr,/
2024,08128KRSI,"Main-Tauber-Kreis, Landkreis",mit Migrationshintergrund,Insgesamt,43
2024,08128KRSI,"Main-Tauber-Kreis, Landkreis",mit Migrationshintergrund,unter 15 Jahre,9
2024,08135KRSI,"Heidenheim, Landkreis",Insgesamt,15 bis unter 25 Jahre,14
2024,08135KRSI,"Heidenheim, Landkreis",Insgesamt,25 bis unter 35 Jahre,17
2024,08135KRSI,"Heidenheim, Landkreis",Insgesamt,35 bis unter 45 Jahre,16
2024,08135KRSI,"Heidenheim, Landkreis",Insgesamt,45 bis unter 55 Jahre,18
2024,08135KRSI,"Heidenheim, Landkreis",Insgesamt,55 bis unter 65 Jahre,22
2024,08135KRSI,"Heidenheim, Landkreis",Insgesamt,65 Jahre und mehr,30
2024,08135KRSI,"Heidenheim, Landkreis",Insgesamt,Insgesamt,136
2024,08135KRSI,"Heidenheim, Landkreis",Insgesamt,unter 15 Jahre,18
2024,08135KRSI,"Heidenheim, Landkreis",mit Migrationshintergrund,15 bis unter 25 Jahre,7
2024,08135KRSI,"Heidenheim, Landkreis",mit Migrationshintergrund,25 bis unter 35 Jahre,/
2024,08135KRSI,"Heidenheim, Landkreis",mit Migrationshintergrund,35 bis unter 45 Jahre,7
2024,08135KRSI,"Heidenheim, Landkreis",mit Migrationshintergrund,45 bis unter 55 Jahre,8
2024,08135KRSI,"Heidenheim, Landkreis",mit Migrationshintergrund,55 bis unter 65 Jahre,/
2024,08135KRSI,"Heidenheim, Landkreis",mit Migrationshintergrund,65 Jahre und mehr,/
2024,08135KRSI,"Heidenheim, Landkreis",mit Migrationshintergrund,Insgesamt,47
2024,08135KRSI,"Heidenheim, Landkreis",mit Migrationshintergrund,unter 15 Jahre,9
2024,08136KRSI,"Ostalbkreis, Landkreis",Insgesamt,15 bis unter 25 Jahre,34
2024,08136KRSI,"Ostalbkreis, Landkreis",Insgesamt,25 bis unter 35 Jahre,37
2024,08136KRSI,"Ostalbkreis, Landkreis",Insgesamt,35 bis unter 45 Jahre,48
2024,08136KRSI,"Ostalbkreis, Landkreis",Insgesamt,45 bis unter 55 Jahre,36
2024,08136KRSI,"Ostalbkreis, Landkreis",Insgesamt,55 bis unter 65 Jahre,46
2024,08136KRSI,"Ostalbkreis, Landkreis",Insgesamt,65 Jahre und mehr,67
2024,08136KRSI,"Ostalbkreis, Landkreis",Insgesamt,Insgesamt,317
2024,08136KRSI,"Ostalbkreis, Landkreis",Insgesamt,unter 15 Jahre,49
2024,08136KRSI,"Ostalbkreis, Landkreis",mit Migrationshintergrund,15 bis unter 25 Jahre,15
2024,08136KRSI,"Ostalbkreis, Landkreis",mit Migrationshintergrund,25 bis unter 35 Jahre,13
2024,08136KRSI,"Ostalbkreis, Landkreis",mit Migrationshintergrund,35 bis unter 45 Jahre,19
2024,08136KRSI,"Ostalbkreis, Landkreis",mit Migrationshintergrund,45 bis unter 55 Jahre,13
2024,08136KRSI,"Ostalbkreis, Landkreis",mit Migrationshintergrund,55 bis unter 65 Jahre,11
2024,08136KRSI,"Ostalbkreis, Landkreis",mit Migrationshintergrund,65 Jahre und mehr,14
2024,08136KRSI,"Ostalbkreis, Landkreis",mit Migrationshintergrund,Insgesamt,107
2024,08136KRSI,"Ostalbkreis, Landkreis",mit Migrationshintergrund,unter 15 Jahre,23
2024,08212KRSI,"Karlsruhe, Stadtkreis",Insgesamt,15 bis unter 25 Jahre,37
2024,08212KRSI,"Karlsruhe, Stadtkreis",Insgesamt,25 bis unter 35 Jahre,52
2024,08212KRSI,"Karlsruhe, Stadtkreis",Insgesamt,35 bis unter 45 Jahre,41
2024,08212KRSI,"Karlsruhe, Stadtkreis",Insgesamt,45 bis unter 55 Jahre,34
2024,08212KRSI,"Karlsruhe, Stadtkreis",Insgesamt,55 bis unter 65 Jahre,45
2024,08212KRSI,"Karlsruhe, Stadtkreis",Insgesamt,65 Jahre und mehr,60
2024,08212KRSI,"Karlsruhe, Stadtkreis",Insgesamt,Insgesamt,308
2024,08212KRSI,"Karlsruhe, Stadtkreis",Insgesamt,unter 15 Jahre,39
2024,08212KRSI,"Karlsruhe, Stadtkreis",mit Migrationshintergrund,15 bis unter 25 Jahre,18
2024,08212KRSI,"Karlsruhe, Stadtkreis",mit Migrationshintergrund,25 bis unter 35 Jahre,19
2024,08212KRSI,"Karlsruhe, Stadtkreis",mit Migrationshintergrund,35 bis unter 45 Jahre,19
2024,08212KRSI,"Karlsruhe, Stadtkreis",mit Migrationshintergrund,45 bis unter 55 Jahre,14
2024,08212KRSI,"Karlsruhe, Stadtkreis",mit Migrationshintergrund,55 bis unter 65 Jahre,15
2024,08212KRSI,"Karlsruhe, Stadtkreis",mit Migrationshintergrund,65 Jahre und mehr,13
2024,08212KRSI,"Karlsruhe, Stadtkreis",mit Migrationshintergrund,Insgesamt,117
2024,08212KRSI,"Karlsruhe, Stadtkreis",mit Migrationshintergrund,unter 15 Jahre,18
2024,08215KRSI,"Karlsruhe, Landkreis",Insgesamt,15 bis unter 25 Jahre,47
2024,08215KRSI,"Karlsruhe, Landkreis",Insgesamt,25 bis unter 35 Jahre,51
2024,08215KRSI,"Karlsruhe, Landkreis",Insgesamt,35 bis unter 45 Jahre,56
2024,08215KRSI,"Karlsruhe, Landkreis",Insgesamt,45 bis unter 55 Jahre,69
2024,08215KRSI,"Karlsruhe, Landkreis",Insgesamt,55 bis unter 65 Jahre,71
2024,08215KRSI,"Karlsruhe, Landkreis",Insgesamt,65 Jahre und mehr,98
2024,08215KRSI,"Karlsruhe, Landkreis",Insgesamt,Insgesamt,455
2024,08215KRSI,"Karlsruhe, Landkreis",Insgesamt,unter 15 Jahre,63
2024,08215KRSI,"Karlsruhe, Landkreis",mit Migrationshintergrund,15 bis unter 25 Jahre,19
2024,08215KRSI,"Karlsruhe, Landkreis",mit Migrationshintergrund,25 bis unter 35 Jahre,21
2024,08215KRSI,"Karlsruhe, Landkreis",mit Migrationshintergrund,35 bis unter 45 Jahre,22
2024,08215KRSI,"Karlsruhe, Landkreis",mit Migrationshintergrund,45 bis unter 55 Jahre,28
2024,08215KRSI,"Karlsruhe, Landkreis",mit Migrationshintergrund,55 bis unter 65 Jahre,16
2024,08215KRSI,"Karlsruhe, Landkreis",mit Migrationshintergrund,65 Jahre und mehr,18
2024,08215KRSI,"Karlsruhe, Landkreis",mit Migrationshintergrund,Insgesamt,151
2024,08215KRSI,"Karlsruhe, Landkreis",mit Migrationshintergrund,unter 15 Jahre,27
2024,08217KRSI,Landkreis Rastatt und Stadtkreis Baden-Baden,Insgesamt,15 bis unter 25 Jahre,29
2024,08217KRSI,Landkreis Rastatt und Stadtkreis Baden-Baden,Insgesamt,25 bis unter 35 Jahre,34
2024,08217KRSI,Landkreis Rastatt und Stadtkreis Baden-Baden,Insgesamt,35 bis unter 45 Jahre,37
2024,08217KRSI,Landkreis Rastatt und Stadtkreis Baden-Baden,Insgesamt,45 bis unter 55 Jahre,35
2024,08217KRSI,Landkreis Rastatt und Stadtkreis Baden-Baden,Insgesamt,55 bis unter 65 Jahre,46
2024,08217KRSI,Landkreis Rastatt und Stadtkreis Baden-Baden,Insgesamt,65 Jahre und mehr,66
2024,08217KRSI,Landkreis Rastatt und Stadtkreis Baden-Baden,Insgesamt,Insgesamt,55
2024,08217KRSI,Landkreis Rastatt und Stadtkreis Baden-Baden,Insgesamt,unter 15 Jahre,39
2024,08217KRSI,Landkreis Rastatt und Stadtkreis Baden-Baden,mit Migrationshintergrund,15 bis unter 25 Jahre,15
2024,08217KRSI,Landkreis Rastatt und Stadtkreis Baden-Baden,mit Migrationshintergrund,25 bis unter 35 Jahre,17
2024,08217KRSI,Landkreis Rastatt und Stadtkreis Baden-Baden,mit Migrationshintergrund,35 bis unter 45 Jahre,18
2024,08217KRSI,Landkreis Rastatt und Stadtkreis Baden-Baden,mit Migrationshintergrund,45 bis unter 55 Jahre,16
2024,08217KRSI,Landkreis Rastatt und Stadtkreis Baden-Baden,mit Migrationshintergrund,55 bis unter 65 Jahre,13
2024,08217KRSI,Landkreis Rastatt und Stadtkreis Baden-Baden,mit Migrationshintergrund,65 Jahre und mehr,16
2024,08217KRSI,Landkreis Rastatt und Stadtkreis Baden-Baden,mit Migrationshintergrund,Insgesamt,115
2024,08217KRSI,Landkreis Rastatt und Stadtkreis Baden-Baden,mit Migrationshintergrund,unter 15 Jahre,21
2024,08221KRSI,"Heidelberg, Stadtkreis",Insgesamt,15 bis unter 25 Jahre,28
2024,08221KRSI,"Heidelberg, Stadtkreis",Insgesamt,25 bis unter 35 Jahre,28
2024,08221KRSI,"Heidelberg, Stadtkreis",Insgesamt,35 bis unter 45 Jahre,22
2024,08221KRSI,"Heidelberg, Stadtkreis",Insgesamt,45 bis unter 55 Jahre,18
2024,08221KRSI,"Heidelberg, Stadtkreis",Insgesamt,55 bis unter 65 Jahre,17
2024,08221KRSI,"Heidelberg, Stadtkreis",Insgesamt,65 Jahre und mehr,20
2024,08221KRSI,"Heidelberg, Stadtkreis",Insgesamt,Insgesamt,153
2024,08221KRSI,"Heidelberg, Stadtkreis",Insgesamt,unter 15 Jahre,21
2024,08221KRSI,"Heidelberg, Stadtkreis",mit Migrationshintergrund,15 bis unter 25 Jahre,12
2024,08221KRSI,"Heidelberg, Stadtkreis",mit Migrationshintergrund,25 bis unter 35 Jahre,14
2024,08221KRSI,"Heidelberg, Stadtkreis",mit Migrationshintergrund,35 bis unter 45 Jahre,13
2024,08221KRSI,"Heidelberg, Stadtkreis",mit Migrationshintergrund,45 bis unter 55 Jahre,9
2024,08221KRSI,"Heidelberg, Stadtkreis",mit Migrationshintergrund,55 bis unter 65 Jahre,/
2024,08221KRSI,"Heidelberg, Stadtkreis",mit Migrationshintergrund,65 Jahre und mehr,6
2024,08221KRSI,"Heidelberg, Stadtkreis",mit Migrationshintergrund,Insgesamt,72
2024,08221KRSI,"Heidelberg, Stadtkreis",mit Migrationshintergrund,unter 15 Jahre,12
2024,08222KRSI,"Mannheim, Stadtkreis",Insgesamt,15 bis unter 25 Jahre,39
2024,08222KRSI,"Mannheim, Stadtkreis",Insgesamt,25 bis unter 35 Jahre,56
2024,08222KRSI,"Mannheim, Stadtkreis",Insgesamt,35 bis unter 45 Jahre,42
2024,08222KRSI,"Mannheim, Stadtkreis",Insgesamt,45 bis unter 55 Jahre,39
2024,08222KRSI,"Mannheim, Stadtkreis",Insgesamt,55 bis unter 65 Jahre,41
2024,08222KRSI,"Mannheim, Stadtkreis",Insgesamt,65 Jahre und mehr,64
2024,08222KRSI,"Mannheim, Stadtkreis",Insgesamt,Insgesamt,318
2024,08222KRSI,"Mannheim, Stadtkreis",Insgesamt,unter 15 Jahre,37
2024,08222KRSI,"Mannheim, Stadtkreis",mit Migrationshintergrund,15 bis unter 25 Jahre,22
2024,08222KRSI,"Mannheim, Stadtkreis",mit Migrationshintergrund,25 bis unter 35 Jahre,28
2024,08222KRSI,"Mannheim, Stadtkreis",mit Migrationshintergrund,35 bis unter 45 Jahre,25
2024,08222KRSI,"Mannheim, Stadtkreis",mit Migrationshintergrund,45 bis unter 55 Jahre,23
2024,08222KRSI,"Mannheim, Stadtkreis",mit Migrationshintergrund,55 bis unter 65 Jahre,15
2024,08222KRSI,"Mannheim, Stadtkreis",mit Migrationshintergrund,65 Jahre und mehr,18
2024,08222KRSI,"Mannheim, Stadtkreis",mit Migrationshintergrund,Insgesamt,154
2024,08222KRSI,"Mannheim, Stadtkreis",mit Migrationshintergrund,unter 15 Jahre,24
2024,08225KRSI,"Neckar-Odenwald-Kreis, Landkreis",Insgesamt,15 bis unter 25 Jahre,13
2024,08225KRSI,"Neckar-Odenwald-Kreis, Landkreis",Insgesamt,25 bis unter 35 Jahre,16
2024,08225KRSI,"Neckar-Odenwald-Kreis, Landkreis",Insgesamt,35 bis unter 45 Jahre,19
2024,08225KRSI,"Neckar-Odenwald-Kreis, Landkreis",Insgesamt,45 bis unter 55 Jahre,19
2024,08225KRSI,"Neckar-Odenwald-Kreis, Landkreis",Insgesamt,55 bis unter 65 Jahre,27
2024,08225KRSI,"Neckar-Odenwald-Kreis, Landkreis",Insgesamt,65 Jahre und mehr,32
2024,08225KRSI,"Neckar-Odenwald-Kreis, Landkreis",Insgesamt,Insgesamt,145
2024,08225KRSI,"Neckar-Odenwald-Kreis, Landkreis",Insgesamt,unter 15 Jahre,20
2024,08225KRSI,"Neckar-Odenwald-Kreis, Landkreis",mit Migrationshintergrund,15 bis unter 25 Jahre,/
2024,08225KRSI,"Neckar-Odenwald-Kreis, Landkreis",mit Migrationshintergrund,25 bis unter 35 Jahre,/
2024,08225KRSI,"Neckar-Odenwald-Kreis, Landkreis",mit Migrationshintergrund,35 bis unter 45 Jahre,7
2024,08225KRSI,"Neckar-Odenwald-Kreis, Landkreis",mit Migrationshintergrund,45 bis unter 55 Jahre,/
2024,08225KRSI,"Neckar-Odenwald-Kreis, Landkreis",mit Migrationshintergrund,55 bis unter 65 Jahre,/
2024,08225KRSI,"Neckar-Odenwald-Kreis, Landkreis",mit Migrationshintergrund,65 Jahre und mehr,7
2024,08225KRSI,"Neckar-Odenwald-Kreis, Landkreis",mit Migrationshintergrund,Insgesamt,42
2024,08225KRSI,"Neckar-Odenwald-Kreis, Landkreis",mit Migrationshintergrund,unter 15 Jahre,9
2024,08226KRSI,"Rhein-Neckar-Kreis, Landkreis",Insgesamt,15 bis unter 25 Jahre,52
2024,08226KRSI,"Rhein-Neckar-Kreis, Landkreis",Insgesamt,25 bis unter 35 Jahre,62
2024,08226KRSI,"Rhein-Neckar-Kreis, Landkreis",Insgesamt,35 bis unter 45 Jahre,76
2024,08226KRSI,"Rhein-Neckar-Kreis, Landkreis",Insgesamt,45 bis unter 55 Jahre,69
2024,08226KRSI,"Rhein-Neckar-Kreis, Landkreis",Insgesamt,55 bis unter 65 Jahre,90
2024,08226KRSI,"Rhein-Neckar-Kreis, Landkreis",Insgesamt,65 Jahre und mehr,117
2024,08226KRSI,"Rhein-Neckar-Kreis, Landkreis",Insgesamt,Insgesamt,557
2024,08226KRSI,"Rhein-Neckar-Kreis, Landkreis",Insgesamt,unter 15 Jahre,90
2024,08226KRSI,"Rhein-Neckar-Kreis, Landkreis",mit Migrationshintergrund,15 bis unter 25 Jahre,24
2024,08226KRSI,"Rhein-Neckar-Kreis, Landkreis",mit Migrationshintergrund,25 bis unter 35 Jahre,28
2024,08226KRSI,"Rhein-Neckar-Kreis, Landkreis",mit Migrationshintergrund,35 bis unter 45 Jahre,31
2024,08226KRSI,"Rhein-Neckar-Kreis, Landkreis",mit Migrationshintergrund,45 bis unter 55 Jahre,27
2024,08226KRSI,"Rhein-Neckar-Kreis, Landkreis",mit Migrationshintergrund,55 bis unter 65 Jahre,22
2024,08226KRSI,"Rhein-Neckar-Kreis, Landkreis",mit Migrationshintergrund,65 Jahre und mehr,23
2024,08226KRSI,"Rhein-Neckar-Kreis, Landkreis",mit Migrationshintergrund,Insgesamt,198
2024,08226KRSI,"Rhein-Neckar-Kreis, Landkreis",mit Migrationshintergrund,unter 15 Jahre,42
2024,08231KRSI,"Pforzheim, Stadtkreis",Insgesamt,15 bis unter 25 Jahre,12
2024,08231KRSI,"Pforzheim, Stadtkreis",Insgesamt,25 bis unter 35 Jahre,21
2024,08231KRSI,"Pforzheim, Stadtkreis",Insgesamt,35 bis unter 45 Jahre,17
2024,08231KRSI,"Pforzheim, Stadtkreis",Insgesamt,45 bis unter 55 Jahre,17
2024,08231KRSI,"Pforzheim, Stadtkreis",Insgesamt,55 bis unter 65 Jahre,17
2024,08231KRSI,"Pforzheim, Stadtkreis",Insgesamt,65 Jahre und mehr,29
2024,08231KRSI,"Pforzheim, Stadtkreis",Insgesamt,Insgesamt,134
2024,08231KRSI,"Pforzheim, Stadtkreis",Insgesamt,unter 15 Jahre,20
2024,08231KRSI,"Pforzheim, Stadtkreis",mit Migrationshintergrund,15 bis unter 25 Jahre,9
2024,08231KRSI,"Pforzheim, Stadtkreis",mit Migrationshintergrund,25 bis unter 35 Jahre,13
2024,08231KRSI,"Pforzheim, Stadtkreis",mit Migrationshintergrund,35 bis unter 45 Jahre,12
2024,08231KRSI,"Pforzheim, Stadtkreis",mit Migrationshintergrund,45 bis unter 55 Jahre,11
2024,08231KRSI,"Pforzheim, Stadtkreis",mit Migrationshintergrund,55 bis unter 65 Jahre,9
2024,08231KRSI,"Pforzheim, Stadtkreis",mit Migrationshintergrund,65 Jahre und mehr,10
2024,08231KRSI,"Pforzheim, Stadtkreis",mit Migrationshintergrund,Insgesamt,80
2024,08231KRSI,"Pforzheim, Stadtkreis",mit Migrationshintergrund,unter 15 Jahre,16
2024,08235KRSI,"Calw, Landkreis",Insgesamt,15 bis unter 25 Jahre,17
2024,08235KRSI,"Calw, Landkreis",Insgesamt,25 bis unter 35 Jahre,19
2024,08235KRSI,"Calw, Landkreis",Insgesamt,35 bis unter 45 Jahre,20
2024,08235KRSI,"Calw, Landkreis",Insgesamt,45 bis unter 55 Jahre,19
2024,08235KRSI,"Calw, Landkreis",Insgesamt,55 bis unter 65 Jahre,29
2024,08235KRSI,"Calw, Landkreis",Insgesamt,65 Jahre und mehr,32
2024,08235KRSI,"Calw, Landkreis",Insgesamt,Insgesamt,157
2024,08235KRSI,"Calw, Landkreis",Insgesamt,unter 15 Jahre,20
2024,08235KRSI,"Calw, Landkreis",mit Migrationshintergrund,15 bis unter 25 Jahre,9
2024,08235KRSI,"Calw, Landkreis",mit Migrationshintergrund,25 bis unter 35 Jahre,9
2024,08235KRSI,"Calw, Landkreis",mit Migrationshintergrund,35 bis unter 45 Jahre,9
2024,08235KRSI,"Calw, Landkreis",mit Migrationshintergrund,45 bis unter 55 Jahre,9
2024,08235KRSI,"Calw, Landkreis",mit Migrationshintergrund,55 bis unter 65 Jahre,8
2024,08235KRSI,"Calw, Landkreis",mit Migrationshintergrund,65 Jahre und mehr,7
2024,08235KRSI,"Calw, Landkreis",mit Migrationshintergrund,Insgesamt,61
2024,08235KRSI,"Calw, Landkreis",mit Migrationshintergrund,unter 15 Jahre,9
2024,08236KRSI,"Enzkreis, Landkreis",Insgesamt,15 bis unter 25 Jahre,20
2024,08236KRSI,"Enzkreis, Landkreis",Insgesamt,25 bis unter 35 Jahre,22
2024,08236KRSI,"Enzkreis, Landkreis",Insgesamt,35 bis unter 45 Jahre,24
2024,08236KRSI,"Enzkreis, Landkreis",Insgesamt,45 bis unter 55 Jahre,27
2024,08236KRSI,"Enzkreis, Landkreis",Insgesamt,55 bis unter 65 Jahre,34
2024,08236KRSI,"Enzkreis, Landkreis",Insgesamt,65 Jahre und mehr,42
2024,08236KRSI,"Enzkreis, Landkreis",Insgesamt,Insgesamt,201
2024,08236KRSI,"Enzkreis, Landkreis",Insgesamt,unter 15 Jahre,31
2024,08236KRSI,"Enzkreis, Landkreis",mit Migrationshintergrund,15 bis unter 25 Jahre,10
2024,08236KRSI,"Enzkreis, Landkreis",mit Migrationshintergrund,25 bis unter 35 Jahre,9
2024,08236KRSI,"Enzkreis, Landkreis",mit Migrationshintergrund,35 bis unter 45 Jahre,10
2024,08236KRSI,"Enzkreis, Landkreis",mit Migrationshintergrund,45 bis unter 55 Jahre,12
2024,08236KRSI,"Enzkreis, Landkreis",mit Migrationshintergrund,55 bis unter 65 Jahre,7
2024,08236KRSI,"Enzkreis, Landkreis",mit Migrationshintergrund,65 Jahre und mehr,7
2024,08236KRSI,"Enzkreis, Landkreis",mit Migrationshintergrund,Insgesamt,70
2024,08236KRSI,"Enzkreis, Landkreis",mit Migrationshintergrund,unter 15 Jahre,14
2024,08237KRSI,"Freudenstadt, Landkreis",Insgesamt,15 bis unter 25 Jahre,12
2024,08237KRSI,"Freudenstadt, Landkreis",Insgesamt,25 bis unter 35 Jahre,15
2024,08237KRSI,"Freudenstadt, Landkreis",Insgesamt,35 bis unter 45 Jahre,15
2024,08237KRSI,"Freudenstadt, Landkreis",Insgesamt,45 bis unter 55 Jahre,16
2024,08237KRSI,"Freudenstadt, Landkreis",Insgesamt,55 bis unter 65 Jahre,20
2024,08237KRSI,"Freudenstadt, Landkreis",Insgesamt,65 Jahre und mehr,22
2024,08237KRSI,"Freudenstadt, Landkreis",Insgesamt,Insgesamt,122
2024,08237KRSI,"Freudenstadt, Landkreis",Insgesamt,unter 15 Jahre,22
2024,08237KRSI,"Freudenstadt, Landkreis",mit Migrationshintergrund,15 bis unter 25 Jahre,/
2024,08237KRSI,"Freudenstadt, Landkreis",mit Migrationshintergrund,25 bis unter 35 Jahre,/
2024,08237KRSI,"Freudenstadt, Landkreis",mit Migrationshintergrund,35 bis unter 45 Jahre,7
2024,08237KRSI,"Freudenstadt, Landkreis",mit Migrationshintergrund,45 bis unter 55 Jahre,7
2024,08237KRSI,"Freudenstadt, Landkreis",mit Migrationshintergrund,55 bis unter 65 Jahre,/
2024,08237KRSI,"Freudenstadt, Landkreis",mit Migrationshintergrund,65 Jahre und mehr,/
2024,08237KRSI,"Freudenstadt, Landkreis",mit Migrationshintergrund,Insgesamt,42
2024,08237KRSI,"Freudenstadt, Landkreis",mit Migrationshintergrund,unter 15 Jahre,10
2024,08311KRSI,"Freiburg im Breisgau, Stadtkreis",Insgesamt,15 bis unter 25 Jahre,38
2024,08311KRSI,"Freiburg im Breisgau, Stadtkreis",Insgesamt,25 bis unter 35 Jahre,42
2024,08311KRSI,"Freiburg im Breisgau, Stadtkreis",Insgesamt,35 bis unter 45 Jahre,31
2024,08311KRSI,"Freiburg im Breisgau, Stadtkreis",Insgesamt,45 bis unter 55 Jahre,25
2024,08311KRSI,"Freiburg im Breisgau, Stadtkreis",Insgesamt,55 bis unter 65 Jahre,29
2024,08311KRSI,"Freiburg im Breisgau, Stadtkreis",Insgesamt,65 Jahre und mehr,37
2024,08311KRSI,"Freiburg im Breisgau, Stadtkreis",Insgesamt,Insgesamt,237
2024,08311KRSI,"Freiburg im Breisgau, Stadtkreis",Insgesamt,unter 15 Jahre,33
2024,08311KRSI,"Freiburg im Breisgau, Stadtkreis",mit Migrationshintergrund,15 bis unter 25 Jahre,16
2024,08311KRSI,"Freiburg im Breisgau, Stadtkreis",mit Migrationshintergrund,25 bis unter 35 Jahre,16
2024,08311KRSI,"Freiburg im Breisgau, Stadtkreis",mit Migrationshintergrund,35 bis unter 45 Jahre,14
2024,08311KRSI,"Freiburg im Breisgau, Stadtkreis",mit Migrationshintergrund,45 bis unter 55 Jahre,11
2024,08311KRSI,"Freiburg im Breisgau, Stadtkreis",mit Migrationshintergrund,55 bis unter 65 Jahre,9
2024,08311KRSI,"Freiburg im Breisgau, Stadtkreis",mit Migrationshintergrund,65 Jahre und mehr,9
2024,08311KRSI,"Freiburg im Breisgau, Stadtkreis",mit Migrationshintergrund,Insgesamt,91
2024,08311KRSI,"Freiburg im Breisgau, Stadtkreis",mit Migrationshintergrund,unter 15 Jahre,15
2024,08315KRSI,"Breisgau-Hochschwarzwald, Landkreis",Insgesamt,15 bis unter 25 Jahre,27
2024,08315KRSI,"Breisgau-Hochschwarzwald, Landkreis",Insgesamt,25 bis unter 35 Jahre,29
2024,08315KRSI,"Breisgau-Hochschwarzwald, Landkreis",Insgesamt,35 bis unter 45 Jahre,35
2024,08315KRSI,"Breisgau-Hochschwarzwald, Landkreis",Insgesamt,45 bis unter 55 Jahre,31
2024,08315KRSI,"Breisgau-Hochschwarzwald, Landkreis",Insgesamt,55 bis unter 65 Jahre,41
2024,08315KRSI,"Breisgau-Hochschwarzwald, Landkreis",Insgesamt,65 Jahre und mehr,62
2024,08315KRSI,"Breisgau-Hochschwarzwald, Landkreis",Insgesamt,Insgesamt,270
2024,08315KRSI,"Breisgau-Hochschwarzwald, Landkreis",Insgesamt,unter 15 Jahre,45
2024,08315KRSI,"Breisgau-Hochschwarzwald, Landkreis",mit Migrationshintergrund,15 bis unter 25 Jahre,10
2024,08315KRSI,"Breisgau-Hochschwarzwald, Landkreis",mit Migrationshintergrund,25 bis unter 35 Jahre,11
2024,08315KRSI,"Breisgau-Hochschwarzwald, Landkreis",mit Migrationshintergrund,35 bis unter 45 Jahre,13
2024,08315KRSI,"Breisgau-Hochschwarzwald, Landkreis",mit Migrationshintergrund,45 bis unter 55 Jahre,10
2024,08315KRSI,"Breisgau-Hochschwarzwald, Landkreis",mit Migrationshintergrund,55 bis unter 65 Jahre,7
2024,08315KRSI,"Breisgau-Hochschwarzwald, Landkreis",mit Migrationshintergrund,65 Jahre und mehr,8
2024,08315KRSI,"Breisgau-Hochschwarzwald, Landkreis",mit Migrationshintergrund,Insgesamt,78
2024,08315KRSI,"Breisgau-Hochschwarzwald, Landkreis",mit Migrationshintergrund,unter 15 Jahre,20
2024,08316KRSI,"Emmendingen, Landkreis",Insgesamt,15 bis unter 25 Jahre,17
2024,08316KRSI,"Emmendingen, Landkreis",Insgesamt,25 bis unter 35 Jahre,18
2024,08316KRSI,"Emmendingen, Landkreis",Insgesamt,35 bis unter 45 Jahre,23
2024,08316KRSI,"Emmendingen, Landkreis",Insgesamt,45 bis unter 55 Jahre,22
2024,08316KRSI,"Emmendingen, Landkreis",Insgesamt,55 bis unter 65 Jahre,26
2024,08316KRSI,"Emmendingen, Landkreis",Insgesamt,65 Jahre und mehr,36
2024,08316KRSI,"Emmendingen, Landkreis",Insgesamt,Insgesamt,168
2024,08316KRSI,"Emmendingen, Landkreis",Insgesamt,unter 15 Jahre,26
2024,08316KRSI,"Emmendingen, Landkreis",mit Migrationshintergrund,15 bis unter 25 Jahre,/
2024,08316KRSI,"Emmendingen, Landkreis",mit Migrationshintergrund,25 bis unter 35 Jahre,7
2024,08316KRSI,"Emmendingen, Landkreis",mit Migrationshintergrund,35 bis unter 45 Jahre,9
2024,08316KRSI,"Emmendingen, Landkreis",mit Migrationshintergrund,45 bis unter 55 Jahre,8
2024,08316KRSI,"Emmendingen, Landkreis",mit Migrationshintergrund,55 bis unter 65 Jahre,/
2024,08316KRSI,"Emmendingen, Landkreis",mit Migrationshintergrund,65 Jahre und mehr,/
2024,08316KRSI,"Emmendingen, Landkreis",mit Migrationshintergrund,Insgesamt,50
2024,08316KRSI,"Emmendingen, Landkreis",mit Migrationshintergrund,unter 15 Jahre,11
2024,08317KRSI,"Ortenaukreis, Landkreis",Insgesamt,15 bis unter 25 Jahre,46
2024,08317KRSI,"Ortenaukreis, Landkreis",Insgesamt,25 bis unter 35 Jahre,55
2024,08317KRSI,"Ortenaukreis, Landkreis",Insgesamt,35 bis unter 45 Jahre,57
2024,08317KRSI,"Ortenaukreis, Landkreis",Insgesamt,45 bis unter 55 Jahre,54
2024,08317KRSI,"Ortenaukreis, Landkreis",Insgesamt,55 bis unter 65 Jahre,71
2024,08317KRSI,"Ortenaukreis, Landkreis",Insgesamt,65 Jahre und mehr,93
2024,08317KRSI,"Ortenaukreis, Landkreis",Insgesamt,Insgesamt,441
2024,08317KRSI,"Ortenaukreis, Landkreis",Insgesamt,unter 15 Jahre,66
2024,08317KRSI,"Ortenaukreis, Landkreis",mit Migrationshintergrund,15 bis unter 25 Jahre,21
2024,08317KRSI,"Ortenaukreis, Landkreis",mit Migrationshintergrund,25 bis unter 35 Jahre,19
2024,08317KRSI,"Ortenaukreis, Landkreis",mit Migrationshintergrund,35 bis unter 45 Jahre,24
2024,08317KRSI,"Ortenaukreis, Landkreis",mit Migrationshintergrund,45 bis unter 55 Jahre,20
2024,08317KRSI,"Ortenaukreis, Landkreis",mit Migrationshintergrund,55 bis unter 65 Jahre,19
2024,08317KRSI,"Ortenaukreis, Landkreis",mit Migrationshintergrund,65 Jahre und mehr,15
2024,08317KRSI,"Ortenaukreis, Landkreis",mit Migrationshintergrund,Insgesamt,147
2024,08317KRSI,"Ortenaukreis, Landkreis",mit Migrationshintergrund,unter 15 Jahre,30
2024,08325KRSI,"Rottweil, Landkreis",Insgesamt,15 bis unter 25 Jahre,15
2024,08325KRSI,"Rottweil, Landkreis",Insgesamt,25 bis unter 35 Jahre,13
2024,08325KRSI,"Rottweil, Landkreis",Insgesamt,35 bis unter 45 Jahre,17
2024,08325KRSI,"Rottweil, Landkreis",Insgesamt,45 bis unter 55 Jahre,18
2024,08325KRSI,"Rottweil, Landkreis",Insgesamt,55 bis unter 65 Jahre,24
2024,08325KRSI,"Rottweil, Landkreis",Insgesamt,65 Jahre und mehr,31
2024,08325KRSI,"Rottweil, Landkreis",Insgesamt,Insgesamt,140
2024,08325KRSI,"Rottweil, Landkreis",Insgesamt,unter 15 Jahre,22
2024,08325KRSI,"Rottweil, Landkreis",mit Migrationshintergrund,15 bis unter 25 Jahre,/
2024,08325KRSI,"Rottweil, Landkreis",mit Migrationshintergrund,25 bis unter 35 Jahre,/
2024,08325KRSI,"Rottweil, Landkreis",mit Migrationshintergrund,35 bis unter 45 Jahre,7
2024,08325KRSI,"Rottweil, Landkreis",mit Migrationshintergrund,45 bis unter 55 Jahre,7
2024,08325KRSI,"Rottweil, Landkreis",mit Migrationshintergrund,55 bis unter 65 Jahre,6
2024,08325KRSI,"Rottweil, Landkreis",mit Migrationshintergrund,65 Jahre und mehr,/
2024,08325KRSI,"Rottweil, Landkreis",mit Migrationshintergrund,Insgesamt,48
2024,08325KRSI,"Rottweil, Landkreis",mit Migrationshintergrund,unter 15 Jahre,12
2024,08326KRSI,"Schwarzwald-Baar-Kreis, Landkreis",Insgesamt,15 bis unter 25 Jahre,23
2024,08326KRSI,"Schwarzwald-Baar-Kreis, Landkreis",Insgesamt,25 bis unter 35 Jahre,27
2024,08326KRSI,"Schwarzwald-Baar-Kreis, Landkreis",Insgesamt,35 bis unter 45 Jahre,28
2024,08326KRSI,"Schwarzwald-Baar-Kreis, Landkreis",Insgesamt,45 bis unter 55 Jahre,24
2024,08326KRSI,"Schwarzwald-Baar-Kreis, Landkreis",Insgesamt,55 bis unter 65 Jahre,31
2024,08326KRSI,"Schwarzwald-Baar-Kreis, Landkreis",Insgesamt,65 Jahre und mehr,48
2024,08326KRSI,"Schwarzwald-Baar-Kreis, Landkreis",Insgesamt,Insgesamt,214
2024,08326KRSI,"Schwarzwald-Baar-Kreis, Landkreis",Insgesamt,unter 15 Jahre,33
2024,08326KRSI,"Schwarzwald-Baar-Kreis, Landkreis",mit Migrationshintergrund,15 bis unter 25 Jahre,12
2024,08326KRSI,"Schwarzwald-Baar-Kreis, Landkreis",mit Migrationshintergrund,25 bis unter 35 Jahre,12
2024,08326KRSI,"Schwarzwald-Baar-Kreis, Landkreis",mit Migrationshintergrund,35 bis unter 45 Jahre,15
2024,08326KRSI,"Schwarzwald-Baar-Kreis, Landkreis",mit Migrationshintergrund,45 bis unter 55 Jahre,12
2024,08326KRSI,"Schwarzwald-Baar-Kreis, Landkreis",mit Migrationshintergrund,55 bis unter 65 Jahre,8
2024,08326KRSI,"Schwarzwald-Baar-Kreis, Landkreis",mit Migrationshintergrund,65 Jahre und mehr,10
2024,08326KRSI,"Schwarzwald-Baar-Kreis, Landkreis",mit Migrationshintergrund,Insgesamt,87
2024,08326KRSI,"Schwarzwald-Baar-Kreis, Landkreis",mit Migrationshintergrund,unter 15 Jahre,18
2024,08327KRSI,"Tuttlingen, Landkreis",Insgesamt,15 bis unter 25 Jahre,17
2024,08327KRSI,"Tuttlingen, Landkreis",Insgesamt,25 bis unter 35 Jahre,16
2024,08327KRSI,"Tuttlingen, Landkreis",Insgesamt,35 bis unter 45 Jahre,21
2024,08327KRSI,"Tuttlingen, Landkreis",Insgesamt,45 bis unter 55 Jahre,16
2024,08327KRSI,"Tuttlingen, Landkreis",Insgesamt,55 bis unter 65 Jahre,23
2024,08327KRSI,"Tuttlingen, Landkreis",Insgesamt,65 Jahre und mehr,28
2024,08327KRSI,"Tuttlingen, Landkreis",Insgesamt,Insgesamt,144
2024,08327KRSI,"Tuttlingen, Landkreis",Insgesamt,unter 15 Jahre,22
2024,08327KRSI,"Tuttlingen, Landkreis",mit Migrationshintergrund,15 bis unter 25 Jahre,10
2024,08327KRSI,"Tuttlingen, Landkreis",mit Migrationshintergrund,25 bis unter 35 Jahre,7
2024,08327KRSI,"Tuttlingen, Landkreis",mit Migrationshintergrund,35 bis unter 45 Jahre,11
2024,08327KRSI,"Tuttlingen, Landkreis",mit Migrationshintergrund,45 bis unter 55 Jahre,8
2024,08327KRSI,"Tuttlingen, Landkreis",mit Migrationshintergrund,55 bis unter 65 Jahre,6
2024,08327KRSI,"Tuttlingen, Landkreis",mit Migrationshintergrund,65 Jahre und mehr,9
2024,08327KRSI,"Tuttlingen, Landkreis",mit Migrationshintergrund,Insgesamt,65
2024,08327KRSI,"Tuttlingen, Landkreis",mit Migrationshintergrund,unter 15 Jahre,14
2024,08335KRSI,"Konstanz, Landkreis",Insgesamt,15 bis unter 25 Jahre,41
2024,08335KRSI,"Konstanz, Landkreis",Insgesamt,25 bis unter 35 Jahre,34
2024,08335KRSI,"Konstanz, Landkreis",Insgesamt,35 bis unter 45 Jahre,34
2024,08335KRSI,"Konstanz, Landkreis",Insgesamt,45 bis unter 55 Jahre,36
2024,08335KRSI,"Konstanz, Landkreis",Insgesamt,55 bis unter 65 Jahre,43
2024,08335KRSI,"Konstanz, Landkreis",Insgesamt,65 Jahre und mehr,61
2024,08335KRSI,"Konstanz, Landkreis",Insgesamt,Insgesamt,290
2024,08335KRSI,"Konstanz, Landkreis",Insgesamt,unter 15 Jahre,41
2024,08335KRSI,"Konstanz, Landkreis",mit Migrationshintergrund,15 bis unter 25 Jahre,15
2024,08335KRSI,"Konstanz, Landkreis",mit Migrationshintergrund,25 bis unter 35 Jahre,17
2024,08335KRSI,"Konstanz, Landkreis",mit Migrationshintergrund,35 bis unter 45 Jahre,15
2024,08335KRSI,"Konstanz, Landkreis",mit Migrationshintergrund,45 bis unter 55 Jahre,14
2024,08335KRSI,"Konstanz, Landkreis",mit Migrationshintergrund,55 bis unter 65 Jahre,11
2024,08335KRSI,"Konstanz, Landkreis",mit Migrationshintergrund,65 Jahre und mehr,16
2024,08335KRSI,"Konstanz, Landkreis",mit Migrationshintergrund,Insgesamt,108
2024,08335KRSI,"Konstanz, Landkreis",mit Migrationshintergrund,unter 15 Jahre,20
2024,08336KRSI,"Lörrach, Landkreis",Insgesamt,15 bis unter 25 Jahre,24
2024,08336KRSI,"Lörrach, Landkreis",Insgesamt,25 bis unter 35 Jahre,29
2024,08336KRSI,"Lörrach, Landkreis",Insgesamt,35 bis unter 45 Jahre,31
2024,08336KRSI,"Lörrach, Landkreis",Insgesamt,45 bis unter 55 Jahre,31
2024,08336KRSI,"Lörrach, Landkreis",Insgesamt,55 bis unter 65 Jahre,40
2024,08336KRSI,"Lörrach, Landkreis",Insgesamt,65 Jahre und mehr,51
2024,08336KRSI,"Lörrach, Landkreis",Insgesamt,Insgesamt,238
2024,08336KRSI,"Lörrach, Landkreis",Insgesamt,unter 15 Jahre,33
2024,08336KRSI,"Lörrach, Landkreis",mit Migrationshintergrund,15 bis unter 25 Jahre,13
2024,08336KRSI,"Lörrach, Landkreis",mit Migrationshintergrund,25 bis unter 35 Jahre,14
2024,08336KRSI,"Lörrach, Landkreis",mit Migrationshintergrund,35 bis unter 45 Jahre,14
2024,08336KRSI,"Lörrach, Landkreis",mit Migrationshintergrund,45 bis unter 55 Jahre,15
2024,08336KRSI,"Lörrach, Landkreis",mit Migrationshintergrund,55 bis unter 65 Jahre,10
2024,08336KRSI,"Lörrach, Landkreis",mit Migrationshintergrund,65 Jahre und mehr,12
2024,08336KRSI,"Lörrach, Landkreis",mit Migrationshintergrund,Insgesamt,96
2024,08336KRSI,"Lörrach, Landkreis",mit Migrationshintergrund,unter 15 Jahre,18
2024,08337KRSI,"Waldshut, Landkreis",Insgesamt,15 bis unter 25 Jahre,16
2024,08337KRSI,"Waldshut, Landkreis",Insgesamt,25 bis unter 35 Jahre,19
2024,08337KRSI,"Waldshut, Landkreis",Insgesamt,35 bis unter 45 Jahre,21
2024,08337KRSI,"Waldshut, Landkreis",Insgesamt,45 bis unter 55 Jahre,22
2024,08337KRSI,"Waldshut, Landkreis",Insgesamt,55 bis unter 65 Jahre,22
2024,08337KRSI,"Waldshut, Landkreis",Insgesamt,65 Jahre und mehr,44
2024,08337KRSI,"Waldshut, Landkreis",Insgesamt,Insgesamt,171
2024,08337KRSI,"Waldshut, Landkreis",Insgesamt,unter 15 Jahre,27
2024,08337KRSI,"Waldshut, Landkreis",mit Migrationshintergrund,15 bis unter 25 Jahre,7
2024,08337KRSI,"Waldshut, Landkreis",mit Migrationshintergrund,25 bis unter 35 Jahre,7
2024,08337KRSI,"Waldshut, Landkreis",mit Migrationshintergrund,35 bis unter 45 Jahre,9
2024,08337KRSI,"Waldshut, Landkreis",mit Migrationshintergrund,45 bis unter 55 Jahre,9
2024,08337KRSI,"Waldshut, Landkreis",mit Migrationshintergrund,55 bis unter 65 Jahre,/
2024,08337KRSI,"Waldshut, Landkreis",mit Migrationshintergrund,65 Jahre und mehr,9
2024,08337KRSI,"Waldshut, Landkreis",mit Migrationshintergrund,Insgesamt,58
2024,08337KRSI,"Waldshut, Landkreis",mit Migrationshintergrund,unter 15 Jahre,12
2024,08415KRSI,"Reutlingen, Landkreis",Insgesamt,15 bis unter 25 Jahre,31
2024,08415KRSI,"Reutlingen, Landkreis",Insgesamt,25 bis unter 35 Jahre,35
2024,08415KRSI,"Reutlingen, Landkreis",Insgesamt,35 bis unter 45 Jahre,36
2024,08415KRSI,"Reutlingen, Landkreis",Insgesamt,45 bis unter 55 Jahre,37
2024,08415KRSI,"Reutlingen, Landkreis",Insgesamt,55 bis unter 65 Jahre,43
2024,08415KRSI,"Reutlingen, Landkreis",Insgesamt,65 Jahre und mehr,58
2024,08415KRSI,"Reutlingen, Landkreis",Insgesamt,Insgesamt,286
2024,08415KRSI,"Reutlingen, Landkreis",Insgesamt,unter 15 Jahre,46
2024,08415KRSI,"Reutlingen, Landkreis",mit Migrationshintergrund,15 bis unter 25 Jahre,14
2024,08415KRSI,"Reutlingen, Landkreis",mit Migrationshintergrund,25 bis unter 35 Jahre,16
2024,08415KRSI,"Reutlingen, Landkreis",mit Migrationshintergrund,35 bis unter 45 Jahre,15
2024,08415KRSI,"Reutlingen, Landkreis",mit Migrationshintergrund,45 bis unter 55 Jahre,16
2024,08415KRSI,"Reutlingen, Landkreis",mit Migrationshintergrund,55 bis unter 65 Jahre,11
2024,08415KRSI,"Reutlingen, Landkreis",mit Migrationshintergrund,65 Jahre und mehr,16
2024,08415KRSI,"Reutlingen, Landkreis",mit Migrationshintergrund,Insgesamt,114
2024,08415KRSI,"Reutlingen, Landkreis",mit Migrationshintergrund,unter 15 Jahre,25
2024,08416KRSI,"Tübingen, Landkreis",Insgesamt,15 bis unter 25 Jahre,31
2024,08416KRSI,"Tübingen, Landkreis",Insgesamt,25 bis unter 35 Jahre,40
2024,08416KRSI,"Tübingen, Landkreis",Insgesamt,35 bis unter 45 Jahre,28
2024,08416KRSI,"Tübingen, Landkreis",Insgesamt,45 bis unter 55 Jahre,22
2024,08416KRSI,"Tübingen, Landkreis",Insgesamt,55 bis unter 65 Jahre,39
2024,08416KRSI,"Tübingen, Landkreis",Insgesamt,65 Jahre und mehr,41
2024,08416KRSI,"Tübingen, Landkreis",Insgesamt,Insgesamt,233
2024,08416KRSI,"Tübingen, Landkreis",Insgesamt,unter 15 Jahre,33
2024,08416KRSI,"Tübingen, Landkreis",mit Migrationshintergrund,15 bis unter 25 Jahre,11
2024,08416KRSI,"Tübingen, Landkreis",mit Migrationshintergrund,25 bis unter 35 Jahre,13
2024,08416KRSI,"Tübingen, Landkreis",mit Migrationshintergrund,35 bis unter 45 Jahre,10
2024,08416KRSI,"Tübingen, Landkreis",mit Migrationshintergrund,45 bis unter 55 Jahre,8
2024,08416KRSI,"Tübingen, Landkreis",mit Migrationshintergrund,55 bis unter 65 Jahre,10
2024,08416KRSI,"Tübingen, Landkreis",mit Migrationshintergrund,65 Jahre und mehr,7
2024,08416KRSI,"Tübingen, Landkreis",mit Migrationshintergrund,Insgesamt,74
2024,08416KRSI,"Tübingen, Landkreis",mit Migrationshintergrund,unter 15 Jahre,15
2024,08417KRSI,"Zollernalbkreis, Landkreis",Insgesamt,15 bis unter 25 Jahre,20
2024,08417KRSI,"Zollernalbkreis, Landkreis",Insgesamt,25 bis unter 35 Jahre,20
2024,08417KRSI,"Zollernalbkreis, Landkreis",Insgesamt,35 bis unter 45 Jahre,26
2024,08417KRSI,"Zollernalbkreis, Landkreis",Insgesamt,45 bis unter 55 Jahre,23
2024,08417KRSI,"Zollernalbkreis, Landkreis",Insgesamt,55 bis unter 65 Jahre,32
2024,08417KRSI,"Zollernalbkreis, Landkreis",Insgesamt,65 Jahre und mehr,43
2024,08417KRSI,"Zollernalbkreis, Landkreis",Insgesamt,Insgesamt,195
2024,08417KRSI,"Zollernalbkreis, Landkreis",Insgesamt,unter 15 Jahre,31
2024,08417KRSI,"Zollernalbkreis, Landkreis",mit Migrationshintergrund,15 bis unter 25 Jahre,11
2024,08417KRSI,"Zollernalbkreis, Landkreis",mit Migrationshintergrund,25 bis unter 35 Jahre,8
2024,08417KRSI,"Zollernalbkreis, Landkreis",mit Migrationshintergrund,35 bis unter 45 Jahre,11
2024,08417KRSI,"Zollernalbkreis, Landkreis",mit Migrationshintergrund,45 bis unter 55 Jahre,10
2024,08417KRSI,"Zollernalbkreis, Landkreis",mit Migrationshintergrund,55 bis unter 65 Jahre,9
2024,08417KRSI,"Zollernalbkreis, Landkreis",mit Migrationshintergrund,65 Jahre und mehr,9
2024,08417KRSI,"Zollernalbkreis, Landkreis",mit Migrationshintergrund,Insgesamt,73
2024,08417KRSI,"Zollernalbkreis, Landkreis",mit Migrationshintergrund,unter 15 Jahre,15
2024,08421KRSI,"Ulm, Stadtkreis",Insgesamt,15 bis unter 25 Jahre,13
2024,08421KRSI,"Ulm, Stadtkreis",Insgesamt,25 bis unter 35 Jahre,23
2024,08421KRSI,"Ulm, Stadtkreis",Insgesamt,35 bis unter 45 Jahre,18
2024,08421KRSI,"Ulm, Stadtkreis",Insgesamt,45 bis unter 55 Jahre,16
2024,08421KRSI,"Ulm, Stadtkreis",Insgesamt,55 bis unter 65 Jahre,15
2024,08421KRSI,"Ulm, Stadtkreis",Insgesamt,65 Jahre und mehr,26
2024,08421KRSI,"Ulm, Stadtkreis",Insgesamt,Insgesamt,130
2024,08421KRSI,"Ulm, Stadtkreis",Insgesamt,unter 15 Jahre,19
2024,08421KRSI,"Ulm, Stadtkreis",mit Migrationshintergrund,15 bis unter 25 Jahre,8
2024,08421KRSI,"Ulm, Stadtkreis",mit Migrationshintergrund,25 bis unter 35 Jahre,11
2024,08421KRSI,"Ulm, Stadtkreis",mit Migrationshintergrund,35 bis unter 45 Jahre,10
2024,08421KRSI,"Ulm, Stadtkreis",mit Migrationshintergrund,45 bis unter 55 Jahre,7
2024,08421KRSI,"Ulm, Stadtkreis",mit Migrationshintergrund,55 bis unter 65 Jahre,/
2024,08421KRSI,"Ulm, Stadtkreis",mit Migrationshintergrund,65 Jahre und mehr,7
2024,08421KRSI,"Ulm, Stadtkreis",mit Migrationshintergrund,Insgesamt,59
2024,08421KRSI,"Ulm, Stadtkreis",mit Migrationshintergrund,unter 15 Jahre,11
2024,08425KRSI,"Alb-Donau-Kreis, Landkreis",Insgesamt,15 bis unter 25 Jahre,23
2024,08425KRSI,"Alb-Donau-Kreis, Landkreis",Insgesamt,25 bis unter 35 Jahre,25
2024,08425KRSI,"Alb-Donau-Kreis, Landkreis",Insgesamt,35 bis unter 45 Jahre,26
2024,08425KRSI,"Alb-Donau-Kreis, Landkreis",Insgesamt,45 bis unter 55 Jahre,25
2024,08425KRSI,"Alb-Donau-Kreis, Landkreis",Insgesamt,55 bis unter 65 Jahre,35
2024,08425KRSI,"Alb-Donau-Kreis, Landkreis",Insgesamt,65 Jahre und mehr,38
2024,08425KRSI,"Alb-Donau-Kreis, Landkreis",Insgesamt,Insgesamt,202
2024,08425KRSI,"Alb-Donau-Kreis, Landkreis",Insgesamt,unter 15 Jahre,30
2024,08425KRSI,"Alb-Donau-Kreis, Landkreis",mit Migrationshintergrund,15 bis unter 25 Jahre,8
2024,08425KRSI,"Alb-Donau-Kreis, Landkreis",mit Migrationshintergrund,25 bis unter 35 Jahre,9
2024,08425KRSI,"Alb-Donau-Kreis, Landkreis",mit Migrationshintergrund,35 bis unter 45 Jahre,9
2024,08425KRSI,"Alb-Donau-Kreis, Landkreis",mit Migrationshintergrund,45 bis unter 55 Jahre,8
2024,08425KRSI,"Alb-Donau-Kreis, Landkreis",mit Migrationshintergrund,55 bis unter 65 Jahre,7
2024,08425KRSI,"Alb-Donau-Kreis, Landkreis",mit Migrationshintergrund,65 Jahre und mehr,/
2024,08425KRSI,"Alb-Donau-Kreis, Landkreis",mit Migrationshintergrund,Insgesamt,60
2024,08425KRSI,"Alb-Donau-Kreis, Landkreis",mit Migrationshintergrund,unter 15 Jahre,13
2024,08426KRSI,"Biberach, Landkreis",Insgesamt,15 bis unter 25 Jahre,20
2024,08426KRSI,"Biberach, Landkreis",Insgesamt,25 bis unter 35 Jahre,23
2024,08426KRSI,"Biberach, Landkreis",Insgesamt,35 bis unter 45 Jahre,32
2024,08426KRSI,"Biberach, Landkreis",Insgesamt,45 bis unter 55 Jahre,23
2024,08426KRSI,"Biberach, Landkreis",Insgesamt,55 bis unter 65 Jahre,32
2024,08426KRSI,"Biberach, Landkreis",Insgesamt,65 Jahre und mehr,44
2024,08426KRSI,"Biberach, Landkreis",Insgesamt,Insgesamt,206
2024,08426KRSI,"Biberach, Landkreis",Insgesamt,unter 15 Jahre,31
2024,08426KRSI,"Biberach, Landkreis",mit Migrationshintergrund,15 bis unter 25 Jahre,7
2024,08426KRSI,"Biberach, Landkreis",mit Migrationshintergrund,25 bis unter 35 Jahre,/
2024,08426KRSI,"Biberach, Landkreis",mit Migrationshintergrund,35 bis unter 45 Jahre,11
2024,08426KRSI,"Biberach, Landkreis",mit Migrationshintergrund,45 bis unter 55 Jahre,7
2024,08426KRSI,"Biberach, Landkreis",mit Migrationshintergrund,55 bis unter 65 Jahre,8
2024,08426KRSI,"Biberach, Landkreis",mit Migrationshintergrund,65 Jahre und mehr,7
2024,08426KRSI,"Biberach, Landkreis",mit Migrationshintergrund,Insgesamt,59
2024,08426KRSI,"Biberach, Landkreis",mit Migrationshintergrund,unter 15 Jahre,12
2024,08435KRSI,"Bodenseekreis, Landkreis",Insgesamt,15 bis unter 25 Jahre,21
2024,08435KRSI,"Bodenseekreis, Landkreis",Insgesamt,25 bis unter 35 Jahre,26
2024,08435KRSI,"Bodenseekreis, Landkreis",Insgesamt,35 bis unter 45 Jahre,27
2024,08435KRSI,"Bodenseekreis, Landkreis",Insgesamt,45 bis unter 55 Jahre,30
2024,08435KRSI,"Bodenseekreis, Landkreis",Insgesamt,55 bis unter 65 Jahre,39
2024,08435KRSI,"Bodenseekreis, Landkreis",Insgesamt,65 Jahre und mehr,53
2024,08435KRSI,"Bodenseekreis, Landkreis",Insgesamt,Insgesamt,222
2024,08435KRSI,"Bodenseekreis, Landkreis",Insgesamt,unter 15 Jahre,27
2024,08435KRSI,"Bodenseekreis, Landkreis",mit Migrationshintergrund,15 bis unter 25 Jahre,9
2024,08435KRSI,"Bodenseekreis, Landkreis",mit Migrationshintergrund,25 bis unter 35 Jahre,11
2024,08435KRSI,"Bodenseekreis, Landkreis",mit Migrationshintergrund,35 bis unter 45 Jahre,12
2024,08435KRSI,"Bodenseekreis, Landkreis",mit Migrationshintergrund,45 bis unter 55 Jahre,12
2024,08435KRSI,"Bodenseekreis, Landkreis",mit Migrationshintergrund,55 bis unter 65 Jahre,10
2024,08435KRSI,"Bodenseekreis, Landkreis",mit Migrationshintergrund,65 Jahre und mehr,8
2024,08435KRSI,"Bodenseekreis, Landkreis",mit Migrationshintergrund,Insgesamt,77
2024,08435KRSI,"Bodenseekreis, Landkreis",mit Migrationshintergrund,unter 15 Jahre,14
2024,08436KRSI,"Ravensburg, Landkreis",Insgesamt,15 bis unter 25 Jahre,29
2024,08436KRSI,"Ravensburg, Landkreis",Insgesamt,25 bis unter 35 Jahre,38
2024,08436KRSI,"Ravensburg, Landkreis",Insgesamt,35 bis unter 45 Jahre,37
2024,08436KRSI,"Ravensburg, Landkreis",Insgesamt,45 bis unter 55 Jahre,30
2024,08436KRSI,"Ravensburg, Landkreis",Insgesamt,55 bis unter 65 Jahre,47
2024,08436KRSI,"Ravensburg, Landkreis",Insgesamt,65 Jahre und mehr,66
2024,08436KRSI,"Ravensburg, Landkreis",Insgesamt,Insgesamt,289
2024,08436KRSI,"Ravensburg, Landkreis",Insgesamt,unter 15 Jahre,41
2024,08436KRSI,"Ravensburg, Landkreis",mit Migrationshintergrund,15 bis unter 25 Jahre,11
2024,08436KRSI,"Ravensburg, Landkreis",mit Migrationshintergrund,25 bis unter 35 Jahre,13
2024,08436KRSI,"Ravensburg, Landkreis",mit Migrationshintergrund,35 bis unter 45 Jahre,14
2024,08436KRSI,"Ravensburg, Landkreis",mit Migrationshintergrund,45 bis unter 55 Jahre,10
2024,08436KRSI,"Ravensburg, Landkreis",mit Migrationshintergrund,55 bis unter 65 Jahre,9
2024,08436KRSI,"Ravensburg, Landkreis",mit Migrationshintergrund,65 Jahre und mehr,11
2024,08436KRSI,"Ravensburg, Landkreis",mit Migrationshintergrund,Insgesamt,82
2024,08436KRSI,"Ravensburg, Landkreis",mit Migrationshintergrund,unter 15 Jahre,14
2024,08437KRSI,"Sigmaringen, Landkreis",Insgesamt,15 bis unter 25 Jahre,14
2024,08437KRSI,"Sigmaringen, Landkreis",Insgesamt,25 bis unter 35 Jahre,16
2024,08437KRSI,"Sigmaringen, Landkreis",Insgesamt,35 bis unter 45 Jahre,16
2024,08437KRSI,"Sigmaringen, Landkreis",Insgesamt,45 bis unter 55 Jahre,16
2024,08437KRSI,"Sigmaringen, Landkreis",Insgesamt,55 bis unter 65 Jahre,22
2024,08437KRSI,"Sigmaringen, Landkreis",Insgesamt,65 Jahre und mehr,27
2024,08437KRSI,"Sigmaringen, Landkreis",Insgesamt,Insgesamt,131
2024,08437KRSI,"Sigmaringen, Landkreis",Insgesamt,unter 15 Jahre,21
2024,08437KRSI,"Sigmaringen, Landkreis",mit Migrationshintergrund,15 bis unter 25 Jahre,/
2024,08437KRSI,"Sigmaringen, Landkreis",mit Migrationshintergrund,25 bis unter 35 Jahre,/
2024,08437KRSI,"Sigmaringen, Landkreis",mit Migrationshintergrund,35 bis unter 45 Jahre,/
2024,08437KRSI,"Sigmaringen, Landkreis",mit Migrationshintergrund,45 bis unter 55 Jahre,/
2024,08437KRSI,"Sigmaringen, Landkreis",mit Migrationshintergrund,55 bis unter 65 Jahre,/
2024,08437KRSI,"Sigmaringen, Landkreis",mit Migrationshintergrund,65 Jahre und mehr,/
2024,08437KRSI,"Sigmaringen, Landkreis",mit Migrationshintergrund,Insgesamt,30
2024,08437KRSI,"Sigmaringen, Landkreis",mit Migrationshintergrund,unter 15 Jahre,/
2025,08111KRSI,"Stuttgart, Stadtkreis",Insgesamt,15 bis unter 25 Jahre,69
2025,08111KRSI,"Stuttgart, Stadtkreis",Insgesamt,25 bis unter 35 Jahre,103
2025,08111KRSI,"Stuttgart, Stadtkreis",Insgesamt,35 bis unter 45 Jahre,87
2025,08111KRSI,"Stuttgart, Stadtkreis",Insgesamt,45 bis unter 55 Jahre,76
2025,08111KRSI,"Stuttgart, Stadtkreis",Insgesamt,55 bis unter 65 Jahre,84
2025,08111KRSI,"Stuttgart, Stadtkreis",Insgesamt,65 Jahre und mehr,119
2025,08111KRSI,"Stuttgart, Stadtkreis",Insgesamt,Insgesamt,611
2025,08111KRSI,"Stuttgart, Stadtkreis",Insgesamt,unter 15 Jahre,72
2025,08111KRSI,"Stuttgart, Stadtkreis",mit Migrationshintergrund,15 bis unter 25 Jahre,43
2025,08111KRSI,"Stuttgart, Stadtkreis",mit Migrationshintergrund,25 bis unter 35 Jahre,56
2025,08111KRSI,"Stuttgart, Stadtkreis",mit Migrationshintergrund,35 bis unter 45 Jahre,49
2025,08111KRSI,"Stuttgart, Stadtkreis",mit Migrationshintergrund,45 bis unter 55 Jahre,44
2025,08111KRSI,"Stuttgart, Stadtkreis",mit Migrationshintergrund,55 bis unter 65 Jahre,32
2025,08111KRSI,"Stuttgart, Stadtkreis",mit Migrationshintergrund,65 Jahre und mehr,36
2025,08111KRSI,"Stuttgart, Stadtkreis",mit Migrationshintergrund,Insgesamt,304
2025,08111KRSI,"Stuttgart, Stadtkreis",mit Migrationshintergrund,unter 15 Jahre,44
2025,08115KRSI,"Böblingen, Landkreis",Insgesamt,15 bis unter 25 Jahre,39
2025,08115KRSI,"Böblingen, Landkreis",Insgesamt,25 bis unter 35 Jahre,46
2025,08115KRSI,"Böblingen, Landkreis",Insgesamt,35 bis unter 45 Jahre,55
2025,08115KRSI,"Böblingen, Landkreis",Insgesamt,45 bis unter 55 Jahre,50
2025,08115KRSI,"Böblingen, Landkreis",Insgesamt,55 bis unter 65 Jahre,57
2025,08115KRSI,"Böblingen, Landkreis",Insgesamt,65 Jahre und mehr,88
2025,08115KRSI,"Böblingen, Landkreis",Insgesamt,Insgesamt,397
2025,08115KRSI,"Böblingen, Landkreis",Insgesamt,unter 15 Jahre,61
2025,08115KRSI,"Böblingen, Landkreis",mit Migrationshintergrund,15 bis unter 25 Jahre,22
2025,08115KRSI,"Böblingen, Landkreis",mit Migrationshintergrund,25 bis unter 35 Jahre,23
2025,08115KRSI,"Böblingen, Landkreis",mit Migrationshintergrund,35 bis unter 45 Jahre,31
2025,08115KRSI,"Böblingen, Landkreis",mit Migrationshintergrund,45 bis unter 55 Jahre,26
2025,08115KRSI,"Böblingen, Landkreis",mit Migrationshintergrund,55 bis unter 65 Jahre,18
2025,08115KRSI,"Böblingen, Landkreis",mit Migrationshintergrund,65 Jahre und mehr,23
2025,08115KRSI,"Böblingen, Landkreis",mit Migrationshintergrund,Insgesamt,178
2025,08115KRSI,"Böblingen, Landkreis",mit Migrationshintergrund,unter 15 Jahre,35
2025,08116KRSI,"Esslingen, Landkreis",Insgesamt,15 bis unter 25 Jahre,57
2025,08116KRSI,"Esslingen, Landkreis",Insgesamt,25 bis unter 35 Jahre,70
2025,08116KRSI,"Esslingen, Landkreis",Insgesamt,35 bis unter 45 Jahre,67
2025,08116KRSI,"Esslingen, Landkreis",Insgesamt,45 bis unter 55 Jahre,70
2025,08116KRSI,"Esslingen, Landkreis",Insgesamt,55 bis unter 65 Jahre,86
2025,08116KRSI,"Esslingen, Landkreis",Insgesamt,65 Jahre und mehr,114
2025,08116KRSI,"Esslingen, Landkreis",Insgesamt,Insgesamt,538
2025,08116KRSI,"Esslingen, Landkreis",Insgesamt,unter 15 Jahre,75
2025,08116KRSI,"Esslingen, Landkreis",mit Migrationshintergrund,15 bis unter 25 Jahre,29
2025,08116KRSI,"Esslingen, Landkreis",mit Migrationshintergrund,25 bis unter 35 Jahre,32
2025,08116KRSI,"Esslingen, Landkreis",mit Migrationshintergrund,35 bis unter 45 Jahre,32
2025,08116KRSI,"Esslingen, Landkreis",mit Migrationshintergrund,45 bis unter 55 Jahre,34
2025,08116KRSI,"Esslingen, Landkreis",mit Migrationshintergrund,55 bis unter 65 Jahre,24
2025,08116KRSI,"Esslingen, Landkreis",mit Migrationshintergrund,65 Jahre und mehr,26
2025,08116KRSI,"Esslingen, Landkreis",mit Migrationshintergrund,Insgesamt,216
2025,08116KRSI,"Esslingen, Landkreis",mit Migrationshintergrund,unter 15 Jahre,38
2025,08117KRSI,"Göppingen, Landkreis",Insgesamt,15 bis unter 25 Jahre,23
2025,08117KRSI,"Göppingen, Landkreis",Insgesamt,25 bis unter 35 Jahre,30
2025,08117KRSI,"Göppingen, Landkreis",Insgesamt,35 bis unter 45 Jahre,35
2025,08117KRSI,"Göppingen, Landkreis",Insgesamt,45 bis unter 55 Jahre,28
2025,08117KRSI,"Göppingen, Landkreis",Insgesamt,55 bis unter 65 Jahre,40
2025,08117KRSI,"Göppingen, Landkreis",Insgesamt,65 Jahre und mehr,62
2025,08117KRSI,"Göppingen, Landkreis",Insgesamt,Insgesamt,258
2025,08117KRSI,"Göppingen, Landkreis",Insgesamt,unter 15 Jahre,39
2025,08117KRSI,"Göppingen, Landkreis",mit Migrationshintergrund,15 bis unter 25 Jahre,12
2025,08117KRSI,"Göppingen, Landkreis",mit Migrationshintergrund,25 bis unter 35 Jahre,16
2025,08117KRSI,"Göppingen, Landkreis",mit Migrationshintergrund,35 bis unter 45 Jahre,17
2025,08117KRSI,"Göppingen, Landkreis",mit Migrationshintergrund,45 bis unter 55 Jahre,14
2025,08117KRSI,"Göppingen, Landkreis",mit Migrationshintergrund,55 bis unter 65 Jahre,13
2025,08117KRSI,"Göppingen, Landkreis",mit Migrationshintergrund,65 Jahre und mehr,16
2025,08117KRSI,"Göppingen, Landkreis",mit Migrationshintergrund,Insgesamt,109
2025,08117KRSI,"Göppingen, Landkreis",mit Migrationshintergrund,unter 15 Jahre,21
2025,08118KRSI,"Ludwigsburg, Landkreis",Insgesamt,15 bis unter 25 Jahre,50
2025,08118KRSI,"Ludwigsburg, Landkreis",Insgesamt,25 bis unter 35 Jahre,68
2025,08118KRSI,"Ludwigsburg, Landkreis",Insgesamt,35 bis unter 45 Jahre,72
2025,08118KRSI,"Ludwigsburg, Landkreis",Insgesamt,45 bis unter 55 Jahre,71
2025,08118KRSI,"Ludwigsburg, Landkreis",Insgesamt,55 bis unter 65 Jahre,82
2025,08118KRSI,"Ludwigsburg, Landkreis",Insgesamt,65 Jahre und mehr,111
2025,08118KRSI,"Ludwigsburg, Landkreis",Insgesamt,Insgesamt,534
2025,08118KRSI,"Ludwigsburg, Landkreis",Insgesamt,unter 15 Jahre,80
2025,08118KRSI,"Ludwigsburg, Landkreis",mit Migrationshintergrund,15 bis unter 25 Jahre,27
2025,08118KRSI,"Ludwigsburg, Landkreis",mit Migrationshintergrund,25 bis unter 35 Jahre,33
2025,08118KRSI,"Ludwigsburg, Landkreis",mit Migrationshintergrund,35 bis unter 45 Jahre,34
2025,08118KRSI,"Ludwigsburg, Landkreis",mit Migrationshintergrund,45 bis unter 55 Jahre,34
2025,08118KRSI,"Ludwigsburg, Landkreis",mit Migrationshintergrund,55 bis unter 65 Jahre,28
2025,08118KRSI,"Ludwigsburg, Landkreis",mit Migrationshintergrund,65 Jahre und mehr,28
2025,08118KRSI,"Ludwigsburg, Landkreis",mit Migrationshintergrund,Insgesamt,222
2025,08118KRSI,"Ludwigsburg, Landkreis",mit Migrationshintergrund,unter 15 Jahre,39
2025,08119KRSI,"Rems-Murr-Kreis, Landkreis",Insgesamt,15 bis unter 25 Jahre,45
2025,08119KRSI,"Rems-Murr-Kreis, Landkreis",Insgesamt,25 bis unter 35 Jahre,57
2025,08119KRSI,"Rems-Murr-Kreis, Landkreis",Insgesamt,35 bis unter 45 Jahre,54
2025,08119KRSI,"Rems-Murr-Kreis, Landkreis",Insgesamt,45 bis unter 55 Jahre,56
2025,08119KRSI,"Rems-Murr-Kreis, Landkreis",Insgesamt,55 bis unter 65 Jahre,70
2025,08119KRSI,"Rems-Murr-Kreis, Landkreis",Insgesamt,65 Jahre und mehr,96
2025,08119KRSI,"Rems-Murr-Kreis, Landkreis",Insgesamt,Insgesamt,444
2025,08119KRSI,"Rems-Murr-Kreis, Landkreis",Insgesamt,unter 15 Jahre,65
2025,08119KRSI,"Rems-Murr-Kreis, Landkreis",mit Migrationshintergrund,15 bis unter 25 Jahre,23
2025,08119KRSI,"Rems-Murr-Kreis, Landkreis",mit Migrationshintergrund,25 bis unter 35 Jahre,25
2025,08119KRSI,"Rems-Murr-Kreis, Landkreis",mit Migrationshintergrund,35 bis unter 45 Jahre,24
2025,08119KRSI,"Rems-Murr-Kreis, Landkreis",mit Migrationshintergrund,45 bis unter 55 Jahre,26
2025,08119KRSI,"Rems-Murr-Kreis, Landkreis",mit Migrationshintergrund,55 bis unter 65 Jahre,18
2025,08119KRSI,"Rems-Murr-Kreis, Landkreis",mit Migrationshintergrund,65 Jahre und mehr,22
2025,08119KRSI,"Rems-Murr-Kreis, Landkreis",mit Migrationshintergrund,Insgesamt,169
2025,08119KRSI,"Rems-Murr-Kreis, Landkreis",mit Migrationshintergrund,unter 15 Jahre,32
2025,08121KRSI,"Heilbronn, Stadtkreis",Insgesamt,15 bis unter 25 Jahre,16
2025,08121KRSI,"Heilbronn, Stadtkreis",Insgesamt,25 bis unter 35 Jahre,18
2025,08121KRSI,"Heilbronn, Stadtkreis",Insgesamt,35 bis unter 45 Jahre,22
2025,08121KRSI,"Heilbronn, Stadtkreis",Insgesamt,45 bis unter 55 Jahre,15
2025,08121KRSI,"Heilbronn, Stadtkreis",Insgesamt,55 bis unter 65 Jahre,16
2025,08121KRSI,"Heilbronn, Stadtkreis",Insgesamt,65 Jahre und mehr,22
2025,08121KRSI,"Heilbronn, Stadtkreis",Insgesamt,Insgesamt,130
2025,08121KRSI,"Heilbronn, Stadtkreis",Insgesamt,unter 15 Jahre,21
2025,08121KRSI,"Heilbronn, Stadtkreis",mit Migrationshintergrund,15 bis unter 25 Jahre,11
2025,08121KRSI,"Heilbronn, Stadtkreis",mit Migrationshintergrund,25 bis unter 35 Jahre,11
2025,08121KRSI,"Heilbronn, Stadtkreis",mit Migrationshintergrund,35 bis unter 45 Jahre,14
2025,08121KRSI,"Heilbronn, Stadtkreis",mit Migrationshintergrund,45 bis unter 55 Jahre,8
2025,08121KRSI,"Heilbronn, Stadtkreis",mit Migrationshintergrund,55 bis unter 65 Jahre,7
2025,08121KRSI,"Heilbronn, Stadtkreis",mit Migrationshintergrund,65 Jahre und mehr,7
2025,08121KRSI,"Heilbronn, Stadtkreis",mit Migrationshintergrund,Insgesamt,74
2025,08121KRSI,"Heilbronn, Stadtkreis",mit Migrationshintergrund,unter 15 Jahre,17
2025,08125KRSI,"Heilbronn, Landkreis",Insgesamt,15 bis unter 25 Jahre,33
2025,08125KRSI,"Heilbronn, Landkreis",Insgesamt,25 bis unter 35 Jahre,42
2025,08125KRSI,"Heilbronn, Landkreis",Insgesamt,35 bis unter 45 Jahre,51
2025,08125KRSI,"Heilbronn, Landkreis",Insgesamt,45 bis unter 55 Jahre,43
2025,08125KRSI,"Heilbronn, Landkreis",Insgesamt,55 bis unter 65 Jahre,53
2025,08125KRSI,"Heilbronn, Landkreis",Insgesamt,65 Jahre und mehr,78
2025,08125KRSI,"Heilbronn, Landkreis",Insgesamt,Insgesamt,349
2025,08125KRSI,"Heilbronn, Landkreis",Insgesamt,unter 15 Jahre,50
2025,08125KRSI,"Heilbronn, Landkreis",mit Migrationshintergrund,15 bis unter 25 Jahre,17
2025,08125KRSI,"Heilbronn, Landkreis",mit Migrationshintergrund,25 bis unter 35 Jahre,17
2025,08125KRSI,"Heilbronn, Landkreis",mit Migrationshintergrund,35 bis unter 45 Jahre,25
2025,08125KRSI,"Heilbronn, Landkreis",mit Migrationshintergrund,45 bis unter 55 Jahre,20
2025,08125KRSI,"Heilbronn, Landkreis",mit Migrationshintergrund,55 bis unter 65 Jahre,15
2025,08125KRSI,"Heilbronn, Landkreis",mit Migrationshintergrund,65 Jahre und mehr,16
2025,08125KRSI,"Heilbronn, Landkreis",mit Migrationshintergrund,Insgesamt,135
2025,08125KRSI,"Heilbronn, Landkreis",mit Migrationshintergrund,unter 15 Jahre,25
2025,08126KRSI,"Hohenlohekreis, Landkreis",Insgesamt,15 bis unter 25 Jahre,15
2025,08126KRSI,"Hohenlohekreis, Landkreis",Insgesamt,25 bis unter 35 Jahre,15
2025,08126KRSI,"Hohenlohekreis, Landkreis",Insgesamt,35 bis unter 45 Jahre,14
2025,08126KRSI,"Hohenlohekreis, Landkreis",Insgesamt,45 bis unter 55 Jahre,14
2025,08126KRSI,"Hohenlohekreis, Landkreis",Insgesamt,55 bis unter 65 Jahre,17
2025,08126KRSI,"Hohenlohekreis, Landkreis",Insgesamt,65 Jahre und mehr,24
2025,08126KRSI,"Hohenlohekreis, Landkreis",Insgesamt,Insgesamt,117
2025,08126KRSI,"Hohenlohekreis, Landkreis",Insgesamt,unter 15 Jahre,16
2025,08126KRSI,"Hohenlohekreis, Landkreis",mit Migrationshintergrund,15 bis unter 25 Jahre,8
2025,08126KRSI,"Hohenlohekreis, Landkreis",mit Migrationshintergrund,25 bis unter 35 Jahre,/
2025,08126KRSI,"Hohenlohekreis, Landkreis",mit Migrationshintergrund,35 bis unter 45 Jahre,7
2025,08126KRSI,"Hohenlohekreis, Landkreis",mit Migrationshintergrund,45 bis unter 55 Jahre,/
2025,08126KRSI,"Hohenlohekreis, Landkreis",mit Migrationshintergrund,55 bis unter 65 Jahre,/
2025,08126KRSI,"Hohenlohekreis, Landkreis",mit Migrationshintergrund,65 Jahre und mehr,/
2025,08126KRSI,"Hohenlohekreis, Landkreis",mit Migrationshintergrund,Insgesamt,46
2025,08126KRSI,"Hohenlohekreis, Landkreis",mit Migrationshintergrund,unter 15 Jahre,8
2025,08127KRSI,"Schwäbisch Hall, Landkreis",Insgesamt,15 bis unter 25 Jahre,21
2025,08127KRSI,"Schwäbisch Hall, Landkreis",Insgesamt,25 bis unter 35 Jahre,28
2025,08127KRSI,"Schwäbisch Hall, Landkreis",Insgesamt,35 bis unter 45 Jahre,27
2025,08127KRSI,"Schwäbisch Hall, Landkreis",Insgesamt,45 bis unter 55 Jahre,27
2025,08127KRSI,"Schwäbisch Hall, Landkreis",Insgesamt,55 bis unter 65 Jahre,28
2025,08127KRSI,"Schwäbisch Hall, Landkreis",Insgesamt,65 Jahre und mehr,37
2025,08127KRSI,"Schwäbisch Hall, Landkreis",Insgesamt,Insgesamt,200
2025,08127KRSI,"Schwäbisch Hall, Landkreis",Insgesamt,unter 15 Jahre,31
2025,08127KRSI,"Schwäbisch Hall, Landkreis",mit Migrationshintergrund,15 bis unter 25 Jahre,9
2025,08127KRSI,"Schwäbisch Hall, Landkreis",mit Migrationshintergrund,25 bis unter 35 Jahre,11
2025,08127KRSI,"Schwäbisch Hall, Landkreis",mit Migrationshintergrund,35 bis unter 45 Jahre,11
2025,08127KRSI,"Schwäbisch Hall, Landkreis",mit Migrationshintergrund,45 bis unter 55 Jahre,11
2025,08127KRSI,"Schwäbisch Hall, Landkreis",mit Migrationshintergrund,55 bis unter 65 Jahre,8
2025,08127KRSI,"Schwäbisch Hall, Landkreis",mit Migrationshintergrund,65 Jahre und mehr,7
2025,08127KRSI,"Schwäbisch Hall, Landkreis",mit Migrationshintergrund,Insgesamt,71
2025,08127KRSI,"Schwäbisch Hall, Landkreis",mit Migrationshintergrund,unter 15 Jahre,14
2025,08128KRSI,"Main-Tauber-Kreis, Landkreis",Insgesamt,15 bis unter 25 Jahre,15
2025,08128KRSI,"Main-Tauber-Kreis, Landkreis",Insgesamt,25 bis unter 35 Jahre,13
2025,08128KRSI,"Main-Tauber-Kreis, Landkreis",Insgesamt,35 bis unter 45 Jahre,18
2025,08128KRSI,"Main-Tauber-Kreis, Landkreis",Insgesamt,45 bis unter 55 Jahre,17
2025,08128KRSI,"Main-Tauber-Kreis, Landkreis",Insgesamt,55 bis unter 65 Jahre,21
2025,08128KRSI,"Main-Tauber-Kreis, Landkreis",Insgesamt,65 Jahre und mehr,28
2025,08128KRSI,"Main-Tauber-Kreis, Landkreis",Insgesamt,Insgesamt,133
2025,08128KRSI,"Main-Tauber-Kreis, Landkreis",Insgesamt,unter 15 Jahre,21
2025,08128KRSI,"Main-Tauber-Kreis, Landkreis",mit Migrationshintergrund,15 bis unter 25 Jahre,/
2025,08128KRSI,"Main-Tauber-Kreis, Landkreis",mit Migrationshintergrund,25 bis unter 35 Jahre,/
2025,08128KRSI,"Main-Tauber-Kreis, Landkreis",mit Migrationshintergrund,35 bis unter 45 Jahre,8
2025,08128KRSI,"Main-Tauber-Kreis, Landkreis",mit Migrationshintergrund,45 bis unter 55 Jahre,6
2025,08128KRSI,"Main-Tauber-Kreis, Landkreis",mit Migrationshintergrund,55 bis unter 65 Jahre,/
2025,08128KRSI,"Main-Tauber-Kreis, Landkreis",mit Migrationshintergrund,65 Jahre und mehr,/
2025,08128KRSI,"Main-Tauber-Kreis, Landkreis",mit Migrationshintergrund,Insgesamt,39
2025,08128KRSI,"Main-Tauber-Kreis, Landkreis",mit Migrationshintergrund,unter 15 Jahre,9
2025,08135KRSI,"Heidenheim, Landkreis",Insgesamt,15 bis unter 25 Jahre,13
2025,08135KRSI,"Heidenheim, Landkreis",Insgesamt,25 bis unter 35 Jahre,16
2025,08135KRSI,"Heidenheim, Landkreis",Insgesamt,35 bis unter 45 Jahre,18
2025,08135KRSI,"Heidenheim, Landkreis",Insgesamt,45 bis unter 55 Jahre,16
2025,08135KRSI,"Heidenheim, Landkreis",Insgesamt,55 bis unter 65 Jahre,22
2025,08135KRSI,"Heidenheim, Landkreis",Insgesamt,65 Jahre und mehr,29
2025,08135KRSI,"Heidenheim, Landkreis",Insgesamt,Insgesamt,135
2025,08135KRSI,"Heidenheim, Landkreis",Insgesamt,unter 15 Jahre,20
2025,08135KRSI,"Heidenheim, Landkreis",mit Migrationshintergrund,15 bis unter 25 Jahre,/
2025,08135KRSI,"Heidenheim, Landkreis",mit Migrationshintergrund,25 bis unter 35 Jahre,7
2025,08135KRSI,"Heidenheim, Landkreis",mit Migrationshintergrund,35 bis unter 45 Jahre,8
2025,08135KRSI,"Heidenheim, Landkreis",mit Migrationshintergrund,45 bis unter 55 Jahre,9
2025,08135KRSI,"Heidenheim, Landkreis",mit Migrationshintergrund,55 bis unter 65 Jahre,7
2025,08135KRSI,"Heidenheim, Landkreis",mit Migrationshintergrund,65 Jahre und mehr,/
2025,08135KRSI,"Heidenheim, Landkreis",mit Migrationshintergrund,Insgesamt,54
2025,08135KRSI,"Heidenheim, Landkreis",mit Migrationshintergrund,unter 15 Jahre,10
2025,08136KRSI,"Ostalbkreis, Landkreis",Insgesamt,15 bis unter 25 Jahre,34
2025,08136KRSI,"Ostalbkreis, Landkreis",Insgesamt,25 bis unter 35 Jahre,37
2025,08136KRSI,"Ostalbkreis, Landkreis",Insgesamt,35 bis unter 45 Jahre,43
2025,08136KRSI,"Ostalbkreis, Landkreis",Insgesamt,45 bis unter 55 Jahre,39
2025,08136KRSI,"Ostalbkreis, Landkreis",Insgesamt,55 bis unter 65 Jahre,48
2025,08136KRSI,"Ostalbkreis, Landkreis",Insgesamt,65 Jahre und mehr,67
2025,08136KRSI,"Ostalbkreis, Landkreis",Insgesamt,Insgesamt,315
2025,08136KRSI,"Ostalbkreis, Landkreis",Insgesamt,unter 15 Jahre,47
2025,08136KRSI,"Ostalbkreis, Landkreis",mit Migrationshintergrund,15 bis unter 25 Jahre,12
2025,08136KRSI,"Ostalbkreis, Landkreis",mit Migrationshintergrund,25 bis unter 35 Jahre,12
2025,08136KRSI,"Ostalbkreis, Landkreis",mit Migrationshintergrund,35 bis unter 45 Jahre,17
2025,08136KRSI,"Ostalbkreis, Landkreis",mit Migrationshintergrund,45 bis unter 55 Jahre,15
2025,08136KRSI,"Ostalbkreis, Landkreis",mit Migrationshintergrund,55 bis unter 65 Jahre,10
2025,08136KRSI,"Ostalbkreis, Landkreis",mit Migrationshintergrund,65 Jahre und mehr,14
2025,08136KRSI,"Ostalbkreis, Landkreis",mit Migrationshintergrund,Insgesamt,101
2025,08136KRSI,"Ostalbkreis, Landkreis",mit Migrationshintergrund,unter 15 Jahre,21
2025,08212KRSI,"Karlsruhe, Stadtkreis",Insgesamt,15 bis unter 25 Jahre,36
2025,08212KRSI,"Karlsruhe, Stadtkreis",Insgesamt,25 bis unter 35 Jahre,52
2025,08212KRSI,"Karlsruhe, Stadtkreis",Insgesamt,35 bis unter 45 Jahre,45
2025,08212KRSI,"Karlsruhe, Stadtkreis",Insgesamt,45 bis unter 55 Jahre,35
2025,08212KRSI,"Karlsruhe, Stadtkreis",Insgesamt,55 bis unter 65 Jahre,44
2025,08212KRSI,"Karlsruhe, Stadtkreis",Insgesamt,65 Jahre und mehr,59
2025,08212KRSI,"Karlsruhe, Stadtkreis",Insgesamt,Insgesamt,309
2025,08212KRSI,"Karlsruhe, Stadtkreis",Insgesamt,unter 15 Jahre,39
2025,08212KRSI,"Karlsruhe, Stadtkreis",mit Migrationshintergrund,15 bis unter 25 Jahre,17
2025,08212KRSI,"Karlsruhe, Stadtkreis",mit Migrationshintergrund,25 bis unter 35 Jahre,23
2025,08212KRSI,"Karlsruhe, Stadtkreis",mit Migrationshintergrund,35 bis unter 45 Jahre,20
2025,08212KRSI,"Karlsruhe, Stadtkreis",mit Migrationshintergrund,45 bis unter 55 Jahre,16
2025,08212KRSI,"Karlsruhe, Stadtkreis",mit Migrationshintergrund,55 bis unter 65 Jahre,16
2025,08212KRSI,"Karlsruhe, Stadtkreis",mit Migrationshintergrund,65 Jahre und mehr,13
2025,08212KRSI,"Karlsruhe, Stadtkreis",mit Migrationshintergrund,Insgesamt,124
2025,08212KRSI,"Karlsruhe, Stadtkreis",mit Migrationshintergrund,unter 15 Jahre,19
2025,08215KRSI,"Karlsruhe, Landkreis",Insgesamt,15 bis unter 25 Jahre,48
2025,08215KRSI,"Karlsruhe, Landkreis",Insgesamt,25 bis unter 35 Jahre,51
2025,08215KRSI,"Karlsruhe, Landkreis",Insgesamt,35 bis unter 45 Jahre,57
2025,08215KRSI,"Karlsruhe, Landkreis",Insgesamt,45 bis unter 55 Jahre,67
2025,08215KRSI,"Karlsruhe, Landkreis",Insgesamt,55 bis unter 65 Jahre,72
2025,08215KRSI,"Karlsruhe, Landkreis",Insgesamt,65 Jahre und mehr,96
2025,08215KRSI,"Karlsruhe, Landkreis",Insgesamt,Insgesamt,458
2025,08215KRSI,"Karlsruhe, Landkreis",Insgesamt,unter 15 Jahre,68
2025,08215KRSI,"Karlsruhe, Landkreis",mit Migrationshintergrund,15 bis unter 25 Jahre,23
2025,08215KRSI,"Karlsruhe, Landkreis",mit Migrationshintergrund,25 bis unter 35 Jahre,23
2025,08215KRSI,"Karlsruhe, Landkreis",mit Migrationshintergrund,35 bis unter 45 Jahre,27
2025,08215KRSI,"Karlsruhe, Landkreis",mit Migrationshintergrund,45 bis unter 55 Jahre,29
2025,08215KRSI,"Karlsruhe, Landkreis",mit Migrationshintergrund,55 bis unter 65 Jahre,17
2025,08215KRSI,"Karlsruhe, Landkreis",mit Migrationshintergrund,65 Jahre und mehr,16
2025,08215KRSI,"Karlsruhe, Landkreis",mit Migrationshintergrund,Insgesamt,171
2025,08215KRSI,"Karlsruhe, Landkreis",mit Migrationshintergrund,unter 15 Jahre,36
2025,08217KRSI,Landkreis Rastatt und Stadtkreis Baden-Baden,Insgesamt,15 bis unter 25 Jahre,30
2025,08217KRSI,Landkreis Rastatt und Stadtkreis Baden-Baden,Insgesamt,25 bis unter 35 Jahre,34
2025,08217KRSI,Landkreis Rastatt und Stadtkreis Baden-Baden,Insgesamt,35 bis unter 45 Jahre,39
2025,08217KRSI,Landkreis Rastatt und Stadtkreis Baden-Baden,Insgesamt,45 bis unter 55 Jahre,37
2025,08217KRSI,Landkreis Rastatt und Stadtkreis Baden-Baden,Insgesamt,55 bis unter 65 Jahre,44
2025,08217KRSI,Landkreis Rastatt und Stadtkreis Baden-Baden,Insgesamt,65 Jahre und mehr,64
2025,08217KRSI,Landkreis Rastatt und Stadtkreis Baden-Baden,Insgesamt,Insgesamt,57
2025,08217KRSI,Landkreis Rastatt und Stadtkreis Baden-Baden,Insgesamt,unter 15 Jahre,38
2025,08217KRSI,Landkreis Rastatt und Stadtkreis Baden-Baden,mit Migrationshintergrund,15 bis unter 25 Jahre,16
2025,08217KRSI,Landkreis Rastatt und Stadtkreis Baden-Baden,mit Migrationshintergrund,25 bis unter 35 Jahre,16
2025,08217KRSI,Landkreis Rastatt und Stadtkreis Baden-Baden,mit Migrationshintergrund,35 bis unter 45 Jahre,20
2025,08217KRSI,Landkreis Rastatt und Stadtkreis Baden-Baden,mit Migrationshintergrund,45 bis unter 55 Jahre,17
2025,08217KRSI,Landkreis Rastatt und Stadtkreis Baden-Baden,mit Migrationshintergrund,55 bis unter 65 Jahre,13
2025,08217KRSI,Landkreis Rastatt und Stadtkreis Baden-Baden,mit Migrationshintergrund,65 Jahre und mehr,16
2025,08217KRSI,Landkreis Rastatt und Stadtkreis Baden-Baden,mit Migrationshintergrund,Insgesamt,119
2025,08217KRSI,Landkreis Rastatt und Stadtkreis Baden-Baden,mit Migrationshintergrund,unter 15 Jahre,21
2025,08221KRSI,"Heidelberg, Stadtkreis",Insgesamt,15 bis unter 25 Jahre,26
2025,08221KRSI,"Heidelberg, Stadtkreis",Insgesamt,25 bis unter 35 Jahre,34
2025,08221KRSI,"Heidelberg, Stadtkreis",Insgesamt,35 bis unter 45 Jahre,20
2025,08221KRSI,"Heidelberg, Stadtkreis",Insgesamt,45 bis unter 55 Jahre,16
2025,08221KRSI,"Heidelberg, Stadtkreis",Insgesamt,55 bis unter 65 Jahre,17
2025,08221KRSI,"Heidelberg, Stadtkreis",Insgesamt,65 Jahre und mehr,21
2025,08221KRSI,"Heidelberg, Stadtkreis",Insgesamt,Insgesamt,155
2025,08221KRSI,"Heidelberg, Stadtkreis",Insgesamt,unter 15 Jahre,22
2025,08221KRSI,"Heidelberg, Stadtkreis",mit Migrationshintergrund,15 bis unter 25 Jahre,10
2025,08221KRSI,"Heidelberg, Stadtkreis",mit Migrationshintergrund,25 bis unter 35 Jahre,16
2025,08221KRSI,"Heidelberg, Stadtkreis",mit Migrationshintergrund,35 bis unter 45 Jahre,11
2025,08221KRSI,"Heidelberg, Stadtkreis",mit Migrationshintergrund,45 bis unter 55 Jahre,7
2025,08221KRSI,"Heidelberg, Stadtkreis",mit Migrationshintergrund,55 bis unter 65 Jahre,/
2025,08221KRSI,"Heidelberg, Stadtkreis",mit Migrationshintergrund,65 Jahre und mehr,7
2025,08221KRSI,"Heidelberg, Stadtkreis",mit Migrationshintergrund,Insgesamt,66
2025,08221KRSI,"Heidelberg, Stadtkreis",mit Migrationshintergrund,unter 15 Jahre,11
2025,08222KRSI,"Mannheim, Stadtkreis",Insgesamt,15 bis unter 25 Jahre,37
2025,08222KRSI,"Mannheim, Stadtkreis",Insgesamt,25 bis unter 35 Jahre,52
2025,08222KRSI,"Mannheim, Stadtkreis",Insgesamt,35 bis unter 45 Jahre,38
2025,08222KRSI,"Mannheim, Stadtkreis",Insgesamt,45 bis unter 55 Jahre,43
2025,08222KRSI,"Mannheim, Stadtkreis",Insgesamt,55 bis unter 65 Jahre,42
2025,08222KRSI,"Mannheim, Stadtkreis",Insgesamt,65 Jahre und mehr,66
2025,08222KRSI,"Mannheim, Stadtkreis",Insgesamt,Insgesamt,320
2025,08222KRSI,"Mannheim, Stadtkreis",Insgesamt,unter 15 Jahre,41
2025,08222KRSI,"Mannheim, Stadtkreis",mit Migrationshintergrund,15 bis unter 25 Jahre,19
2025,08222KRSI,"Mannheim, Stadtkreis",mit Migrationshintergrund,25 bis unter 35 Jahre,27
2025,08222KRSI,"Mannheim, Stadtkreis",mit Migrationshintergrund,35 bis unter 45 Jahre,22
2025,08222KRSI,"Mannheim, Stadtkreis",mit Migrationshintergrund,45 bis unter 55 Jahre,24
2025,08222KRSI,"Mannheim, Stadtkreis",mit Migrationshintergrund,55 bis unter 65 Jahre,16
2025,08222KRSI,"Mannheim, Stadtkreis",mit Migrationshintergrund,65 Jahre und mehr,17
2025,08222KRSI,"Mannheim, Stadtkreis",mit Migrationshintergrund,Insgesamt,149
2025,08222KRSI,"Mannheim, Stadtkreis",mit Migrationshintergrund,unter 15 Jahre,25
2025,08225KRSI,"Neckar-Odenwald-Kreis, Landkreis",Insgesamt,15 bis unter 25 Jahre,13
2025,08225KRSI,"Neckar-Odenwald-Kreis, Landkreis",Insgesamt,25 bis unter 35 Jahre,16
2025,08225KRSI,"Neckar-Odenwald-Kreis, Landkreis",Insgesamt,35 bis unter 45 Jahre,18
2025,08225KRSI,"Neckar-Odenwald-Kreis, Landkreis",Insgesamt,45 bis unter 55 Jahre,19
2025,08225KRSI,"Neckar-Odenwald-Kreis, Landkreis",Insgesamt,55 bis unter 65 Jahre,27
2025,08225KRSI,"Neckar-Odenwald-Kreis, Landkreis",Insgesamt,65 Jahre und mehr,33
2025,08225KRSI,"Neckar-Odenwald-Kreis, Landkreis",Insgesamt,Insgesamt,145
2025,08225KRSI,"Neckar-Odenwald-Kreis, Landkreis",Insgesamt,unter 15 Jahre,19
2025,08225KRSI,"Neckar-Odenwald-Kreis, Landkreis",mit Migrationshintergrund,15 bis unter 25 Jahre,/
2025,08225KRSI,"Neckar-Odenwald-Kreis, Landkreis",mit Migrationshintergrund,25 bis unter 35 Jahre,/
2025,08225KRSI,"Neckar-Odenwald-Kreis, Landkreis",mit Migrationshintergrund,35 bis unter 45 Jahre,/
2025,08225KRSI,"Neckar-Odenwald-Kreis, Landkreis",mit Migrationshintergrund,45 bis unter 55 Jahre,/
2025,08225KRSI,"Neckar-Odenwald-Kreis, Landkreis",mit Migrationshintergrund,55 bis unter 65 Jahre,/
2025,08225KRSI,"Neckar-Odenwald-Kreis, Landkreis",mit Migrationshintergrund,65 Jahre und mehr,/
2025,08225KRSI,"Neckar-Odenwald-Kreis, Landkreis",mit Migrationshintergrund,Insgesamt,44
2025,08225KRSI,"Neckar-Odenwald-Kreis, Landkreis",mit Migrationshintergrund,unter 15 Jahre,9
2025,08226KRSI,"Rhein-Neckar-Kreis, Landkreis",Insgesamt,15 bis unter 25 Jahre,52
2025,08226KRSI,"Rhein-Neckar-Kreis, Landkreis",Insgesamt,25 bis unter 35 Jahre,57
2025,08226KRSI,"Rhein-Neckar-Kreis, Landkreis",Insgesamt,35 bis unter 45 Jahre,76
2025,08226KRSI,"Rhein-Neckar-Kreis, Landkreis",Insgesamt,45 bis unter 55 Jahre,70
2025,08226KRSI,"Rhein-Neckar-Kreis, Landkreis",Insgesamt,55 bis unter 65 Jahre,93
2025,08226KRSI,"Rhein-Neckar-Kreis, Landkreis",Insgesamt,65 Jahre und mehr,123
2025,08226KRSI,"Rhein-Neckar-Kreis, Landkreis",Insgesamt,Insgesamt,554
2025,08226KRSI,"Rhein-Neckar-Kreis, Landkreis",Insgesamt,unter 15 Jahre,83
2025,08226KRSI,"Rhein-Neckar-Kreis, Landkreis",mit Migrationshintergrund,15 bis unter 25 Jahre,25
2025,08226KRSI,"Rhein-Neckar-Kreis, Landkreis",mit Migrationshintergrund,25 bis unter 35 Jahre,26
2025,08226KRSI,"Rhein-Neckar-Kreis, Landkreis",mit Migrationshintergrund,35 bis unter 45 Jahre,33
2025,08226KRSI,"Rhein-Neckar-Kreis, Landkreis",mit Migrationshintergrund,45 bis unter 55 Jahre,30
2025,08226KRSI,"Rhein-Neckar-Kreis, Landkreis",mit Migrationshintergrund,55 bis unter 65 Jahre,22
2025,08226KRSI,"Rhein-Neckar-Kreis, Landkreis",mit Migrationshintergrund,65 Jahre und mehr,24
2025,08226KRSI,"Rhein-Neckar-Kreis, Landkreis",mit Migrationshintergrund,Insgesamt,198
2025,08226KRSI,"Rhein-Neckar-Kreis, Landkreis",mit Migrationshintergrund,unter 15 Jahre,39
2025,08231KRSI,"Pforzheim, Stadtkreis",Insgesamt,15 bis unter 25 Jahre,10
2025,08231KRSI,"Pforzheim, Stadtkreis",Insgesamt,25 bis unter 35 Jahre,20
2025,08231KRSI,"Pforzheim, Stadtkreis",Insgesamt,35 bis unter 45 Jahre,19
2025,08231KRSI,"Pforzheim, Stadtkreis",Insgesamt,45 bis unter 55 Jahre,16
2025,08231KRSI,"Pforzheim, Stadtkreis",Insgesamt,55 bis unter 65 Jahre,18
2025,08231KRSI,"Pforzheim, Stadtkreis",Insgesamt,65 Jahre und mehr,28
2025,08231KRSI,"Pforzheim, Stadtkreis",Insgesamt,Insgesamt,132
2025,08231KRSI,"Pforzheim, Stadtkreis",Insgesamt,unter 15 Jahre,22
2025,08231KRSI,"Pforzheim, Stadtkreis",mit Migrationshintergrund,15 bis unter 25 Jahre,/
2025,08231KRSI,"Pforzheim, Stadtkreis",mit Migrationshintergrund,25 bis unter 35 Jahre,12
2025,08231KRSI,"Pforzheim, Stadtkreis",mit Migrationshintergrund,35 bis unter 45 Jahre,14
2025,08231KRSI,"Pforzheim, Stadtkreis",mit Migrationshintergrund,45 bis unter 55 Jahre,10
2025,08231KRSI,"Pforzheim, Stadtkreis",mit Migrationshintergrund,55 bis unter 65 Jahre,8
2025,08231KRSI,"Pforzheim, Stadtkreis",mit Migrationshintergrund,65 Jahre und mehr,9
2025,08231KRSI,"Pforzheim, Stadtkreis",mit Migrationshintergrund,Insgesamt,76
2025,08231KRSI,"Pforzheim, Stadtkreis",mit Migrationshintergrund,unter 15 Jahre,17
2025,08235KRSI,"Calw, Landkreis",Insgesamt,15 bis unter 25 Jahre,17
2025,08235KRSI,"Calw, Landkreis",Insgesamt,25 bis unter 35 Jahre,20
2025,08235KRSI,"Calw, Landkreis",Insgesamt,35 bis unter 45 Jahre,21
2025,08235KRSI,"Calw, Landkreis",Insgesamt,45 bis unter 55 Jahre,18
2025,08235KRSI,"Calw, Landkreis",Insgesamt,55 bis unter 65 Jahre,28
2025,08235KRSI,"Calw, Landkreis",Insgesamt,65 Jahre und mehr,31
2025,08235KRSI,"Calw, Landkreis",Insgesamt,Insgesamt,157
2025,08235KRSI,"Calw, Landkreis",Insgesamt,unter 15 Jahre,23
2025,08235KRSI,"Calw, Landkreis",mit Migrationshintergrund,15 bis unter 25 Jahre,8
2025,08235KRSI,"Calw, Landkreis",mit Migrationshintergrund,25 bis unter 35 Jahre,9
2025,08235KRSI,"Calw, Landkreis",mit Migrationshintergrund,35 bis unter 45 Jahre,9
2025,08235KRSI,"Calw, Landkreis",mit Migrationshintergrund,45 bis unter 55 Jahre,8
2025,08235KRSI,"Calw, Landkreis",mit Migrationshintergrund,55 bis unter 65 Jahre,8
2025,08235KRSI,"Calw, Landkreis",mit Migrationshintergrund,65 Jahre und mehr,7
2025,08235KRSI,"Calw, Landkreis",mit Migrationshintergrund,Insgesamt,58
2025,08235KRSI,"Calw, Landkreis",mit Migrationshintergrund,unter 15 Jahre,9
2025,08236KRSI,"Enzkreis, Landkreis",Insgesamt,15 bis unter 25 Jahre,17
2025,08236KRSI,"Enzkreis, Landkreis",Insgesamt,25 bis unter 35 Jahre,20
2025,08236KRSI,"Enzkreis, Landkreis",Insgesamt,35 bis unter 45 Jahre,26
2025,08236KRSI,"Enzkreis, Landkreis",Insgesamt,45 bis unter 55 Jahre,24
2025,08236KRSI,"Enzkreis, Landkreis",Insgesamt,55 bis unter 65 Jahre,35
2025,08236KRSI,"Enzkreis, Landkreis",Insgesamt,65 Jahre und mehr,44
2025,08236KRSI,"Enzkreis, Landkreis",Insgesamt,Insgesamt,201
2025,08236KRSI,"Enzkreis, Landkreis",Insgesamt,unter 15 Jahre,33
2025,08236KRSI,"Enzkreis, Landkreis",mit Migrationshintergrund,15 bis unter 25 Jahre,8
2025,08236KRSI,"Enzkreis, Landkreis",mit Migrationshintergrund,25 bis unter 35 Jahre,7
2025,08236KRSI,"Enzkreis, Landkreis",mit Migrationshintergrund,35 bis unter 45 Jahre,11
2025,08236KRSI,"Enzkreis, Landkreis",mit Migrationshintergrund,45 bis unter 55 Jahre,10
2025,08236KRSI,"Enzkreis, Landkreis",mit Migrationshintergrund,55 bis unter 65 Jahre,7
2025,08236KRSI,"Enzkreis, Landkreis",mit Migrationshintergrund,65 Jahre und mehr,8
2025,08236KRSI,"Enzkreis, Landkreis",mit Migrationshintergrund,Insgesamt,67
2025,08236KRSI,"Enzkreis, Landkreis",mit Migrationshintergrund,unter 15 Jahre,15
2025,08237KRSI,"Freudenstadt, Landkreis",Insgesamt,15 bis unter 25 Jahre,11
2025,08237KRSI,"Freudenstadt, Landkreis",Insgesamt,25 bis unter 35 Jahre,15
2025,08237KRSI,"Freudenstadt, Landkreis",Insgesamt,35 bis unter 45 Jahre,17
2025,08237KRSI,"Freudenstadt, Landkreis",Insgesamt,45 bis unter 55 Jahre,16
2025,08237KRSI,"Freudenstadt, Landkreis",Insgesamt,55 bis unter 65 Jahre,19
2025,08237KRSI,"Freudenstadt, Landkreis",Insgesamt,65 Jahre und mehr,21
2025,08237KRSI,"Freudenstadt, Landkreis",Insgesamt,Insgesamt,122
2025,08237KRSI,"Freudenstadt, Landkreis",Insgesamt,unter 15 Jahre,23
2025,08237KRSI,"Freudenstadt, Landkreis",mit Migrationshintergrund,15 bis unter 25 Jahre,/
2025,08237KRSI,"Freudenstadt, Landkreis",mit Migrationshintergrund,25 bis unter 35 Jahre,7
2025,08237KRSI,"Freudenstadt, Landkreis",mit Migrationshintergrund,35 bis unter 45 Jahre,7
2025,08237KRSI,"Freudenstadt, Landkreis",mit Migrationshintergrund,45 bis unter 55 Jahre,8
2025,08237KRSI,"Freudenstadt, Landkreis",mit Migrationshintergrund,55 bis unter 65 Jahre,/
2025,08237KRSI,"Freudenstadt, Landkreis",mit Migrationshintergrund,65 Jahre und mehr,/
2025,08237KRSI,"Freudenstadt, Landkreis",mit Migrationshintergrund,Insgesamt,44
2025,08237KRSI,"Freudenstadt, Landkreis",mit Migrationshintergrund,unter 15 Jahre,10
2025,08311KRSI,"Freiburg im Breisgau, Stadtkreis",Insgesamt,15 bis unter 25 Jahre,35
2025,08311KRSI,"Freiburg im Breisgau, Stadtkreis",Insgesamt,25 bis unter 35 Jahre,41
2025,08311KRSI,"Freiburg im Breisgau, Stadtkreis",Insgesamt,35 bis unter 45 Jahre,33
2025,08311KRSI,"Freiburg im Breisgau, Stadtkreis",Insgesamt,45 bis unter 55 Jahre,23
2025,08311KRSI,"Freiburg im Breisgau, Stadtkreis",Insgesamt,55 bis unter 65 Jahre,31
2025,08311KRSI,"Freiburg im Breisgau, Stadtkreis",Insgesamt,65 Jahre und mehr,40
2025,08311KRSI,"Freiburg im Breisgau, Stadtkreis",Insgesamt,Insgesamt,236
2025,08311KRSI,"Freiburg im Breisgau, Stadtkreis",Insgesamt,unter 15 Jahre,33
2025,08311KRSI,"Freiburg im Breisgau, Stadtkreis",mit Migrationshintergrund,15 bis unter 25 Jahre,13
2025,08311KRSI,"Freiburg im Breisgau, Stadtkreis",mit Migrationshintergrund,25 bis unter 35 Jahre,16
2025,08311KRSI,"Freiburg im Breisgau, Stadtkreis",mit Migrationshintergrund,35 bis unter 45 Jahre,14
2025,08311KRSI,"Freiburg im Breisgau, Stadtkreis",mit Migrationshintergrund,45 bis unter 55 Jahre,10
2025,08311KRSI,"Freiburg im Breisgau, Stadtkreis",mit Migrationshintergrund,55 bis unter 65 Jahre,8
2025,08311KRSI,"Freiburg im Breisgau, Stadtkreis",mit Migrationshintergrund,65 Jahre und mehr,10
2025,08311KRSI,"Freiburg im Breisgau, Stadtkreis",mit Migrationshintergrund,Insgesamt,85
2025,08311KRSI,"Freiburg im Breisgau, Stadtkreis",mit Migrationshintergrund,unter 15 Jahre,14
2025,08315KRSI,"Breisgau-Hochschwarzwald, Landkreis",Insgesamt,15 bis unter 25 Jahre,30
2025,08315KRSI,"Breisgau-Hochschwarzwald, Landkreis",Insgesamt,25 bis unter 35 Jahre,32
2025,08315KRSI,"Breisgau-Hochschwarzwald, Landkreis",Insgesamt,35 bis unter 45 Jahre,30
2025,08315KRSI,"Breisgau-Hochschwarzwald, Landkreis",Insgesamt,45 bis unter 55 Jahre,33
2025,08315KRSI,"Breisgau-Hochschwarzwald, Landkreis",Insgesamt,55 bis unter 65 Jahre,43
2025,08315KRSI,"Breisgau-Hochschwarzwald, Landkreis",Insgesamt,65 Jahre und mehr,66
2025,08315KRSI,"Breisgau-Hochschwarzwald, Landkreis",Insgesamt,Insgesamt,270
2025,08315KRSI,"Breisgau-Hochschwarzwald, Landkreis",Insgesamt,unter 15 Jahre,36
2025,08315KRSI,"Breisgau-Hochschwarzwald, Landkreis",mit Migrationshintergrund,15 bis unter 25 Jahre,12
2025,08315KRSI,"Breisgau-Hochschwarzwald, Landkreis",mit Migrationshintergrund,25 bis unter 35 Jahre,12
2025,08315KRSI,"Breisgau-Hochschwarzwald, Landkreis",mit Migrationshintergrund,35 bis unter 45 Jahre,11
2025,08315KRSI,"Breisgau-Hochschwarzwald, Landkreis",mit Migrationshintergrund,45 bis unter 55 Jahre,11
2025,08315KRSI,"Breisgau-Hochschwarzwald, Landkreis",mit Migrationshintergrund,55 bis unter 65 Jahre,9
2025,08315KRSI,"Breisgau-Hochschwarzwald, Landkreis",mit Migrationshintergrund,65 Jahre und mehr,9
2025,08315KRSI,"Breisgau-Hochschwarzwald, Landkreis",mit Migrationshintergrund,Insgesamt,79
2025,08315KRSI,"Breisgau-Hochschwarzwald, Landkreis",mit Migrationshintergrund,unter 15 Jahre,15
2025,08316KRSI,"Emmendingen, Landkreis",Insgesamt,15 bis unter 25 Jahre,16
2025,08316KRSI,"Emmendingen, Landkreis",Insgesamt,25 bis unter 35 Jahre,18
2025,08316KRSI,"Emmendingen, Landkreis",Insgesamt,35 bis unter 45 Jahre,25
2025,08316KRSI,"Emmendingen, Landkreis",Insgesamt,45 bis unter 55 Jahre,19
2025,08316KRSI,"Emmendingen, Landkreis",Insgesamt,55 bis unter 65 Jahre,22
2025,08316KRSI,"Emmendingen, Landkreis",Insgesamt,65 Jahre und mehr,40
2025,08316KRSI,"Emmendingen, Landkreis",Insgesamt,Insgesamt,169
2025,08316KRSI,"Emmendingen, Landkreis",Insgesamt,unter 15 Jahre,29
2025,08316KRSI,"Emmendingen, Landkreis",mit Migrationshintergrund,15 bis unter 25 Jahre,/
2025,08316KRSI,"Emmendingen, Landkreis",mit Migrationshintergrund,25 bis unter 35 Jahre,7
2025,08316KRSI,"Emmendingen, Landkreis",mit Migrationshintergrund,35 bis unter 45 Jahre,10
2025,08316KRSI,"Emmendingen, Landkreis",mit Migrationshintergrund,45 bis unter 55 Jahre,6
2025,08316KRSI,"Emmendingen, Landkreis",mit Migrationshintergrund,55 bis unter 65 Jahre,/
2025,08316KRSI,"Emmendingen, Landkreis",mit Migrationshintergrund,65 Jahre und mehr,6
2025,08316KRSI,"Emmendingen, Landkreis",mit Migrationshintergrund,Insgesamt,48
2025,08316KRSI,"Emmendingen, Landkreis",mit Migrationshintergrund,unter 15 Jahre,12
2025,08317KRSI,"Ortenaukreis, Landkreis",Insgesamt,15 bis unter 25 Jahre,48
2025,08317KRSI,"Ortenaukreis, Landkreis",Insgesamt,25 bis unter 35 Jahre,57
2025,08317KRSI,"Ortenaukreis, Landkreis",Insgesamt,35 bis unter 45 Jahre,61
2025,08317KRSI,"Ortenaukreis, Landkreis",Insgesamt,45 bis unter 55 Jahre,47
2025,08317KRSI,"Ortenaukreis, Landkreis",Insgesamt,55 bis unter 65 Jahre,72
2025,08317KRSI,"Ortenaukreis, Landkreis",Insgesamt,65 Jahre und mehr,91
2025,08317KRSI,"Ortenaukreis, Landkreis",Insgesamt,Insgesamt,445
2025,08317KRSI,"Ortenaukreis, Landkreis",Insgesamt,unter 15 Jahre,68
2025,08317KRSI,"Ortenaukreis, Landkreis",mit Migrationshintergrund,15 bis unter 25 Jahre,21
2025,08317KRSI,"Ortenaukreis, Landkreis",mit Migrationshintergrund,25 bis unter 35 Jahre,21
2025,08317KRSI,"Ortenaukreis, Landkreis",mit Migrationshintergrund,35 bis unter 45 Jahre,29
2025,08317KRSI,"Ortenaukreis, Landkreis",mit Migrationshintergrund,45 bis unter 55 Jahre,18
2025,08317KRSI,"Ortenaukreis, Landkreis",mit Migrationshintergrund,55 bis unter 65 Jahre,16
2025,08317KRSI,"Ortenaukreis, Landkreis",mit Migrationshintergrund,65 Jahre und mehr,17
2025,08317KRSI,"Ortenaukreis, Landkreis",mit Migrationshintergrund,Insgesamt,158
2025,08317KRSI,"Ortenaukreis, Landkreis",mit Migrationshintergrund,unter 15 Jahre,35
2025,08325KRSI,"Rottweil, Landkreis",Insgesamt,15 bis unter 25 Jahre,15
2025,08325KRSI,"Rottweil, Landkreis",Insgesamt,25 bis unter 35 Jahre,16
2025,08325KRSI,"Rottweil, Landkreis",Insgesamt,35 bis unter 45 Jahre,18
2025,08325KRSI,"Rottweil, Landkreis",Insgesamt,45 bis unter 55 Jahre,17
2025,08325KRSI,"Rottweil, Landkreis",Insgesamt,55 bis unter 65 Jahre,27
2025,08325KRSI,"Rottweil, Landkreis",Insgesamt,65 Jahre und mehr,27
2025,08325KRSI,"Rottweil, Landkreis",Insgesamt,Insgesamt,140
2025,08325KRSI,"Rottweil, Landkreis",Insgesamt,unter 15 Jahre,20
2025,08325KRSI,"Rottweil, Landkreis",mit Migrationshintergrund,15 bis unter 25 Jahre,7
2025,08325KRSI,"Rottweil, Landkreis",mit Migrationshintergrund,25 bis unter 35 Jahre,/
2025,08325KRSI,"Rottweil, Landkreis",mit Migrationshintergrund,35 bis unter 45 Jahre,7
2025,08325KRSI,"Rottweil, Landkreis",mit Migrationshintergrund,45 bis unter 55 Jahre,7
2025,08325KRSI,"Rottweil, Landkreis",mit Migrationshintergrund,55 bis unter 65 Jahre,7
2025,08325KRSI,"Rottweil, Landkreis",mit Migrationshintergrund,65 Jahre und mehr,/
2025,08325KRSI,"Rottweil, Landkreis",mit Migrationshintergrund,Insgesamt,49
2025,08325KRSI,"Rottweil, Landkreis",mit Migrationshintergrund,unter 15 Jahre,10
2025,08326KRSI,"Schwarzwald-Baar-Kreis, Landkreis",Insgesamt,15 bis unter 25 Jahre,23
2025,08326KRSI,"Schwarzwald-Baar-Kreis, Landkreis",Insgesamt,25 bis unter 35 Jahre,24
2025,08326KRSI,"Schwarzwald-Baar-Kreis, Landkreis",Insgesamt,35 bis unter 45 Jahre,24
2025,08326KRSI,"Schwarzwald-Baar-Kreis, Landkreis",Insgesamt,45 bis unter 55 Jahre,26
2025,08326KRSI,"Schwarzwald-Baar-Kreis, Landkreis",Insgesamt,55 bis unter 65 Jahre,34
2025,08326KRSI,"Schwarzwald-Baar-Kreis, Landkreis",Insgesamt,65 Jahre und mehr,52
2025,08326KRSI,"Schwarzwald-Baar-Kreis, Landkreis",Insgesamt,Insgesamt,214
2025,08326KRSI,"Schwarzwald-Baar-Kreis, Landkreis",Insgesamt,unter 15 Jahre,30
2025,08326KRSI,"Schwarzwald-Baar-Kreis, Landkreis",mit Migrationshintergrund,15 bis unter 25 Jahre,13
2025,08326KRSI,"Schwarzwald-Baar-Kreis, Landkreis",mit Migrationshintergrund,25 bis unter 35 Jahre,11
2025,08326KRSI,"Schwarzwald-Baar-Kreis, Landkreis",mit Migrationshintergrund,35 bis unter 45 Jahre,13
2025,08326KRSI,"Schwarzwald-Baar-Kreis, Landkreis",mit Migrationshintergrund,45 bis unter 55 Jahre,14
2025,08326KRSI,"Schwarzwald-Baar-Kreis, Landkreis",mit Migrationshintergrund,55 bis unter 65 Jahre,9
2025,08326KRSI,"Schwarzwald-Baar-Kreis, Landkreis",mit Migrationshintergrund,65 Jahre und mehr,13
2025,08326KRSI,"Schwarzwald-Baar-Kreis, Landkreis",mit Migrationshintergrund,Insgesamt,92
2025,08326KRSI,"Schwarzwald-Baar-Kreis, Landkreis",mit Migrationshintergrund,unter 15 Jahre,19
2025,08327KRSI,"Tuttlingen, Landkreis",Insgesamt,15 bis unter 25 Jahre,16
2025,08327KRSI,"Tuttlingen, Landkreis",Insgesamt,25 bis unter 35 Jahre,17
2025,08327KRSI,"Tuttlingen, Landkreis",Insgesamt,35 bis unter 45 Jahre,18
2025,08327KRSI,"Tuttlingen, Landkreis",Insgesamt,45 bis unter 55 Jahre,18
2025,08327KRSI,"Tuttlingen, Landkreis",Insgesamt,55 bis unter 65 Jahre,24
2025,08327KRSI,"Tuttlingen, Landkreis",Insgesamt,65 Jahre und mehr,31
2025,08327KRSI,"Tuttlingen, Landkreis",Insgesamt,Insgesamt,145
2025,08327KRSI,"Tuttlingen, Landkreis",Insgesamt,unter 15 Jahre,22
2025,08327KRSI,"Tuttlingen, Landkreis",mit Migrationshintergrund,15 bis unter 25 Jahre,9
2025,08327KRSI,"Tuttlingen, Landkreis",mit Migrationshintergrund,25 bis unter 35 Jahre,8
2025,08327KRSI,"Tuttlingen, Landkreis",mit Migrationshintergrund,35 bis unter 45 Jahre,9
2025,08327KRSI,"Tuttlingen, Landkreis",mit Migrationshintergrund,45 bis unter 55 Jahre,8
2025,08327KRSI,"Tuttlingen, Landkreis",mit Migrationshintergrund,55 bis unter 65 Jahre,7
2025,08327KRSI,"Tuttlingen, Landkreis",mit Migrationshintergrund,65 Jahre und mehr,7
2025,08327KRSI,"Tuttlingen, Landkreis",mit Migrationshintergrund,Insgesamt,60
2025,08327KRSI,"Tuttlingen, Landkreis",mit Migrationshintergrund,unter 15 Jahre,12
2025,08335KRSI,"Konstanz, Landkreis",Insgesamt,15 bis unter 25 Jahre,38
2025,08335KRSI,"Konstanz, Landkreis",Insgesamt,25 bis unter 35 Jahre,31
2025,08335KRSI,"Konstanz, Landkreis",Insgesamt,35 bis unter 45 Jahre,36
2025,08335KRSI,"Konstanz, Landkreis",Insgesamt,45 bis unter 55 Jahre,35
2025,08335KRSI,"Konstanz, Landkreis",Insgesamt,55 bis unter 65 Jahre,44
2025,08335KRSI,"Konstanz, Landkreis",Insgesamt,65 Jahre und mehr,60
2025,08335KRSI,"Konstanz, Landkreis",Insgesamt,Insgesamt,289
2025,08335KRSI,"Konstanz, Landkreis",Insgesamt,unter 15 Jahre,44
2025,08335KRSI,"Konstanz, Landkreis",mit Migrationshintergrund,15 bis unter 25 Jahre,15
2025,08335KRSI,"Konstanz, Landkreis",mit Migrationshintergrund,25 bis unter 35 Jahre,16
2025,08335KRSI,"Konstanz, Landkreis",mit Migrationshintergrund,35 bis unter 45 Jahre,16
2025,08335KRSI,"Konstanz, Landkreis",mit Migrationshintergrund,45 bis unter 55 Jahre,15
2025,08335KRSI,"Konstanz, Landkreis",mit Migrationshintergrund,55 bis unter 65 Jahre,12
2025,08335KRSI,"Konstanz, Landkreis",mit Migrationshintergrund,65 Jahre und mehr,15
2025,08335KRSI,"Konstanz, Landkreis",mit Migrationshintergrund,Insgesamt,109
2025,08335KRSI,"Konstanz, Landkreis",mit Migrationshintergrund,unter 15 Jahre,21
2025,08336KRSI,"Lörrach, Landkreis",Insgesamt,15 bis unter 25 Jahre,22
2025,08336KRSI,"Lörrach, Landkreis",Insgesamt,25 bis unter 35 Jahre,27
2025,08336KRSI,"Lörrach, Landkreis",Insgesamt,35 bis unter 45 Jahre,31
2025,08336KRSI,"Lörrach, Landkreis",Insgesamt,45 bis unter 55 Jahre,27
2025,08336KRSI,"Lörrach, Landkreis",Insgesamt,55 bis unter 65 Jahre,41
2025,08336KRSI,"Lörrach, Landkreis",Insgesamt,65 Jahre und mehr,53
2025,08336KRSI,"Lörrach, Landkreis",Insgesamt,Insgesamt,236
2025,08336KRSI,"Lörrach, Landkreis",Insgesamt,unter 15 Jahre,35
2025,08336KRSI,"Lörrach, Landkreis",mit Migrationshintergrund,15 bis unter 25 Jahre,12
2025,08336KRSI,"Lörrach, Landkreis",mit Migrationshintergrund,25 bis unter 35 Jahre,11
2025,08336KRSI,"Lörrach, Landkreis",mit Migrationshintergrund,35 bis unter 45 Jahre,17
2025,08336KRSI,"Lörrach, Landkreis",mit Migrationshintergrund,45 bis unter 55 Jahre,13
2025,08336KRSI,"Lörrach, Landkreis",mit Migrationshintergrund,55 bis unter 65 Jahre,10
2025,08336KRSI,"Lörrach, Landkreis",mit Migrationshintergrund,65 Jahre und mehr,11
2025,08336KRSI,"Lörrach, Landkreis",mit Migrationshintergrund,Insgesamt,94
2025,08336KRSI,"Lörrach, Landkreis",mit Migrationshintergrund,unter 15 Jahre,19
2025,08337KRSI,"Waldshut, Landkreis",Insgesamt,15 bis unter 25 Jahre,16
2025,08337KRSI,"Waldshut, Landkreis",Insgesamt,25 bis unter 35 Jahre,18
2025,08337KRSI,"Waldshut, Landkreis",Insgesamt,35 bis unter 45 Jahre,23
2025,08337KRSI,"Waldshut, Landkreis",Insgesamt,45 bis unter 55 Jahre,22
2025,08337KRSI,"Waldshut, Landkreis",Insgesamt,55 bis unter 65 Jahre,24
2025,08337KRSI,"Waldshut, Landkreis",Insgesamt,65 Jahre und mehr,42
2025,08337KRSI,"Waldshut, Landkreis",Insgesamt,Insgesamt,172
2025,08337KRSI,"Waldshut, Landkreis",Insgesamt,unter 15 Jahre,27
2025,08337KRSI,"Waldshut, Landkreis",mit Migrationshintergrund,15 bis unter 25 Jahre,8
2025,08337KRSI,"Waldshut, Landkreis",mit Migrationshintergrund,25 bis unter 35 Jahre,8
2025,08337KRSI,"Waldshut, Landkreis",mit Migrationshintergrund,35 bis unter 45 Jahre,12
2025,08337KRSI,"Waldshut, Landkreis",mit Migrationshintergrund,45 bis unter 55 Jahre,10
2025,08337KRSI,"Waldshut, Landkreis",mit Migrationshintergrund,55 bis unter 65 Jahre,6
2025,08337KRSI,"Waldshut, Landkreis",mit Migrationshintergrund,65 Jahre und mehr,9
2025,08337KRSI,"Waldshut, Landkreis",mit Migrationshintergrund,Insgesamt,65
2025,08337KRSI,"Waldshut, Landkreis",mit Migrationshintergrund,unter 15 Jahre,13
2025,08415KRSI,"Reutlingen, Landkreis",Insgesamt,15 bis unter 25 Jahre,30
2025,08415KRSI,"Reutlingen, Landkreis",Insgesamt,25 bis unter 35 Jahre,38
2025,08415KRSI,"Reutlingen, Landkreis",Insgesamt,35 bis unter 45 Jahre,34
2025,08415KRSI,"Reutlingen, Landkreis",Insgesamt,45 bis unter 55 Jahre,33
2025,08415KRSI,"Reutlingen, Landkreis",Insgesamt,55 bis unter 65 Jahre,47
2025,08415KRSI,"Reutlingen, Landkreis",Insgesamt,65 Jahre und mehr,63
2025,08415KRSI,"Reutlingen, Landkreis",Insgesamt,Insgesamt,288
2025,08415KRSI,"Reutlingen, Landkreis",Insgesamt,unter 15 Jahre,43
2025,08415KRSI,"Reutlingen, Landkreis",mit Migrationshintergrund,15 bis unter 25 Jahre,15
2025,08415KRSI,"Reutlingen, Landkreis",mit Migrationshintergrund,25 bis unter 35 Jahre,19
2025,08415KRSI,"Reutlingen, Landkreis",mit Migrationshintergrund,35 bis unter 45 Jahre,14
2025,08415KRSI,"Reutlingen, Landkreis",mit Migrationshintergrund,45 bis unter 55 Jahre,16
2025,08415KRSI,"Reutlingen, Landkreis",mit Migrationshintergrund,55 bis unter 65 Jahre,12
2025,08415KRSI,"Reutlingen, Landkreis",mit Migrationshintergrund,65 Jahre und mehr,15
2025,08415KRSI,"Reutlingen, Landkreis",mit Migrationshintergrund,Insgesamt,112
2025,08415KRSI,"Reutlingen, Landkreis",mit Migrationshintergrund,unter 15 Jahre,20
2025,08416KRSI,"Tübingen, Landkreis",Insgesamt,15 bis unter 25 Jahre,30
2025,08416KRSI,"Tübingen, Landkreis",Insgesamt,25 bis unter 35 Jahre,39
2025,08416KRSI,"Tübingen, Landkreis",Insgesamt,35 bis unter 45 Jahre,29
2025,08416KRSI,"Tübingen, Landkreis",Insgesamt,45 bis unter 55 Jahre,23
2025,08416KRSI,"Tübingen, Landkreis",Insgesamt,55 bis unter 65 Jahre,33
2025,08416KRSI,"Tübingen, Landkreis",Insgesamt,65 Jahre und mehr,45
2025,08416KRSI,"Tübingen, Landkreis",Insgesamt,Insgesamt,233
2025,08416KRSI,"Tübingen, Landkreis",Insgesamt,unter 15 Jahre,34
2025,08416KRSI,"Tübingen, Landkreis",mit Migrationshintergrund,15 bis unter 25 Jahre,10
2025,08416KRSI,"Tübingen, Landkreis",mit Migrationshintergrund,25 bis unter 35 Jahre,12
2025,08416KRSI,"Tübingen, Landkreis",mit Migrationshintergrund,35 bis unter 45 Jahre,9
2025,08416KRSI,"Tübingen, Landkreis",mit Migrationshintergrund,45 bis unter 55 Jahre,8
2025,08416KRSI,"Tübingen, Landkreis",mit Migrationshintergrund,55 bis unter 65 Jahre,8
2025,08416KRSI,"Tübingen, Landkreis",mit Migrationshintergrund,65 Jahre und mehr,9
2025,08416KRSI,"Tübingen, Landkreis",mit Migrationshintergrund,Insgesamt,69
2025,08416KRSI,"Tübingen, Landkreis",mit Migrationshintergrund,unter 15 Jahre,12
2025,08417KRSI,"Zollernalbkreis, Landkreis",Insgesamt,15 bis unter 25 Jahre,20
2025,08417KRSI,"Zollernalbkreis, Landkreis",Insgesamt,25 bis unter 35 Jahre,21
2025,08417KRSI,"Zollernalbkreis, Landkreis",Insgesamt,35 bis unter 45 Jahre,23
2025,08417KRSI,"Zollernalbkreis, Landkreis",Insgesamt,45 bis unter 55 Jahre,24
2025,08417KRSI,"Zollernalbkreis, Landkreis",Insgesamt,55 bis unter 65 Jahre,32
2025,08417KRSI,"Zollernalbkreis, Landkreis",Insgesamt,65 Jahre und mehr,43
2025,08417KRSI,"Zollernalbkreis, Landkreis",Insgesamt,Insgesamt,195
2025,08417KRSI,"Zollernalbkreis, Landkreis",Insgesamt,unter 15 Jahre,31
2025,08417KRSI,"Zollernalbkreis, Landkreis",mit Migrationshintergrund,15 bis unter 25 Jahre,10
2025,08417KRSI,"Zollernalbkreis, Landkreis",mit Migrationshintergrund,25 bis unter 35 Jahre,8
2025,08417KRSI,"Zollernalbkreis, Landkreis",mit Migrationshintergrund,35 bis unter 45 Jahre,11
2025,08417KRSI,"Zollernalbkreis, Landkreis",mit Migrationshintergrund,45 bis unter 55 Jahre,10
2025,08417KRSI,"Zollernalbkreis, Landkreis",mit Migrationshintergrund,55 bis unter 65 Jahre,8
2025,08417KRSI,"Zollernalbkreis, Landkreis",mit Migrationshintergrund,65 Jahre und mehr,7
2025,08417KRSI,"Zollernalbkreis, Landkreis",mit Migrationshintergrund,Insgesamt,68
2025,08417KRSI,"Zollernalbkreis, Landkreis",mit Migrationshintergrund,unter 15 Jahre,14
2025,08421KRSI,"Ulm, Stadtkreis",Insgesamt,15 bis unter 25 Jahre,12
2025,08421KRSI,"Ulm, Stadtkreis",Insgesamt,25 bis unter 35 Jahre,24
2025,08421KRSI,"Ulm, Stadtkreis",Insgesamt,35 bis unter 45 Jahre,20
2025,08421KRSI,"Ulm, Stadtkreis",Insgesamt,45 bis unter 55 Jahre,17
2025,08421KRSI,"Ulm, Stadtkreis",Insgesamt,55 bis unter 65 Jahre,15
2025,08421KRSI,"Ulm, Stadtkreis",Insgesamt,65 Jahre und mehr,20
2025,08421KRSI,"Ulm, Stadtkreis",Insgesamt,Insgesamt,130
2025,08421KRSI,"Ulm, Stadtkreis",Insgesamt,unter 15 Jahre,20
2025,08421KRSI,"Ulm, Stadtkreis",mit Migrationshintergrund,15 bis unter 25 Jahre,9
2025,08421KRSI,"Ulm, Stadtkreis",mit Migrationshintergrund,25 bis unter 35 Jahre,11
2025,08421KRSI,"Ulm, Stadtkreis",mit Migrationshintergrund,35 bis unter 45 Jahre,11
2025,08421KRSI,"Ulm, Stadtkreis",mit Migrationshintergrund,45 bis unter 55 Jahre,10
2025,08421KRSI,"Ulm, Stadtkreis",mit Migrationshintergrund,55 bis unter 65 Jahre,/
2025,08421KRSI,"Ulm, Stadtkreis",mit Migrationshintergrund,65 Jahre und mehr,7
2025,08421KRSI,"Ulm, Stadtkreis",mit Migrationshintergrund,Insgesamt,66
2025,08421KRSI,"Ulm, Stadtkreis",mit Migrationshintergrund,unter 15 Jahre,13
2025,08425KRSI,"Alb-Donau-Kreis, Landkreis",Insgesamt,15 bis unter 25 Jahre,22
2025,08425KRSI,"Alb-Donau-Kreis, Landkreis",Insgesamt,25 bis unter 35 Jahre,23
2025,08425KRSI,"Alb-Donau-Kreis, Landkreis",Insgesamt,35 bis unter 45 Jahre,27
2025,08425KRSI,"Alb-Donau-Kreis, Landkreis",Insgesamt,45 bis unter 55 Jahre,23
2025,08425KRSI,"Alb-Donau-Kreis, Landkreis",Insgesamt,55 bis unter 65 Jahre,34
2025,08425KRSI,"Alb-Donau-Kreis, Landkreis",Insgesamt,65 Jahre und mehr,44
2025,08425KRSI,"Alb-Donau-Kreis, Landkreis",Insgesamt,Insgesamt,200
2025,08425KRSI,"Alb-Donau-Kreis, Landkreis",Insgesamt,unter 15 Jahre,28
2025,08425KRSI,"Alb-Donau-Kreis, Landkreis",mit Migrationshintergrund,15 bis unter 25 Jahre,9
2025,08425KRSI,"Alb-Donau-Kreis, Landkreis",mit Migrationshintergrund,25 bis unter 35 Jahre,9
2025,08425KRSI,"Alb-Donau-Kreis, Landkreis",mit Migrationshintergrund,35 bis unter 45 Jahre,11
2025,08425KRSI,"Alb-Donau-Kreis, Landkreis",mit Migrationshintergrund,45 bis unter 55 Jahre,8
2025,08425KRSI,"Alb-Donau-Kreis, Landkreis",mit Migrationshintergrund,55 bis unter 65 Jahre,7
2025,08425KRSI,"Alb-Donau-Kreis, Landkreis",mit Migrationshintergrund,65 Jahre und mehr,7
2025,08425KRSI,"Alb-Donau-Kreis, Landkreis",mit Migrationshintergrund,Insgesamt,61
2025,08425KRSI,"Alb-Donau-Kreis, Landkreis",mit Migrationshintergrund,unter 15 Jahre,11
2025,08426KRSI,"Biberach, Landkreis",Insgesamt,15 bis unter 25 Jahre,18
2025,08426KRSI,"Biberach, Landkreis",Insgesamt,25 bis unter 35 Jahre,27
2025,08426KRSI,"Biberach, Landkreis",Insgesamt,35 bis unter 45 Jahre,34
2025,08426KRSI,"Biberach, Landkreis",Insgesamt,45 bis unter 55 Jahre,22
2025,08426KRSI,"Biberach, Landkreis",Insgesamt,55 bis unter 65 Jahre,29
2025,08426KRSI,"Biberach, Landkreis",Insgesamt,65 Jahre und mehr,46
2025,08426KRSI,"Biberach, Landkreis",Insgesamt,Insgesamt,209
2025,08426KRSI,"Biberach, Landkreis",Insgesamt,unter 15 Jahre,33
2025,08426KRSI,"Biberach, Landkreis",mit Migrationshintergrund,15 bis unter 25 Jahre,/
2025,08426KRSI,"Biberach, Landkreis",mit Migrationshintergrund,25 bis unter 35 Jahre,/
2025,08426KRSI,"Biberach, Landkreis",mit Migrationshintergrund,35 bis unter 45 Jahre,12
2025,08426KRSI,"Biberach, Landkreis",mit Migrationshintergrund,45 bis unter 55 Jahre,/
2025,08426KRSI,"Biberach, Landkreis",mit Migrationshintergrund,55 bis unter 65 Jahre,/
2025,08426KRSI,"Biberach, Landkreis",mit Migrationshintergrund,65 Jahre und mehr,8
2025,08426KRSI,"Biberach, Landkreis",mit Migrationshintergrund,Insgesamt,59
2025,08426KRSI,"Biberach, Landkreis",mit Migrationshintergrund,unter 15 Jahre,11
2025,08435KRSI,"Bodenseekreis, Landkreis",Insgesamt,15 bis unter 25 Jahre,23
2025,08435KRSI,"Bodenseekreis, Landkreis",Insgesamt,25 bis unter 35 Jahre,26
2025,08435KRSI,"Bodenseekreis, Landkreis",Insgesamt,35 bis unter 45 Jahre,27
2025,08435KRSI,"Bodenseekreis, Landkreis",Insgesamt,45 bis unter 55 Jahre,25
2025,08435KRSI,"Bodenseekreis, Landkreis",Insgesamt,55 bis unter 65 Jahre,34
2025,08435KRSI,"Bodenseekreis, Landkreis",Insgesamt,65 Jahre und mehr,54
2025,08435KRSI,"Bodenseekreis, Landkreis",Insgesamt,Insgesamt,217
2025,08435KRSI,"Bodenseekreis, Landkreis",Insgesamt,unter 15 Jahre,28
2025,08435KRSI,"Bodenseekreis, Landkreis",mit Migrationshintergrund,15 bis unter 25 Jahre,11
2025,08435KRSI,"Bodenseekreis, Landkreis",mit Migrationshintergrund,25 bis unter 35 Jahre,11
2025,08435KRSI,"Bodenseekreis, Landkreis",mit Migrationshintergrund,35 bis unter 45 Jahre,12
2025,08435KRSI,"Bodenseekreis, Landkreis",mit Migrationshintergrund,45 bis unter 55 Jahre,10
2025,08435KRSI,"Bodenseekreis, Landkreis",mit Migrationshintergrund,55 bis unter 65 Jahre,8
2025,08435KRSI,"Bodenseekreis, Landkreis",mit Migrationshintergrund,65 Jahre und mehr,9
2025,08435KRSI,"Bodenseekreis, Landkreis",mit Migrationshintergrund,Insgesamt,77
2025,08435KRSI,"Bodenseekreis, Landkreis",mit Migrationshintergrund,unter 15 Jahre,14
2025,08436KRSI,"Ravensburg, Landkreis",Insgesamt,15 bis unter 25 Jahre,28
2025,08436KRSI,"Ravensburg, Landkreis",Insgesamt,25 bis unter 35 Jahre,39
2025,08436KRSI,"Ravensburg, Landkreis",Insgesamt,35 bis unter 45 Jahre,39
2025,08436KRSI,"Ravensburg, Landkreis",Insgesamt,45 bis unter 55 Jahre,33
2025,08436KRSI,"Ravensburg, Landkreis",Insgesamt,55 bis unter 65 Jahre,45
2025,08436KRSI,"Ravensburg, Landkreis",Insgesamt,65 Jahre und mehr,63
2025,08436KRSI,"Ravensburg, Landkreis",Insgesamt,Insgesamt,290
2025,08436KRSI,"Ravensburg, Landkreis",Insgesamt,unter 15 Jahre,44
2025,08436KRSI,"Ravensburg, Landkreis",mit Migrationshintergrund,15 bis unter 25 Jahre,11
2025,08436KRSI,"Ravensburg, Landkreis",mit Migrationshintergrund,25 bis unter 35 Jahre,12
2025,08436KRSI,"Ravensburg, Landkreis",mit Migrationshintergrund,35 bis unter 45 Jahre,13
2025,08436KRSI,"Ravensburg, Landkreis",mit Migrationshintergrund,45 bis unter 55 Jahre,13
2025,08436KRSI,"Ravensburg, Landkreis",mit Migrationshintergrund,55 bis unter 65 Jahre,10
2025,08436KRSI,"Ravensburg, Landkreis",mit Migrationshintergrund,65 Jahre und mehr,12
2025,08436KRSI,"Ravensburg, Landkreis",mit Migrationshintergrund,Insgesamt,86
2025,08436KRSI,"Ravensburg, Landkreis",mit Migrationshintergrund,unter 15 Jahre,14
2025,08437KRSI,"Sigmaringen, Landkreis",Insgesamt,15 bis unter 25 Jahre,14
2025,08437KRSI,"Sigmaringen, Landkreis",Insgesamt,25 bis unter 35 Jahre,14
2025,08437KRSI,"Sigmaringen, Landkreis",Insgesamt,35 bis unter 45 Jahre,17
2025,08437KRSI,"Sigmaringen, Landkreis",Insgesamt,45 bis unter 55 Jahre,15
2025,08437KRSI,"Sigmaringen, Landkreis",Insgesamt,55 bis unter 65 Jahre,22
2025,08437KRSI,"Sigmaringen, Landkreis",Insgesamt,65 Jahre und mehr,28
2025,08437KRSI,"Sigmaringen, Landkreis",Insgesamt,Insgesamt,131
2025,08437KRSI,"Sigmaringen, Landkreis",Insgesamt,unter 15 Jahre,21
2025,08437KRSI,"Sigmaringen, Landkreis",mit Migrationshintergrund,15 bis unter 25 Jahre,/
2025,08437KRSI,"Sigmaringen, Landkreis",mit Migrationshintergrund,25 bis unter 35 Jahre,/
2025,08437KRSI,"Sigmaringen, Landkreis",mit Migrationshintergrund,35 bis unter 45 Jahre,/
2025,08437KRSI,"Sigmaringen, Landkreis",mit Migrationshintergrund,45 bis unter 55 Jahre,/
2025,08437KRSI,"Sigmaringen, Landkreis",mit Migrationshintergrund,55 bis unter 65 Jahre,/
2025,08437KRSI,"Sigmaringen, Landkreis",mit Migrationshintergrund,65 Jahre und mehr,6
2025,08437KRSI,"Sigmaringen, Landkreis",mit Migrationshintergrund,Insgesamt,33
2025,08437KRSI,"Sigmaringen, Landkreis",mit Migrationshintergrund,unter 15 Jahre,/
