year,region_code,region_label,series,migration_status,detail,value_thousand
2021,08111KRSI,"Stuttgart, Stadtkreis",by_marital_status,Insgesamt,Insgesamt,603
2021,08111KRSI,"Stuttgart, Stadtkreis",by_marital_status,Insgesamt,geschieden,38
2021,08111KRSI,"Stuttgart, Stadtkreis",by_marital_status,Insgesamt,ledig,300
2021,08111KRSI,"Stuttgart, Stadtkreis",by_marital_status,Insgesamt,verheiratet,237
2021,08111KRSI,"Stuttgart, Stadtkreis",by_marital_status,Insgesamt,verwitwet,28
2021,08111KRSI,"Stuttgart, Stadtkreis",by_marital_status,mit Migrationshintergrund,Insgesamt,274
2021,08111KRSI,"Stuttgart, Stadtkreis",by_marital_status,mit Migrationshintergrund,geschieden,16
2021,08111KRSI,"Stuttgart, Stadtkreis",by_marital_status,mit Migrationshintergrund,ledig,139
2021,08111KRSI,"Stuttgart, Stadtkreis",by_marital_status,mit Migrationshintergrund,verheiratet,110
2021,08111KRSI,"Stuttgart, Stadtkreis",by_marital_status,mit Migrationshintergrund,verwitwet,9
2021,08111KRSI,"Stuttgart, Stadtkreis",second_generation_german,mit Migrationshintergrund | ohne eigene Migrationserfahrung | Deutsche,Insgesamt,84
2021,08111KRSI,"Stuttgart, Stadtkreis",second_generation_german,mit Migrationshintergrund | ohne eigene Migrationserfahrung | Deutsche,geschieden,/
2021,08111KRSI,"Stuttgart, Stadtkreis",second_generation_german,mit Migrationshintergrund | ohne eigene Migrationserfahrung | Deutsche,ledig,68
2021,08111KRSI,"Stuttgart, Stadtkreis",second_generation_german,mit Migrationshintergrund | ohne eigene Migrationserfahrung | Deutsche,verheiratet,13
2021,08111KRSI,"Stuttgart, Stadtkreis",second_generation_german,mit Migrationshintergrund | ohne eigene Migrationserfahrung | Deutsche,verwitwet,/
2021,08115KRSI,"Böblingen, Landkreis",by_marital_status,Insgesamt,Insgesamt,384
2021,08115KRSI,"Böblingen, Landkreis",by_marital_status,Insgesamt,geschieden,21
2021,08115KRSI,"Böblingen, Landkreis",by_marital_status,Insgesamt,ledig,158
2021,08115KRSI,"Böblingen, Landkreis",by_marital_status,Insgesamt,verheiratet,184
2021,08115KRSI,"Böblingen, Landkreis",by_marital_status,Insgesamt,verwitwet,21
2021,08115KRSI,"Böblingen, Landkreis",by_marital_status,mit Migrationshintergrund,Insgesamt,149
2021,08115KRSI,"Böblingen, Landkreis",by_marital_status,mit Migrationshintergrund,geschieden,7
2021,08115KRSI,"Böblingen, Landkreis",by_marital_status,mit Migrationshintergrund,ledig,65
2021,08115KRSI,"Böblingen, Landkreis",by_marital_status,mit Migrationshintergrund,verheiratet,71
2021,08115KRSI,"Böblingen, Landkreis",by_marital_status,mit Migrationshintergrund,verwitwet,/
2021,08115KRSI,"Böblingen, Landkreis",second_generation_german,mit Migrationshintergrund | ohne eigene Migrationserfahrung | Deutsche,Insgesamt,48
2021,08115KRSI,"Böblingen, Landkreis",second_generation_german,mit Migrationshintergrund | ohne eigene Migrationserfahrung | Deutsche,geschieden,/
2021,08115KRSI,"Böblingen, Landkreis",second_generation_german,mit Migrationshintergrund | ohne eigene Migrationserfahrung | Deutsche,ledig,37
2021,08115KRSI,"Böblingen, Landkreis",second_generation_german,mit Migrationshintergrund | ohne eigene Migrationserfahrung | Deutsche,verheiratet,9
2021,08115KRSI,"Böblingen, Landkreis",second_generation_german,mit Migrationshintergrund | ohne eigene Migrationserfahrung | Deutsche,verwitwet,/
2021,08116KRSI,"Esslingen, Landkreis",by_marital_status,Insgesamt,Insgesamt,524
2021,08116KRSI,"Esslingen, Landkreis",by_marital_status,Insgesamt,geschieden,32
2021,08116KRSI,"Esslingen, Landkreis",by_marital_status,Insgesamt,ledig,215
2021,08116KRSI,"Esslingen, Landkreis",by_marital_status,Insgesamt,verheiratet,247
2021,08116KRSI,"Esslingen, Landkreis",by_marital_status,Insgesamt,verwitwet,30
2021,08116KRSI,"Esslingen, Landkreis",by_marital_status,mit Migrationshintergrund,Insgesamt,206
2021,08116KRSI,"Esslingen, Landkreis",by_marital_status,mit Migrationshintergrund,geschieden,11
2021,08116KRSI,"Esslingen, Landkreis",by_marital_status,mit Migrationshintergrund,ledig,94
2021,08116KRSI,"Esslingen, Landkreis",by_marital_status,mit Migrationshintergrund,verheiratet,95
2021,08116KRSI,"Esslingen, Landkreis",by_marital_status,mit Migrationshintergrund,verwitwet,7
2021,08116KRSI,"Esslingen, Landkreis",second_generation_german,mit Migrationshintergrund | ohne eigene Migrationserfahrung | Deutsche,Insgesamt,66
2021,08116KRSI,"Esslingen, Landkreis",second_generation_german,mit Migrationshintergrund | ohne eigene Migrationserfahrung | Deutsche,geschieden,/
2021,08116KRSI,"Esslingen, Landkreis",second_generation_german,mit Migrationshintergrund | ohne eigene Migrationserfahrung | Deutsche,ledig,50
2021,08116KRSI,"Esslingen, Landkreis",second_generation_german,mit Migrationshintergrund | ohne eigene Migrationserfahrung | Deutsche,verheiratet,13
2021,08116KRSI,"Esslingen, Landkreis",second_generation_german,mit Migrationshintergrund | ohne eigene Migrationserfahrung | Deutsche,verwitwet,/
2021,08117KRSI,"Göppingen, Landkreis",by_marital_status,Insgesamt,Insgesamt,255
2021,08117KRSI,"Göppingen, Landkreis",by_marital_status,Insgesamt,geschieden,21
2021,08117KRSI,"Göppingen, Landkreis",by_marital_status,Insgesamt,ledig,99
2021,08117KRSI,"Göppingen, Landkreis",by_marital_status,Insgesamt,verheiratet,118
2021,08117KRSI,"Göppingen, Landkreis",by_marital_status,Insgesamt,verwitwet,17
2021,08117KRSI,"Göppingen, Landkreis",by_marital_status,mit Migrationshintergrund,Insgesamt,106
2021,08117KRSI,"Göppingen, Landkreis",by_marital_status,mit Migrationshintergrund,geschieden,6
2021,08117KRSI,"Göppingen, Landkreis",by_marital_status,mit Migrationshintergrund,ledig,46
2021,08117KRSI,"Göppingen, Landkreis",by_marital_status,mit Migrationshintergrund,verheiratet,49
2021,08117KRSI,"Göppingen, Landkreis",by_marital_status,mit Migrationshintergrund,verwitwet,/
2021,08117KRSI,"Göppingen, Landkreis",second_generation_german,mit Migrationshintergrund | ohne eigene Migrationserfahrung | Deutsche,Insgesamt,39
2021,08117KRSI,"Göppingen, Landkreis",second_generation_german,mit Migrationshintergrund | ohne eigene Migrationserfahrung | Deutsche,geschieden,/
2021,08117KRSI,"Göppingen, Landkreis",second_generation_german,mit Migrationshintergrund | ohne eigene Migrationserfahrung | Deutsche,ledig,30
2021,08117KRSI,"Göppingen, Landkreis",second_generation_german,mit Migrationshintergrund | ohne eigene Migrationserfahrung | Deutsche,verheiratet,6
2021,08117KRSI,"Göppingen, Landkreis",second_generation_german,mit Migrationshintergrund | ohne eigene Migrationserfahrung | Deutsche,verwitwet,/
2021,08118KRSI,"Ludwigsburg, Landkreis",by_marital_status,Insgesamt,Insgesamt,521
2021,08118KRSI,"Ludwigsburg, Landkreis",by_marital_status,Insgesamt,geschieden,35
2021,08118KRSI,"Ludwigsburg, Landkreis",by_marital_status,Insgesamt,ledig,211
2021,08118KRSI,"Ludwigsburg, Landkreis",by_marital_status,Insgesamt,verheiratet,247
2021,08118KRSI,"Ludwigsburg, Landkreis",by_marital_status,Insgesamt,verwitwet,28
2021,08118KRSI,"Ludwigsburg, Landkreis",by_marital_status,mit Migrationshintergrund,Insgesamt,214
2021,08118KRSI,"Ludwigsburg, Landkreis",by_marital_status,mit Migrationshintergrund,geschieden,10
2021,08118KRSI,"Ludwigsburg, Landkreis",by_marital_status,mit Migrationshintergrund,ledig,96
2021,08118KRSI,"Ludwigsburg, Landkreis",by_marital_status,mit Migrationshintergrund,verheiratet,101
2021,08118KRSI,"Ludwigsburg, Landkreis",by_marital_status,mit Migrationshintergrund,verwitwet,6
2021,08118KRSI,"Ludwigsburg, Landkreis",second_generation_german,mit Migrationshintergrund | ohne eigene Migrationserfahrung | Deutsche,Insgesamt,70
2021,08118KRSI,"Ludwigsburg, Landkreis",second_generation_german,mit Migrationshintergrund | ohne eigene Migrationserfahrung | Deutsche,geschieden,/
2021,08118KRSI,"Ludwigsburg, Landkreis",second_generation_german,mit Migrationshintergrund | ohne eigene Migrationserfahrung | Deutsche,ledig,55
2021,08118KRSI,"Ludwigsburg, Landkreis",second_generation_german,mit Migrationshintergrund | ohne eigene Migrationserfahrung | Deutsche,verheiratet,13
2021,08118KRSI,"Ludwigsburg, Landkreis",second_generation_german,mit Migrationshintergrund | ohne eigene Migrationserfahrung | Deutsche,verwitwet,/
2021,08119KRSI,"Rems-Murr-Kreis, Landkreis",by_marital_status,Insgesamt,Insgesamt,432
2021,08119KRSI,"Rems-Murr-Kreis, Landkreis",by_marital_status,Insgesamt,geschieden,25
2021,08119KRSI,"Rems-Murr-Kreis, Landkreis",by_marital_status,Insgesamt,ledig,168
2021,08119KRSI,"Rems-Murr-Kreis, Landkreis",by_marital_status,Insgesamt,verheiratet,213
2021,08119KRSI,"Rems-Murr-Kreis, Landkreis",by_marital_status,Insgesamt,verwitwet,25
2021,08119KRSI,"Rems-Murr-Kreis, Landkreis",by_marital_status,mit Migrationshintergrund,Insgesamt,150
2021,08119KRSI,"Rems-Murr-Kreis, Landkreis",by_marital_status,mit Migrationshintergrund,geschieden,7
2021,08119KRSI,"Rems-Murr-Kreis, Landkreis",by_marital_status,mit Migrationshintergrund,ledig,65
2021,08119KRSI,"Rems-Murr-Kreis, Landkreis",by_marital_status,mit Migrationshintergrund,verheiratet,71
2021,08119KRSI,"Rems-Murr-Kreis, Landkreis",by_marital_status,mit Migrationshintergrund,verwitwet,/
2021,08119KRSI,"Rems-Murr-Kreis, Landkreis",second_generation_german,mit Migrationshintergrund | ohne eigene Migrationserfahrung | Deutsche,Insgesamt,52
2021,08119KRSI,"Rems-Murr-Kreis, Landkreis",second_generation_german,mit Migrationshintergrund | ohne eigene Migrationserfahrung | Deutsche,geschieden,/
2021,08119KRSI,"Rems-Murr-Kreis, Landkreis",second_generation_german,mit Migrationshintergrund | ohne eigene Migrationserfahrung | Deutsche,ledig,39
2021,08119KRSI,"Rems-Murr-Kreis, Landkreis",second_generation_german,mit Migrationshintergrund | ohne eigene Migrationserfahrung | Deutsche,verheiratet,12
2021,08119KRSI,"Rems-Murr-Kreis, Landkreis",second_generation_german,mit Migrationshintergrund | ohne eigene Migrationserfahrung | Deutsche,verwitwet,/
2021,08121KRSI,"Heilbronn, Stadtkreis",by_marital_status,Insgesamt,Insgesamt,126
2021,08121KRSI,"Heilbronn, Stadtkreis",by_marital_status,Insgesamt,geschieden,9
2021,08121KRSI,"Heilbronn, Stadtkreis",by_marital_status,Insgesamt,ledig,55
2021,08121KRSI,"Heilbronn, Stadtkreis",by_marital_status,Insgesamt,verheiratet,57
2021,08121KRSI,"Heilbronn, Stadtkreis",by_marital_status,Insgesamt,verwitwet,/
2021,08121KRSI,"Heilbronn, Stadtkreis",by_marital_status,mit Migrationshintergrund,Insgesamt,74
2021,08121KRSI,"Heilbronn, Stadtkreis",by_marital_status,mit Migrationshintergrund,geschieden,/
2021,08121KRSI,"Heilbronn, Stadtkreis",by_marital_status,mit Migrationshintergrund,ledig,34
2021,08121KRSI,"Heilbronn, Stadtkreis",by_marital_status,mit Migrationshintergrund,verheiratet,33
2021,08121KRSI,"Heilbronn, Stadtkreis",by_marital_status,mit Migrationshintergrund,verwitwet,/
2021,08121KRSI,"Heilbronn, Stadtkreis",second_generation_german,mit Migrationshintergrund | ohne eigene Migrationserfahrung | Deutsche,Insgesamt,23
2021,08121KRSI,"Heilbronn, Stadtkreis",second_generation_german,mit Migrationshintergrund | ohne eigene Migrationserfahrung | Deutsche,geschieden,/
2021,08121KRSI,"Heilbronn, Stadtkreis",second_generation_german,mit Migrationshintergrund | ohne eigene Migrationserfahrung | Deutsche,ledig,20
2021,08121KRSI,"Heilbronn, Stadtkreis",second_generation_german,mit Migrationshintergrund | ohne eigene Migrationserfahrung | Deutsche,verheiratet,/
2021,08121KRSI,"Heilbronn, Stadtkreis",second_generation_german,mit Migrationshintergrund | ohne eigene Migrationserfahrung | Deutsche,verwitwet,/
2021,08125KRSI,"Heilbronn, Landkreis",by_marital_status,Insgesamt,Insgesamt,347
2021,08125KRSI,"Heilbronn, Landkreis",by_marital_status,Insgesamt,geschieden,22
2021,08125KRSI,"Heilbronn, Landkreis",by_marital_status,Insgesamt,ledig,143
2021,08125KRSI,"Heilbronn, Landkreis",by_marital_status,Insgesamt,verheiratet,168
2021,08125KRSI,"Heilbronn, Landkreis",by_marital_status,Insgesamt,verwitwet,15
2021,08125KRSI,"Heilbronn, Landkreis",by_marital_status,mit Migrationshintergrund,Insgesamt,128
2021,08125KRSI,"Heilbronn, Landkreis",by_marital_status,mit Migrationshintergrund,geschieden,/
2021,08125KRSI,"Heilbronn, Landkreis",by_marital_status,mit Migrationshintergrund,ledig,60
2021,08125KRSI,"Heilbronn, Landkreis",by_marital_status,mit Migrationshintergrund,verheiratet,59
2021,08125KRSI,"Heilbronn, Landkreis",by_marital_status,mit Migrationshintergrund,verwitwet,/
2021,08125KRSI,"Heilbronn, Landkreis",second_generation_german,mit Migrationshintergrund | ohne eigene Migrationserfahrung | Deutsche,Insgesamt,45
2021,08125KRSI,"Heilbronn, Landkreis",second_generation_german,mit Migrationshintergrund | ohne eigene Migrationserfahrung | Deutsche,geschieden,/
2021,08125KRSI,"Heilbronn, Landkreis",second_generation_german,mit Migrationshintergrund | ohne eigene Migrationserfahrung | Deutsche,ledig,35
2021,08125KRSI,"Heilbronn, Landkreis",second_generation_german,mit Migrationshintergrund | ohne eigene Migrationserfahrung | Deutsche,verheiratet,9
2021,08125KRSI,"Heilbronn, Landkreis",second_generation_german,mit Migrationshintergrund | ohne eigene Migrationserfahrung | Deutsche,verwitwet,/
2021,08126KRSI,"Hohenlohekreis, Landkreis",by_marital_status,Insgesamt,Insgesamt,110
2021,08126KRSI,"Hohenlohekreis, Landkreis",by_marital_status,Insgesamt,geschieden,7
2021,08126KRSI,"Hohenlohekreis, Landkreis",by_marital_status,Insgesamt,ledig,45
2021,08126KRSI,"Hohenlohekreis, Landkreis",by_marital_status,Insgesamt,verheiratet,51
2021,08126KRSI,"Hohenlohekreis, Landkreis",by_marital_status,Insgesamt,verwitwet,7
2021,08126KRSI,"Hohenlohekreis, Landkreis",by_marital_status,mit Migrationshintergrund,Insgesamt,33
2021,08126KRSI,"Hohenlohekreis, Landkreis",by_marital_status,mit Migrationshintergrund,geschieden,/
2021,08126KRSI,"Hohenlohekreis, Landkreis",by_marital_status,mit Migrationshintergrund,ledig,15
2021,08126KRSI,"Hohenlohekreis, Landkreis",by_marital_status,mit Migrationshintergrund,verheiratet,13
2021,08126KRSI,"Hohenlohekreis, Landkreis",by_marital_status,mit Migrationshintergrund,verwitwet,/
2021,08126KRSI,"Hohenlohekreis, Landkreis",second_generation_german,mit Migrationshintergrund | ohne eigene Migrationserfahrung | Deutsche,Insgesamt,11
2021,08126KRSI,"Hohenlohekreis, Landkreis",second_generation_german,mit Migrationshintergrund | ohne eigene Migrationserfahrung | Deutsche,geschieden,/
2021,08126KRSI,"Hohenlohekreis, Landkreis",second_generation_german,mit Migrationshintergrund | ohne eigene Migrationserfahrung | Deutsche,ledig,9
2021,08126KRSI,"Hohenlohekreis, Landkreis",second_generation_german,mit Migrationshintergrund | ohne eigene Migrationserfahrung | Deutsche,verheiratet,/
2021,08126KRSI,"Hohenlohekreis, Landkreis",second_generation_german,mit Migrationshintergrund | ohne eigene Migrationserfahrung | Deutsche,verwitwet,/
2021,08127KRSI,"Schwäbisch Hall, Landkreis",by_marital_status,Insgesamt,Insgesamt,190
2021,08127KRSI,"Schwäbisch Hall, Landkreis",by_marital_status,Insgesamt,geschieden,11
2021,08127KRSI,"Schwäbisch Hall, Landkreis",by_marital_status,Insgesamt,ledig,76
2021,08127KRSI,"Schwäbisch Hall, Landkreis",by_marital_status,Insgesamt,verheiratet,91
2021,08127KRSI,"Schwäbisch Hall, Landkreis",by_marital_status,Insgesamt,verwitwet,11
2021,08127KRSI,"Schwäbisch Hall, Landkreis",by_marital_status,mit Migrationshintergrund,Insgesamt,59
2021,08127KRSI,"Schwäbisch Hall, Landkreis",by_marital_status,mit Migrationshintergrund,geschieden,/
2021,08127KRSI,"Schwäbisch Hall, Landkreis",by_marital_status,mit Migrationshintergrund,ledig,24
2021,08127KRSI,"Schwäbisch Hall, Landkreis",by_marital_status,mit Migrationshintergrund,verheiratet,31
2021,08127KRSI,"Schwäbisch Hall, Landkreis",by_marital_status,mit Migrationshintergrund,verwitwet,/
2021,08127KRSI,"Schwäbisch Hall, Landkreis",second_generation_german,mit Migrationshintergrund | ohne eigene Migrationserfahrung | Deutsche,Insgesamt,18
2021,08127KRSI,"Schwäbisch Hall, Landkreis",second_generation_german,mit Migrationshintergrund | ohne eigene Migrationserfahrung | Deutsche,geschieden,/
2021,08127KRSI,"Schwäbisch Hall, Landkreis",second_generation_german,mit Migrationshintergrund | ohne eigene Migrationserfahrung | Deutsche,ledig,15
2021,08127KRSI,"Schwäbisch Hall, Landkreis",second_generation_german,mit Migrationshintergrund | ohne eigene Migrationserfahrung | Deutsche,verheiratet,/
2021,08127KRSI,"Schwäbisch Hall, Landkreis",second_generation_german,mit Migrationshintergrund | ohne eigene Migrationserfahrung | Deutsche,verwitwet,/
2021,08128KRSI,"Main-Tauber-Kreis, Landkreis",by_marital_status,Insgesamt,Insgesamt,130
2021,08128KRSI,"Main-Tauber-Kreis, Landkreis",by_marital_status,Insgesamt,geschieden,9
2021,08128KRSI,"Main-Tauber-Kreis, Landkreis",by_marital_status,Insgesamt,ledig,48
2021,08128KRSI,"Main-Tauber-Kreis, Landkreis",by_marital_status,Insgesamt,verheiratet,62
2021,08128KRSI,"Main-Tauber-Kreis, Landkreis",by_marital_status,Insgesamt,verwitwet,11
2021,08128KRSI,"Main-Tauber-Kreis, Landkreis",by_marital_status,mit Migrationshintergrund,Insgesamt,30
2021,08128KRSI,"Main-Tauber-Kreis, Landkreis",by_marital_status,mit Migrationshintergrund,geschieden,/
2021,08128KRSI,"Main-Tauber-Kreis, Landkreis",by_marital_status,mit Migrationshintergrund,ledig,13
2021,08128KRSI,"Main-Tauber-Kreis, Landkreis",by_marital_status,mit Migrationshintergrund,verheiratet,14
2021,08128KRSI,"Main-Tauber-Kreis, Landkreis",by_marital_status,mit Migrationshintergrund,verwitwet,/
2021,08128KRSI,"Main-Tauber-Kreis, Landkreis",second_generation_german,mit Migrationshintergrund | ohne eigene Migrationserfahrung | Deutsche,Insgesamt,9
2021,08128KRSI,"Main-Tauber-Kreis, Landkreis",second_generation_german,mit Migrationshintergrund | ohne eigene Migrationserfahrung | Deutsche,geschieden,/
2021,08128KRSI,"Main-Tauber-Kreis, Landkreis",second_generation_german,mit Migrationshintergrund | ohne eigene Migrationserfahrung | Deutsche,ledig,7
2021,08128KRSI,"Main-Tauber-Kreis, Landkreis",second_generation_german,mit Migrationshintergrund | ohne eigene Migrationserfahrung | Deutsche,verheiratet,/
2021,08128KRSI,"Main-Tauber-Kreis, Landkreis",second_generation_german,mit Migrationshintergrund | ohne eigene Migrationserfahrung | Deutsche,verwitwet,/
2021,08135KRSI,"Heidenheim, Landkreis",by_marital_status,Insgesamt,Insgesamt,133
2021,08135KRSI,"Heidenheim, Landkreis",by_marital_status,Insgesamt,geschieden,8
2021,08135KRSI,"Heidenheim, Landkreis",by_marital_status,Insgesamt,ledig,54
2021,08135KRSI,"Heidenheim, Landkreis",by_marital_status,Insgesamt,verheiratet,63
2021,08135KRSI,"Heidenheim, Landkreis",by_marital_status,Insgesamt,verwitwet,8
2021,08135KRSI,"Heidenheim, Landkreis",by_marital_status,mit Migrationshintergrund,Insgesamt,56
2021,08135KRSI,"Heidenheim, Landkreis",by_marital_status,mit Migrationshintergrund,geschieden,/
2021,08135KRSI,"Heidenheim, Landkreis",by_marital_status,mit Migrationshintergrund,ledig,26
2021,08135KRSI,"Heidenheim, Landkreis",by_marital_status,mit Migrationshintergrund,verheiratet,26
2021,08135KRSI,"Heidenheim, Landkreis",by_marital_status,mit Migrationshintergrund,verwitwet,/
2021,08135KRSI,"Heidenheim, Landkreis",second_generation_german,mit Migrationshintergrund | ohne eigene Migrationserfahrung | Deutsche,Insgesamt,16
2021,08135KRSI,"Heidenheim, Landkreis",second_generation_german,mit Migrationshintergrund | ohne eigene Migrationserfahrung | Deutsche,geschieden,/
2021,08135KRSI,"Heidenheim, Landkreis",second_generation_german,mit Migrationshintergrund | ohne eigene Migrationserfahrung | Deutsche,ledig,12
2021,08135KRSI,"Heidenheim, Landkreis",second_generation_german,mit Migrationshintergrund | ohne eigene Migrationserfahrung | Deutsche,verheiratet,/
2021,08135KRSI,"Heidenheim, Landkreis",second_generation_german,mit Migrationshintergrund | ohne eigene Migrationserfahrung | Deutsche,verwitwet,/
2021,08136KRSI,"Ostalbkreis, Landkreis",by_marital_status,Insgesamt,Insgesamt,311
2021,08136KRSI,"Ostalbkreis, Landkreis",by_marital_status,Insgesamt,geschieden,18
2021,08136KRSI,"Ostalbkreis, Landkreis",by_marital_status,Insgesamt,ledig,125
2021,08136KRSI,"Ostalbkreis, Landkreis",by_marital_status,Insgesamt,verheiratet,146
2021,08136KRSI,"Ostalbkreis, Landkreis",by_marital_status,Insgesamt,verwitwet,21
2021,08136KRSI,"Ostalbkreis, Landkreis",by_marital_status,mit Migrationshintergrund,Insgesamt,77
2021,08136KRSI,"Ostalbkreis, Landkreis",by_marital_status,mit Migrationshintergrund,geschieden,/
2021,08136KRSI,"Ostalbkreis, Landkreis",by_marital_status,mit Migrationshintergrund,ledig,33
2021,08136KRSI,"Ostalbkreis, Landkreis",by_marital_status,mit Migrationshintergrund,verheiratet,36
2021,08136KRSI,"Ostalbkreis, Landkreis",by_marital_status,mit Migrationshintergrund,verwitwet,/
2021,08136KRSI,"Ostalbkreis, Landkreis",second_generation_german,mit Migrationshintergrund | ohne eigene Migrationserfahrung | Deutsche,Insgesamt,26
2021,08136KRSI,"Ostalbkreis, Landkreis",second_generation_german,mit Migrationshintergrund | ohne eigene Migrationserfahrung | Deutsche,geschieden,/
2021,08136KRSI,"Ostalbkreis, Landkreis",second_generation_german,mit Migrationshintergrund | ohne eigene Migrationserfahrung | Deutsche,ledig,20
2021,08136KRSI,"Ostalbkreis, Landkreis",second_generation_german,mit Migrationshintergrund | ohne eigene Migrationserfahrung | Deutsche,verheiratet,/
2021,08136KRSI,"Ostalbkreis, Landkreis",second_generation_german,mit Migrationshintergrund | ohne eigene Migrationserfahrung | Deutsche,verwitwet,/
2021,08212KRSI,"Karlsruhe, Stadtkreis",by_marital_status,Insgesamt,Insgesamt,306
2021,08212KRSI,"Karlsruhe, Stadtkreis",by_marital_status,Insgesamt,geschieden,21
2021,08212KRSI,"Karlsruhe, Stadtkreis",by_marital_status,Insgesamt,ledig,145
2021,08212KRSI,"Karlsruhe, Stadtkreis",by_marital_status,Insgesamt,verheiratet,122
2021,08212KRSI,"Karlsruhe, Stadtkreis",by_marital_status,Insgesamt,verwitwet,18
2021,08212KRSI,"Karlsruhe, Stadtkreis",by_marital_status,mit Migrationshintergrund,Insgesamt,115
2021,08212KRSI,"Karlsruhe, Stadtkreis",by_marital_status,mit Migrationshintergrund,geschieden,8
2021,08212KRSI,"Karlsruhe, Stadtkreis",by_marital_status,mit Migrationshintergrund,ledig,55
2021,08212KRSI,"Karlsruhe, Stadtkreis",by_marital_status,mit Migrationshintergrund,verheiratet,48
2021,08212KRSI,"Karlsruhe, Stadtkreis",by_marital_status,mit Migrationshintergrund,verwitwet,/
2021,08212KRSI,"Karlsruhe, Stadtkreis",second_generation_german,mit Migrationshintergrund | ohne eigene Migrationserfahrung | Deutsche,Insgesamt,33
2021,08212KRSI,"Karlsruhe, Stadtkreis",second_generation_german,mit Migrationshintergrund | ohne eigene Migrationserfahrung | Deutsche,geschieden,/
2021,08212KRSI,"Karlsruhe, Stadtkreis",second_generation_german,mit Migrationshintergrund | ohne eigene Migrationserfahrung | Deutsche,ledig,26
2021,08212KRSI,"Karlsruhe, Stadtkreis",second_generation_german,mit Migrationshintergrund | ohne eigene Migrationserfahrung | Deutsche,verheiratet,/
2021,08212KRSI,"Karlsruhe, Stadtkreis",second_generation_german,mit Migrationshintergrund | ohne eigene Migrationserfahrung | Deutsche,verwitwet,/
2021,08215KRSI,"Karlsruhe, Landkreis",by_marital_status,Insgesamt,Insgesamt,445
2021,08215KRSI,"Karlsruhe, Landkreis",by_marital_status,Insgesamt,geschieden,29
2021,08215KRSI,"Karlsruhe, Landkreis",by_marital_status,Insgesamt,ledig,178
2021,08215KRSI,"Karlsruhe, Landkreis",by_marital_status,Insgesamt,verheiratet,205
2021,08215KRSI,"Karlsruhe, Landkreis",by_marital_status,Insgesamt,verwitwet,33
2021,08215KRSI,"Karlsruhe, Landkreis",by_marital_status,mit Migrationshintergrund,Insgesamt,148
2021,08215KRSI,"Karlsruhe, Landkreis",by_marital_status,mit Migrationshintergrund,geschieden,8
2021,08215KRSI,"Karlsruhe, Landkreis",by_marital_status,mit Migrationshintergrund,ledig,68
2021,08215KRSI,"Karlsruhe, Landkreis",by_marital_status,mit Migrationshintergrund,verheiratet,65
2021,08215KRSI,"Karlsruhe, Landkreis",by_marital_status,mit Migrationshintergrund,verwitwet,6
2021,08215KRSI,"Karlsruhe, Landkreis",second_generation_german,mit Migrationshintergrund | ohne eigene Migrationserfahrung | Deutsche,Insgesamt,50
2021,08215KRSI,"Karlsruhe, Landkreis",second_generation_german,mit Migrationshintergrund | ohne eigene Migrationserfahrung | Deutsche,geschieden,/
2021,08215KRSI,"Karlsruhe, Landkreis",second_generation_german,mit Migrationshintergrund | ohne eigene Migrationserfahrung | Deutsche,ledig,36
2021,08215KRSI,"Karlsruhe, Landkreis",second_generation_german,mit Migrationshintergrund | ohne eigene Migrationserfahrung | Deutsche,verheiratet,11
2021,08215KRSI,"Karlsruhe, Landkreis",second_generation_german,mit Migrationshintergrund | ohne eigene Migrationserfahrung | Deutsche,verwitwet,/
2021,08217KRSI,Landkreis Rastatt und Stadtkreis Baden-Baden,by_marital_status,Insgesamt,Insgesamt,53
2021,08217KRSI,Landkreis Rastatt und Stadtkreis Baden-Baden,by_marital_status,Insgesamt,geschieden,21
2021,08217KRSI,Landkreis Rastatt und Stadtkreis Baden-Baden,by_marital_status,Insgesamt,ledig,109
2021,08217KRSI,Landkreis Rastatt und Stadtkreis Baden-Baden,by_marital_status,Insgesamt,verheiratet,126
2021,08217KRSI,Landkreis Rastatt und Stadtkreis Baden-Baden,by_marital_status,Insgesamt,verwitwet,21
2021,08217KRSI,Landkreis Rastatt und Stadtkreis Baden-Baden,by_marital_status,mit Migrationshintergrund,Insgesamt,103
2021,08217KRSI,Landkreis Rastatt und Stadtkreis Baden-Baden,by_marital_status,mit Migrationshintergrund,geschieden,7
2021,08217KRSI,Landkreis Rastatt und Stadtkreis Baden-Baden,by_marital_status,mit Migrationshintergrund,ledig,49
2021,08217KRSI,Landkreis Rastatt und Stadtkreis Baden-Baden,by_marital_status,mit Migrationshintergrund,verheiratet,44
2021,08217KRSI,Landkreis Rastatt und Stadtkreis Baden-Baden,by_marital_status,mit Migrationshintergrund,verwitwet,/
2021,08217KRSI,Landkreis Rastatt und Stadtkreis Baden-Baden,second_generation_german,mit Migrationshintergrund | ohne eigene Migrationserfahrung | Deutsche,Insgesamt,27
2021,08217KRSI,Landkreis Rastatt und Stadtkreis Baden-Baden,second_generation_german,mit Migrationshintergrund | ohne eigene Migrationserfahrung | Deutsche,geschieden,/
2021,08217KRSI,Landkreis Rastatt und Stadtkreis Baden-Baden,second_generation_german,mit Migrationshintergrund | ohne eigene Migrationserfahrung | Deutsche,ledig,22
2021,08217KRSI,Landkreis Rastatt und Stadtkreis Baden-Baden,second_generation_german,mit Migrationshintergrund | ohne eigene Migrationserfahrung | Deutsche,verheiratet,/
2021,08217KRSI,Landkreis Rastatt und Stadtkreis Baden-Baden,second_generation_german,mit Migrationshintergrund | ohne eigene Migrationserfahrung | Deutsche,verwitwet,/
2021,08221KRSI,"Heidelberg, Stadtkreis",by_marital_status,Insgesamt,Insgesamt,146
2021,08221KRSI,"Heidelberg, Stadtkreis",by_marital_status,Insgesamt,geschieden,9
2021,08221KRSI,"Heidelberg, Stadtkreis",by_marital_status,Insgesamt,ledig,79
2021,08221KRSI,"Heidelberg, Stadtkreis",by_marital_status,Insgesamt,verheiratet,52
2021,08221KRSI,"Heidelberg, Stadtkreis",by_marital_status,Insgesamt,verwitwet,/
2021,08221KRSI,"Heidelberg, Stadtkreis",by_marital_status,mit Migrationshintergrund,Insgesamt,54
2021,08221KRSI,"Heidelberg, Stadtkreis",by_marital_status,mit Migrationshintergrund,geschieden,/
2021,08221KRSI,"Heidelberg, Stadtkreis",by_marital_status,mit Migrationshintergrund,ledig,31
2021,08221KRSI,"Heidelberg, Stadtkreis",by_marital_status,mit Migrationshintergrund,verheiratet,18
2021,08221KRSI,"Heidelberg, Stadtkreis",by_marital_status,mit Migrationshintergrund,verwitwet,/
2021,08221KRSI,"Heidelberg, Stadtkreis",second_generation_german,mit Migrationshintergrund | ohne eigene Migrationserfahrung | Deutsche,Insgesamt,17
2021,08221KRSI,"Heidelberg, Stadtkreis",second_generation_german,mit Migrationshintergrund | ohne eigene Migrationserfahrung | Deutsche,geschieden,/
2021,08221KRSI,"Heidelberg, Stadtkreis",second_generation_german,mit Migrationshintergrund | ohne eigene Migrationserfahrung | Deutsche,ledig,14
2021,08221KRSI,"Heidelberg, Stadtkreis",second_generation_german,mit Migrationshintergrund | ohne eigene Migrationserfahrung | Deutsche,verheiratet,/
2021,08221KRSI,"Heidelberg, Stadtkreis",second_generation_german,mit Migrationshintergrund | ohne eigene Migrationserfahrung | Deutsche,verwitwet,/
2021,08222KRSI,"Mannheim, Stadtkreis",by_marital_status,Insgesamt,Insgesamt,308
2021,08222KRSI,"Mannheim, Stadtkreis",by_marital_status,Insgesamt,geschieden,22
2021,08222KRSI,"Mannheim, Stadtkreis",by_marital_status,Insgesamt,ledig,145
2021,08222KRSI,"Mannheim, Stadtkreis",by_marital_status,Insgesamt,verheiratet,124
2021,08222KRSI,"Mannheim, Stadtkreis",by_marital_status,Insgesamt,verwitwet,18
2021,08222KRSI,"Mannheim, Stadtkreis",by_marital_status,mit Migrationshintergrund,Insgesamt,134
2021,08222KRSI,"Mannheim, Stadtkreis",by_marital_status,mit Migrationshintergrund,geschieden,9
2021,08222KRSI,"Mannheim, Stadtkreis",by_marital_status,mit Migrationshintergrund,ledig,62
2021,08222KRSI,"Mannheim, Stadtkreis",by_marital_status,mit Migrationshintergrund,verheiratet,57
2021,08222KRSI,"Mannheim, Stadtkreis",by_marital_status,mit Migrationshintergrund,verwitwet,/
2021,08222KRSI,"Mannheim, Stadtkreis",second_generation_german,mit Migrationshintergrund | ohne eigene Migrationserfahrung | Deutsche,Insgesamt,45
2021,08222KRSI,"Mannheim, Stadtkreis",second_generation_german,mit Migrationshintergrund | ohne eigene Migrationserfahrung | Deutsche,geschieden,/
2021,08222KRSI,"Mannheim, Stadtkreis",second_generation_german,mit Migrationshintergrund | ohne eigene Migrationserfahrung | Deutsche,ledig,37
2021,08222KRSI,"Mannheim, Stadtkreis",second_generation_german,mit Migrationshintergrund | ohne eigene Migrationserfahrung | Deutsche,verheiratet,7
2021,08222KRSI,"Mannheim, Stadtkreis",second_generation_german,mit Migrationshintergrund | ohne eigene Migrationserfahrung | Deutsche,verwitwet,/
2021,08225KRSI,"Neckar-Odenwald-Kreis, Landkreis",by_marital_status,Insgesamt,Insgesamt,142
2021,08225KRSI,"Neckar-Odenwald-Kreis, Landkreis",by_marital_status,Insgesamt,geschieden,9
2021,08225KRSI,"Neckar-Odenwald-Kreis, Landkreis",by_marital_status,Insgesamt,ledig,56
2021,08225KRSI,"Neckar-Odenwald-Kreis, Landkreis",by_marital_status,Insgesamt,verheiratet,68
2021,08225KRSI,"Neckar-Odenwald-Kreis, Landkreis",by_marital_status,Insgesamt,verwitwet,9
2021,08225KRSI,"Neckar-Odenwald-Kreis, Landkreis",by_marital_status,mit Migrationshintergrund,Insgesamt,44
2021,08225KRSI,"Neckar-Odenwald-Kreis, Landkreis",by_marital_status,mit Migrationshintergrund,geschieden,/
2021,08225KRSI,"Neckar-Odenwald-Kreis, Landkreis",by_marital_status,mit Migrationshintergrund,ledig,19
2021,08225KRSI,"Neckar-Odenwald-Kreis, Landkreis",by_marital_status,mit Migrationshintergrund,verheiratet,21
2021,08225KRSI,"Neckar-Odenwald-Kreis, Landkreis",by_marital_status,mit Migrationshintergrund,verwitwet,/
2021,08225KRSI,"Neckar-Odenwald-Kreis, Landkreis",second_generation_german,mit Migrationshintergrund | ohne eigene Migrationserfahrung | Deutsche,Insgesamt,14
2021,08225KRSI,"Neckar-Odenwald-Kreis, Landkreis",second_generation_german,mit Migrationshintergrund | ohne eigene Migrationserfahrung | Deutsche,geschieden,/
2021,08225KRSI,"Neckar-Odenwald-Kreis, Landkreis",second_generation_german,mit Migrationshintergrund | ohne eigene Migrationserfahrung | Deutsche,ledig,12
2021,08225KRSI,"Neckar-Odenwald-Kreis, Landkreis",second_generation_german,mit Migrationshintergrund | ohne eigene Migrationserfahrung | Deutsche,verheiratet,/
2021,08225KRSI,"Neckar-Odenwald-Kreis, Landkreis",second_generation_german,mit Migrationshintergrund | ohne eigene Migrationserfahrung | Deutsche,verwitwet,/
2021,08226KRSI,"Rhein-Neckar-Kreis, Landkreis",by_marital_status,Insgesamt,Insgesamt,548
2021,08226KRSI,"Rhein-Neckar-Kreis, Landkreis",by_marital_status,Insgesamt,geschieden,31
2021,08226KRSI,"Rhein-Neckar-Kreis, Landkreis",by_marital_status,Insgesamt,ledig,212
2021,08226KRSI,"Rhein-Neckar-Kreis, Landkreis",by_marital_status,Insgesamt,verheiratet,272
2021,08226KRSI,"Rhein-Neckar-Kreis, Landkreis",by_marital_status,Insgesamt,verwitwet,33
2021,08226KRSI,"Rhein-Neckar-Kreis, Landkreis",by_marital_status,mit Migrationshintergrund,Insgesamt,169
2021,08226KRSI,"Rhein-Neckar-Kreis, Landkreis",by_marital_status,mit Migrationshintergrund,geschieden,9
2021,08226KRSI,"Rhein-Neckar-Kreis, Landkreis",by_marital_status,mit Migrationshintergrund,ledig,77
2021,08226KRSI,"Rhein-Neckar-Kreis, Landkreis",by_marital_status,mit Migrationshintergrund,verheiratet,77
2021,08226KRSI,"Rhein-Neckar-Kreis, Landkreis",by_marital_status,mit Migrationshintergrund,verwitwet,6
2021,08226KRSI,"Rhein-Neckar-Kreis, Landkreis",second_generation_german,mit Migrationshintergrund | ohne eigene Migrationserfahrung | Deutsche,Insgesamt,57
2021,08226KRSI,"Rhein-Neckar-Kreis, Landkreis",second_generation_german,mit Migrationshintergrund | ohne eigene Migrationserfahrung | Deutsche,geschieden,/
2021,08226KRSI,"Rhein-Neckar-Kreis, Landkreis",second_generation_german,mit Migrationshintergrund | ohne eigene Migrationserfahrung | Deutsche,ledig,44
2021,08226KRSI,"Rhein-Neckar-Kreis, Landkreis",second_generation_german,mit Migrationshintergrund | ohne eigene Migrationserfahrung | Deutsche,verheiratet,11
2021,08226KRSI,"Rhein-Neckar-Kreis, Landkreis",second_generation_german,mit Migrationshintergrund | ohne eigene Migrationserfahrung | Deutsche,verwitwet,/
2021,08231KRSI,"Pforzheim, Stadtkreis",by_marital_status,Insgesamt,Insgesamt,130
2021,08231KRSI,"Pforzheim, Stadtkreis",by_marital_status,Insgesamt,geschieden,10
2021,08231KRSI,"Pforzheim, Stadtkreis",by_marital_status,Insgesamt,ledig,58
2021,08231KRSI,"Pforzheim, Stadtkreis",by_marital_status,Insgesamt,verheiratet,54
2021,08231KRSI,"Pforzheim, Stadtkreis",by_marital_status,Insgesamt,verwitwet,9
2021,08231KRSI,"Pforzheim, Stadtkreis",by_marital_status,mit Migrationshintergrund,Insgesamt,79
2021,08231KRSI,"Pforzheim, Stadtkreis",by_marital_status,mit Migrationshintergrund,geschieden,/
2021,08231KRSI,"Pforzheim, Stadtkreis",by_marital_status,mit Migrationshintergrund,ledig,37
2021,08231KRSI,"Pforzheim, Stadtkreis",by_marital_status,mit Migrationshintergrund,verheiratet,33
2021,08231KRSI,"Pforzheim, Stadtkreis",by_marital_status,mit Migrationshintergrund,verwitwet,/
2021,08231KRSI,"Pforzheim, Stadtkreis",second_generation_german,mit Migrationshintergrund | ohne eigene Migrationserfahrung | Deutsche,Insgesamt,23
2021,08231KRSI,"Pforzheim, Stadtkreis",second_generation_german,mit Migrationshintergrund | ohne eigene Migrationserfahrung | Deutsche,geschieden,/
2021,08231KRSI,"Pforzheim, Stadtkreis",second_generation_german,mit Migrationshintergrund | ohne eigene Migrationserfahrung | Deutsche,ledig,20
2021,08231KRSI,"Pforzheim, Stadtkreis",second_generation_german,mit Migrationshintergrund | ohne eigene Migrationserfahrung | Deutsche,verheiratet,/
2021,08231KRSI,"Pforzheim, Stadtkreis",second_generation_german,mit Migrationshintergrund | ohne eigene Migrationserfahrung | Deutsche,verwitwet,/
2021,08235KRSI,"Calw, Landkreis",by_marital_status,Insgesamt,Insgesamt,158
2021,08235KRSI,"Calw, Landkreis",by_marital_status,Insgesamt,geschieden,10
2021,08235KRSI,"Calw, Landkreis",by_marital_status,Insgesamt,ledig,63
2021,08235KRSI,"Calw, Landkreis",by_marital_status,Insgesamt,verheiratet,74
2021,08235KRSI,"Calw, Landkreis",by_marital_status,Insgesamt,verwitwet,11
2021,08235KRSI,"Calw, Landkreis",by_marital_status,mit Migrationshintergrund,Insgesamt,53
2021,08235KRSI,"Calw, Landkreis",by_marital_status,mit Migrationshintergrund,geschieden,/
2021,08235KRSI,"Calw, Landkreis",by_marital_status,mit Migrationshintergrund,ledig,23
2021,08235KRSI,"Calw, Landkreis",by_marital_status,mit Migrationshintergrund,verheiratet,24
2021,08235KRSI,"Calw, Landkreis",by_marital_status,mit Migrationshintergrund,verwitwet,/
2021,08235KRSI,"Calw, Landkreis",second_generation_german,mit Migrationshintergrund | ohne eigene Migrationserfahrung | Deutsche,Insgesamt,19
2021,08235KRSI,"Calw, Landkreis",second_generation_german,mit Migrationshintergrund | ohne eigene Migrationserfahrung | Deutsche,geschieden,/
2021,08235KRSI,"Calw, Landkreis",second_generation_german,mit Migrationshintergrund | ohne eigene Migrationserfahrung | Deutsche,ledig,15
2021,08235KRSI,"Calw, Landkreis",second_generation_german,mit Migrationshintergrund | ohne eigene Migrationserfahrung | Deutsche,verheiratet,/
2021,08235KRSI,"Calw, Landkreis",second_generation_german,mit Migrationshintergrund | ohne eigene Migrationserfahrung | Deutsche,verwitwet,/
2021,08236KRSI,"Enzkreis, Landkreis",by_marital_status,Insgesamt,Insgesamt,193
2021,08236KRSI,"Enzkreis, Landkreis",by_marital_status,Insgesamt,geschieden,10
2021,08236KRSI,"Enzkreis, Landkreis",by_marital_status,Insgesamt,ledig,77
2021,08236KRSI,"Enzkreis, Landkreis",by_marital_status,Insgesamt,verheiratet,95
2021,08236KRSI,"Enzkreis, Landkreis",by_marital_status,Insgesamt,verwitwet,11
2021,08236KRSI,"Enzkreis, Landkreis",by_marital_status,mit Migrationshintergrund,Insgesamt,63
2021,08236KRSI,"Enzkreis, Landkreis",by_marital_status,mit Migrationshintergrund,geschieden,/
2021,08236KRSI,"Enzkreis, Landkreis",by_marital_status,mit Migrationshintergrund,ledig,29
2021,08236KRSI,"Enzkreis, Landkreis",by_marital_status,mit Migrationshintergrund,verheiratet,28
2021,08236KRSI,"Enzkreis, Landkreis",by_marital_status,mit Migrationshintergrund,verwitwet,/
2021,08236KRSI,"Enzkreis, Landkreis",second_generation_german,mit Migrationshintergrund | ohne eigene Migrationserfahrung | Deutsche,Insgesamt,23
2021,08236KRSI,"Enzkreis, Landkreis",second_generation_german,mit Migrationshintergrund | ohne eigene Migrationserfahrung | Deutsche,geschieden,/
2021,08236KRSI,"Enzkreis, Landkreis",second_generation_german,mit Migrationshintergrund | ohne eigene Migrationserfahrung | Deutsche,ledig,18
2021,08236KRSI,"Enzkreis, Landkreis",second_generation_german,mit Migrationshintergrund | ohne eigene Migrationserfahrung | Deutsche,verheiratet,/
2021,08236KRSI,"Enzkreis, Landkreis",second_generation_german,mit Migrationshintergrund | ohne eigene Migrationserfahrung | Deutsche,verwitwet,/
2021,08237KRSI,"Freudenstadt, Landkreis",by_marital_status,Insgesamt,Insgesamt,120
2021,08237KRSI,"Freudenstadt, Landkreis",by_marital_status,Insgesamt,geschieden,6
2021,08237KRSI,"Freudenstadt, Landkreis",by_marital_status,Insgesamt,ledig,46
2021,08237KRSI,"Freudenstadt, Landkreis",by_marital_status,Insgesamt,verheiratet,61
2021,08237KRSI,"Freudenstadt, Landkreis",by_marital_status,Insgesamt,verwitwet,7
2021,08237KRSI,"Freudenstadt, Landkreis",by_marital_status,mit Migrationshintergrund,Insgesamt,34
2021,08237KRSI,"Freudenstadt, Landkreis",by_marital_status,mit Migrationshintergrund,geschieden,/
2021,08237KRSI,"Freudenstadt, Landkreis",by_marital_status,mit Migrationshintergrund,ledig,15
2021,08237KRSI,"Freudenstadt, Landkreis",by_marital_status,mit Migrationshintergrund,verheiratet,17
2021,08237KRSI,"Freudenstadt, Landkreis",by_marital_status,mit Migrationshintergrund,verwitwet,/
2021,08237KRSI,"Freudenstadt, Landkreis",second_generation_german,mit Migrationshintergrund | ohne eigene Migrationserfahrung | Deutsche,Insgesamt,13
2021,08237KRSI,"Freudenstadt, Landkreis",second_generation_german,mit Migrationshintergrund | ohne eigene Migrationserfahrung | Deutsche,geschieden,/
2021,08237KRSI,"Freudenstadt, Landkreis",second_generation_german,mit Migrationshintergrund | ohne eigene Migrationserfahrung | Deutsche,ledig,10
2021,08237KRSI,"Freudenstadt, Landkreis",second_generation_german,mit Migrationshintergrund | ohne eigene Migrationserfahrung | Deutsche,verheiratet,/
2021,08237KRSI,"Freudenstadt, Landkreis",second_generation_german,mit Migrationshintergrund | ohne eigene Migrationserfahrung | Deutsche,verwitwet,/
2021,08311KRSI,"Freiburg im Breisgau, Stadtkreis",by_marital_status,Insgesamt,Insgesamt,224
2021,08311KRSI,"Freiburg im Breisgau, Stadtkreis",by_marital_status,Insgesamt,geschieden,15
2021,08311KRSI,"Freiburg im Breisgau, Stadtkreis",by_marital_status,Insgesamt,ledig,131
2021,08311KRSI,"Freiburg im Breisgau, Stadtkreis",by_marital_status,Insgesamt,verheiratet,70
2021,08311KRSI,"Freiburg im Breisgau, Stadtkreis",by_marital_status,Insgesamt,verwitwet,9
2021,08311KRSI,"Freiburg im Breisgau, Stadtkreis",by_marital_status,mit Migrationshintergrund,Insgesamt,75
2021,08311KRSI,"Freiburg im Breisgau, Stadtkreis",by_marital_status,mit Migrationshintergrund,geschieden,/
2021,08311KRSI,"Freiburg im Breisgau, Stadtkreis",by_marital_status,mit Migrationshintergrund,ledig,46
2021,08311KRSI,"Freiburg im Breisgau, Stadtkreis",by_marital_status,mit Migrationshintergrund,verheiratet,22
2021,08311KRSI,"Freiburg im Breisgau, Stadtkreis",by_marital_status,mit Migrationshintergrund,verwitwet,/
2021,08311KRSI,"Freiburg im Breisgau, Stadtkreis",second_generation_german,mit Migrationshintergrund | ohne eigene Migrationserfahrung | Deutsche,Insgesamt,20
2021,08311KRSI,"Freiburg im Breisgau, Stadtkreis",second_generation_german,mit Migrationshintergrund | ohne eigene Migrationserfahrung | Deutsche,geschieden,/
2021,08311KRSI,"Freiburg im Breisgau, Stadtkreis",second_generation_german,mit Migrationshintergrund | ohne eigene Migrationserfahrung | Deutsche,ledig,17
2021,08311KRSI,"Freiburg im Breisgau, Stadtkreis",second_generation_german,mit Migrationshintergrund | ohne eigene Migrationserfahrung | Deutsche,verheiratet,/
2021,08311KRSI,"Freiburg im Breisgau, Stadtkreis",second_generation_german,mit Migrationshintergrund | ohne eigene Migrationserfahrung | Deutsche,verwitwet,/
2021,08315KRSI,"Breisgau-Hochschwarzwald, Landkreis",by_marital_status,Insgesamt,Insgesamt,262
2021,08315KRSI,"Breisgau-Hochschwarzwald, Landkreis",by_marital_status,Insgesamt,geschieden,16
2021,08315KRSI,"Breisgau-Hochschwarzwald, Landkreis",by_marital_status,Insgesamt,ledig,104
2021,08315KRSI,"Breisgau-Hochschwarzwald, Landkreis",by_marital_status,Insgesamt,verheiratet,123
2021,08315KRSI,"Breisgau-Hochschwarzwald, Landkreis",by_marital_status,Insgesamt,verwitwet,19
2021,08315KRSI,"Breisgau-Hochschwarzwald, Landkreis",by_marital_status,mit Migrationshintergrund,Insgesamt,59
2021,08315KRSI,"Breisgau-Hochschwarzwald, Landkreis",by_marital_status,mit Migrationshintergrund,geschieden,/
2021,08315KRSI,"Breisgau-Hochschwarzwald, Landkreis",by_marital_status,mit Migrationshintergrund,ledig,26
2021,08315KRSI,"Breisgau-Hochschwarzwald, Landkreis",by_marital_status,mit Migrationshintergrund,verheiratet,27
2021,08315KRSI,"Breisgau-Hochschwarzwald, Landkreis",by_marital_status,mit Migrationshintergrund,verwitwet,/
2021,08315KRSI,"Breisgau-Hochschwarzwald, Landkreis",second_generation_german,mit Migrationshintergrund | ohne eigene Migrationserfahrung | Deutsche,Insgesamt,21
2021,08315KRSI,"Breisgau-Hochschwarzwald, Landkreis",second_generation_german,mit Migrationshintergrund | ohne eigene Migrationserfahrung | Deutsche,geschieden,/
2021,08315KRSI,"Breisgau-Hochschwarzwald, Landkreis",second_generation_german,mit Migrationshintergrund | ohne eigene Migrationserfahrung | Deutsche,ledig,15
2021,08315KRSI,"Breisgau-Hochschwarzwald, Landkreis",second_generation_german,mit Migrationshintergrund | ohne eigene Migrationserfahrung | Deutsche,verheiratet,/
2021,08315KRSI,"Breisgau-Hochschwarzwald, Landkreis",second_generation_german,mit Migrationshintergrund | ohne eigene Migrationserfahrung | Deutsche,verwitwet,/
2021,08316KRSI,"Emmendingen, Landkreis",by_marital_status,Insgesamt,Insgesamt,164
2021,08316KRSI,"Emmendingen, Landkreis",by_marital_status,Insgesamt,geschieden,10
2021,08316KRSI,"Emmendingen, Landkreis",by_marital_status,Insgesamt,ledig,70
2021,08316KRSI,"Emmendingen, Landkreis",by_marital_status,Insgesamt,verheiratet,74
2021,08316KRSI,"Emmendingen, Landkreis",by_marital_status,Insgesamt,verwitwet,10
2021,08316KRSI,"Emmendingen, Landkreis",by_marital_status,mit Migrationshintergrund,Insgesamt,41
2021,08316KRSI,"Emmendingen, Landkreis",by_marital_status,mit Migrationshintergrund,geschieden,/
2021,08316KRSI,"Emmendingen, Landkreis",by_marital_status,mit Migrationshintergrund,ledig,19
2021,08316KRSI,"Emmendingen, Landkreis",by_marital_status,mit Migrationshintergrund,verheiratet,19
2021,08316KRSI,"Emmendingen, Landkreis",by_marital_status,mit Migrationshintergrund,verwitwet,/
2021,08316KRSI,"Emmendingen, Landkreis",second_generation_german,mit Migrationshintergrund | ohne eigene Migrationserfahrung | Deutsche,Insgesamt,12
2021,08316KRSI,"Emmendingen, Landkreis",second_generation_german,mit Migrationshintergrund | ohne eigene Migrationserfahrung | Deutsche,geschieden,/
2021,08316KRSI,"Emmendingen, Landkreis",second_generation_german,mit Migrationshintergrund | ohne eigene Migrationserfahrung | Deutsche,ledig,9
2021,08316KRSI,"Emmendingen, Landkreis",second_generation_german,mit Migrationshintergrund | ohne eigene Migrationserfahrung | Deutsche,verheiratet,/
2021,08316KRSI,"Emmendingen, Landkreis",second_generation_german,mit Migrationshintergrund | ohne eigene Migrationserfahrung | Deutsche,verwitwet,/
2021,08317KRSI,"Ortenaukreis, Landkreis",by_marital_status,Insgesamt,Insgesamt,431
2021,08317KRSI,"Ortenaukreis, Landkreis",by_marital_status,Insgesamt,geschieden,28
2021,08317KRSI,"Ortenaukreis, Landkreis",by_marital_status,Insgesamt,ledig,180
2021,08317KRSI,"Ortenaukreis, Landkreis",by_marital_status,Insgesamt,verheiratet,199
2021,08317KRSI,"Ortenaukreis, Landkreis",by_marital_status,Insgesamt,verwitwet,24
2021,08317KRSI,"Ortenaukreis, Landkreis",by_marital_status,mit Migrationshintergrund,Insgesamt,122
2021,08317KRSI,"Ortenaukreis, Landkreis",by_marital_status,mit Migrationshintergrund,geschieden,9
2021,08317KRSI,"Ortenaukreis, Landkreis",by_marital_status,mit Migrationshintergrund,ledig,56
2021,08317KRSI,"Ortenaukreis, Landkreis",by_marital_status,mit Migrationshintergrund,verheiratet,53
2021,08317KRSI,"Ortenaukreis, Landkreis",by_marital_status,mit Migrationshintergrund,verwitwet,/
2021,08317KRSI,"Ortenaukreis, Landkreis",second_generation_german,mit Migrationshintergrund | ohne eigene Migrationserfahrung | Deutsche,Insgesamt,36
2021,08317KRSI,"Ortenaukreis, Landkreis",second_generation_german,mit Migrationshintergrund | ohne eigene Migrationserfahrung | Deutsche,geschieden,/
2021,08317KRSI,"Ortenaukreis, Landkreis",second_generation_german,mit Migrationshintergrund | ohne eigene Migrationserfahrung | Deutsche,ledig,30
2021,08317KRSI,"Ortenaukreis, Landkreis",second_generation_german,mit Migrationshintergrund | ohne eigene Migrationserfahrung | Deutsche,verheiratet,/
2021,08317KRSI,"Ortenaukreis, Landkreis",second_generation_german,mit Migrationshintergrund | ohne eigene Migrationserfahrung | Deutsche,verwitwet,/
2021,08325KRSI,"Rottweil, Landkreis",by_marital_status,Insgesamt,Insgesamt,137
2021,08325KRSI,"Rottweil, Landkreis",by_marital_status,Insgesamt,geschieden,11
2021,08325KRSI,"Rottweil, Landkreis",by_marital_status,Insgesamt,ledig,57
2021,08325KRSI,"Rottweil, Landkreis",by_marital_status,Insgesamt,verheiratet,61
2021,08325KRSI,"Rottweil, Landkreis",by_marital_status,Insgesamt,verwitwet,9
2021,08325KRSI,"Rottweil, Landkreis",by_marital_status,mit Migrationshintergrund,Insgesamt,48
2021,08325KRSI,"Rottweil, Landkreis",by_marital_status,mit Migrationshintergrund,geschieden,/
2021,08325KRSI,"Rottweil, Landkreis",by_marital_status,mit Migrationshintergrund,ledig,21
2021,08325KRSI,"Rottweil, Landkreis",by_marital_status,mit Migrationshintergrund,verheiratet,22
2021,08325KRSI,"Rottweil, Landkreis",by_marital_status,mit Migrationshintergrund,verwitwet,/
2021,08325KRSI,"Rottweil, Landkreis",second_generation_german,mit Migrationshintergrund | ohne eigene Migrationserfahrung | Deutsche,Insgesamt,16
2021,08325KRSI,"Rottweil, Landkreis",second_generation_german,mit Migrationshintergrund | ohne eigene Migrationserfahrung | Deutsche,geschieden,/
2021,08325KRSI,"Rottweil, Landkreis",second_generation_german,mit Migrationshintergrund | ohne eigene Migrationserfahrung | Deutsche,ledig,13
2021,08325KRSI,"Rottweil, Landkreis",second_generation_german,mit Migrationshintergrund | ohne eigene Migrationserfahrung | Deutsche,verheiratet,/
2021,08325KRSI,"Rottweil, Landkreis",second_generation_german,mit Migrationshintergrund | ohne eigene Migrationserfahrung | Deutsche,verwitwet,/
2021,08326KRSI,"Schwarzwald-Baar-Kreis, Landkreis",by_marital_status,Insgesamt,Insgesamt,205
2021,08326KRSI,"Schwarzwald-Baar-Kreis, Landkreis",by_marital_status,Insgesamt,geschieden,12
2021,08326KRSI,"Schwarzwald-Baar-Kreis, Landkreis",by_marital_status,Insgesamt,ledig,86
2021,08326KRSI,"Schwarzwald-Baar-Kreis, Landkreis",by_marital_status,Insgesamt,verheiratet,94
2021,08326KRSI,"Schwarzwald-Baar-Kreis, Landkreis",by_marital_status,Insgesamt,verwitwet,14
2021,08326KRSI,"Schwarzwald-Baar-Kreis, Landkreis",by_marital_status,mit Migrationshintergrund,Insgesamt,68
2021,08326KRSI,"Schwarzwald-Baar-Kreis, Landkreis",by_marital_status,mit Migrationshintergrund,geschieden,/
2021,08326KRSI,"Schwarzwald-Baar-Kreis, Landkreis",by_marital_status,mit Migrationshintergrund,ledig,32
2021,08326KRSI,"Schwarzwald-Baar-Kreis, Landkreis",by_marital_status,mit Migrationshintergrund,verheiratet,30
2021,08326KRSI,"Schwarzwald-Baar-Kreis, Landkreis",by_marital_status,mit Migrationshintergrund,verwitwet,/
2021,08326KRSI,"Schwarzwald-Baar-Kreis, Landkreis",second_generation_german,mit Migrationshintergrund | ohne eigene Migrationserfahrung | Deutsche,Insgesamt,21
2021,08326KRSI,"Schwarzwald-Baar-Kreis, Landkreis",second_generation_german,mit Migrationshintergrund | ohne eigene Migrationserfahrung | Deutsche,geschieden,/
2021,08326KRSI,"Schwarzwald-Baar-Kreis, Landkreis",second_generation_german,mit Migrationshintergrund | ohne eigene Migrationserfahrung | Deutsche,ledig,17
2021,08326KRSI,"Schwarzwald-Baar-Kreis, Landkreis",second_generation_german,mit Migrationshintergrund | ohne eigene Migrationserfahrung | Deutsche,verheiratet,/
2021,08326KRSI,"Schwarzwald-Baar-Kreis, Landkreis",second_generation_german,mit Migrationshintergrund | ohne eigene Migrationserfahrung | Deutsche,verwitwet,/
2021,08327KRSI,"Tuttlingen, Landkreis",by_marital_status,Insgesamt,Insgesamt,142
2021,08327KRSI,"Tuttlingen, Landkreis",by_marital_status,Insgesamt,geschieden,9
2021,08327KRSI,"Tuttlingen, Landkreis",by_marital_status,Insgesamt,ledig,57
2021,08327KRSI,"Tuttlingen, Landkreis",by_marital_status,Insgesamt,verheiratet,67
2021,08327KRSI,"Tuttlingen, Landkreis",by_marital_status,Insgesamt,verwitwet,9
2021,08327KRSI,"Tuttlingen, Landkreis",by_marital_status,mit Migrationshintergrund,Insgesamt,67
2021,08327KRSI,"Tuttlingen, Landkreis",by_marital_status,mit Migrationshintergrund,geschieden,/
2021,08327KRSI,"Tuttlingen, Landkreis",by_marital_status,mit Migrationshintergrund,ledig,32
2021,08327KRSI,"Tuttlingen, Landkreis",by_marital_status,mit Migrationshintergrund,verheiratet,30
2021,08327KRSI,"Tuttlingen, Landkreis",by_marital_status,mit Migrationshintergrund,verwitwet,/
2021,08327KRSI,"Tuttlingen, Landkreis",second_generation_german,mit Migrationshintergrund | ohne eigene Migrationserfahrung | Deutsche,Insgesamt,20
2021,08327KRSI,"Tuttlingen, Landkreis",second_generation_german,mit Migrationshintergrund | ohne eigene Migrationserfahrung | Deutsche,geschieden,/
2021,08327KRSI,"Tuttlingen, Landkreis",second_generation_german,mit Migrationshintergrund | ohne eigene Migrationserfahrung | Deutsche,ledig,16
2021,08327KRSI,"Tuttlingen, Landkreis",second_generation_german,mit Migrationshintergrund | ohne eigene Migrationserfahrung | Deutsche,verheiratet,/
2021,08327KRSI,"Tuttlingen, Landkreis",second_generation_german,mit Migrationshintergrund | ohne eigene Migrationserfahrung | Deutsche,verwitwet,/
2021,08335KRSI,"Konstanz, Landkreis",by_marital_status,Insgesamt,Insgesamt,284
2021,08335KRSI,"Konstanz, Landkreis",by_marital_status,Insgesamt,geschieden,22
2021,08335KRSI,"Konstanz, Landkreis",by_marital_status,Insgesamt,ledig,121
2021,08335KRSI,"Konstanz, Landkreis",by_marital_status,Insgesamt,verheiratet,122
2021,08335KRSI,"Konstanz, Landkreis",by_marital_status,Insgesamt,verwitwet,18
2021,08335KRSI,"Konstanz, Landkreis",by_marital_status,mit Migrationshintergrund,Insgesamt,86
2021,08335KRSI,"Konstanz, Landkreis",by_marital_status,mit Migrationshintergrund,geschieden,6
2021,08335KRSI,"Konstanz, Landkreis",by_marital_status,mit Migrationshintergrund,ledig,41
2021,08335KRSI,"Konstanz, Landkreis",by_marital_status,mit Migrationshintergrund,verheiratet,34
2021,08335KRSI,"Konstanz, Landkreis",by_marital_status,mit Migrationshintergrund,verwitwet,/
2021,08335KRSI,"Konstanz, Landkreis",second_generation_german,mit Migrationshintergrund | ohne eigene Migrationserfahrung | Deutsche,Insgesamt,29
2021,08335KRSI,"Konstanz, Landkreis",second_generation_german,mit Migrationshintergrund | ohne eigene Migrationserfahrung | Deutsche,geschieden,/
2021,08335KRSI,"Konstanz, Landkreis",second_generation_german,mit Migrationshintergrund | ohne eigene Migrationserfahrung | Deutsche,ledig,22
2021,08335KRSI,"Konstanz, Landkreis",second_generation_german,mit Migrationshintergrund | ohne eigene Migrationserfahrung | Deutsche,verheiratet,/
2021,08335KRSI,"Konstanz, Landkreis",second_generation_german,mit Migrationshintergrund | ohne eigene Migrationserfahrung | Deutsche,verwitwet,/
2021,08336KRSI,"Lörrach, Landkreis",by_marital_status,Insgesamt,Insgesamt,229
2021,08336KRSI,"Lörrach, Landkreis",by_marital_status,Insgesamt,geschieden,17
2021,08336KRSI,"Lörrach, Landkreis",by_marital_status,Insgesamt,ledig,90
2021,08336KRSI,"Lörrach, Landkreis",by_marital_status,Insgesamt,verheiratet,109
2021,08336KRSI,"Lörrach, Landkreis",by_marital_status,Insgesamt,verwitwet,13
2021,08336KRSI,"Lörrach, Landkreis",by_marital_status,mit Migrationshintergrund,Insgesamt,88
2021,08336KRSI,"Lörrach, Landkreis",by_marital_status,mit Migrationshintergrund,geschieden,/
2021,08336KRSI,"Lörrach, Landkreis",by_marital_status,mit Migrationshintergrund,ledig,41
2021,08336KRSI,"Lörrach, Landkreis",by_marital_status,mit Migrationshintergrund,verheiratet,39
2021,08336KRSI,"Lörrach, Landkreis",by_marital_status,mit Migrationshintergrund,verwitwet,/
2021,08336KRSI,"Lörrach, Landkreis",second_generation_german,mit Migrationshintergrund | ohne eigene Migrationserfahrung | Deutsche,Insgesamt,29
2021,08336KRSI,"Lörrach, Landkreis",second_generation_german,mit Migrationshintergrund | ohne eigene Migrationserfahrung | Deutsche,geschieden,/
2021,08336KRSI,"Lörrach, Landkreis",second_generation_german,mit Migrationshintergrund | ohne eigene Migrationserfahrung | Deutsche,ledig,24
2021,08336KRSI,"Lörrach, Landkreis",second_generation_german,mit Migrationshintergrund | ohne eigene Migrationserfahrung | Deutsche,verheiratet,/
2021,08336KRSI,"Lörrach, Landkreis",second_generation_german,mit Migrationshintergrund | ohne eigene Migrationserfahrung | Deutsche,verwitwet,/
2021,08337KRSI,"Waldshut, Landkreis",by_marital_status,Insgesamt,Insgesamt,167
2021,08337KRSI,"Waldshut, Landkreis",by_marital_status,Insgesamt,geschieden,13
2021,08337KRSI,"Waldshut, Landkreis",by_marital_status,Insgesamt,ledig,68
2021,08337KRSI,"Waldshut, Landkreis",by_marital_status,Insgesamt,verheiratet,73
2021,08337KRSI,"Waldshut, Landkreis",by_marital_status,Insgesamt,verwitwet,12
2021,08337KRSI,"Waldshut, Landkreis",by_marital_status,mit Migrationshintergrund,Insgesamt,60
2021,08337KRSI,"Waldshut, Landkreis",by_marital_status,mit Migrationshintergrund,geschieden,/
2021,08337KRSI,"Waldshut, Landkreis",by_marital_status,mit Migrationshintergrund,ledig,28
2021,08337KRSI,"Waldshut, Landkreis",by_marital_status,mit Migrationshintergrund,verheiratet,25
2021,08337KRSI,"Waldshut, Landkreis",by_marital_status,mit Migrationshintergrund,verwitwet,/
2021,08337KRSI,"Waldshut, Landkreis",second_generation_german,mit Migrationshintergrund | ohne eigene Migrationserfahrung | Deutsche,Insgesamt,17
2021,08337KRSI,"Waldshut, Landkreis",second_generation_german,mit Migrationshintergrund | ohne eigene Migrationserfahrung | Deutsche,geschieden,/
2021,08337KRSI,"Waldshut, Landkreis",second_generation_german,mit Migrationshintergrund | ohne eigene Migrationserfahrung | Deutsche,ledig,14
2021,08337KRSI,"Waldshut, Landkreis",second_generation_german,mit Migrationshintergrund | ohne eigene Migrationserfahrung | Deutsche,verheiratet,/
2021,08337KRSI,"Waldshut, Landkreis",second_generation_german,mit Migrationshintergrund | ohne eigene Migrationserfahrung | Deutsche,verwitwet,/
2021,08415KRSI,"Reutlingen, Landkreis",by_marital_status,Insgesamt,Insgesamt,287
2021,08415KRSI,"Reutlingen, Landkreis",by_marital_status,Insgesamt,geschieden,22
2021,08415KRSI,"Reutlingen, Landkreis",by_marital_status,Insgesamt,ledig,112
2021,08415KRSI,"Reutlingen, Landkreis",by_marital_status,Insgesamt,verheiratet,138
2021,08415KRSI,"Reutlingen, Landkreis",by_marital_status,Insgesamt,verwitwet,15
2021,08415KRSI,"Reutlingen, Landkreis",by_marital_status,mit Migrationshintergrund,Insgesamt,105
2021,08415KRSI,"Reutlingen, Landkreis",by_marital_status,mit Migrationshintergrund,geschieden,7
2021,08415KRSI,"Reutlingen, Landkreis",by_marital_status,mit Migrationshintergrund,ledig,44
2021,08415KRSI,"Reutlingen, Landkreis",by_marital_status,mit Migrationshintergrund,verheiratet,51
2021,08415KRSI,"Reutlingen, Landkreis",by_marital_status,mit Migrationshintergrund,verwitwet,/
2021,08415KRSI,"Reutlingen, Landkreis",second_generation_german,mit Migrationshintergrund | ohne eigene Migrationserfahrung | Deutsche,Insgesamt,31
2021,08415KRSI,"Reutlingen, Landkreis",second_generation_german,mit Migrationshintergrund | ohne eigene Migrationserfahrung | Deutsche,geschieden,/
2021,08415KRSI,"Reutlingen, Landkreis",second_generation_german,mit Migrationshintergrund | ohne eigene Migrationserfahrung | Deutsche,ledig,22
2021,08415KRSI,"Reutlingen, Landkreis",second_generation_german,mit Migrationshintergrund | ohne eigene Migrationserfahrung | Deutsche,verheiratet,7
2021,08415KRSI,"Reutlingen, Landkreis",second_generation_german,mit Migrationshintergrund | ohne eigene Migrationserfahrung | Deutsche,verwitwet,/
2021,08416KRSI,"Tübingen, Landkreis",by_marital_status,Insgesamt,Insgesamt,227
2021,08416KRSI,"Tübingen, Landkreis",by_marital_status,Insgesamt,geschieden,13
2021,08416KRSI,"Tübingen, Landkreis",by_marital_status,Insgesamt,ledig,102
2021,08416KRSI,"Tübingen, Landkreis",by_marital_status,Insgesamt,verheiratet,101
2021,08416KRSI,"Tübingen, Landkreis",by_marital_status,Insgesamt,verwitwet,11
2021,08416KRSI,"Tübingen, Landkreis",by_marital_status,mit Migrationshintergrund,Insgesamt,66
2021,08416KRSI,"Tübingen, Landkreis",by_marital_status,mit Migrationshintergrund,geschieden,/
2021,08416KRSI,"Tübingen, Landkreis",by_marital_status,mit Migrationshintergrund,ledig,33
2021,08416KRSI,"Tübingen, Landkreis",by_marital_status,mit Migrationshintergrund,verheiratet,29
2021,08416KRSI,"Tübingen, Landkreis",by_marital_status,mit Migrationshintergrund,verwitwet,/
2021,08416KRSI,"Tübingen, Landkreis",second_generation_german,mit Migrationshintergrund | ohne eigene Migrationserfahrung | Deutsche,Insgesamt,23
2021,08416KRSI,"Tübingen, Landkreis",second_generation_german,mit Migrationshintergrund | ohne eigene Migrationserfahrung | Deutsche,geschieden,/
2021,08416KRSI,"Tübingen, Landkreis",second_generation_german,mit Migrationshintergrund | ohne eigene Migrationserfahrung | Deutsche,ledig,18
2021,08416KRSI,"Tübingen, Landkreis",second_generation_german,mit Migrationshintergrund | ohne eigene Migrationserfahrung | Deutsche,verheiratet,/
2021,08416KRSI,"Tübingen, Landkreis",second_generation_german,mit Migrationshintergrund | ohne eigene Migrationserfahrung | Deutsche,verwitwet,/
2021,08417KRSI,"Zollernalbkreis, Landkreis",by_marital_status,Insgesamt,Insgesamt,188
2021,08417KRSI,"Zollernalbkreis, Landkreis",by_marital_status,Insgesamt,geschieden,13
2021,08417KRSI,"Zollernalbkreis, Landkreis",by_marital_status,Insgesamt,ledig,75
2021,08417KRSI,"Zollernalbkreis, Landkreis",by_marital_status,Insgesamt,verheiratet,89
2021,08417KRSI,"Zollernalbkreis, Landkreis",by_marital_status,Insgesamt,verwitwet,11
2021,08417KRSI,"Zollernalbkreis, Landkreis",by_marital_status,mit Migrationshintergrund,Insgesamt,61
2021,08417KRSI,"Zollernalbkreis, Landkreis",by_marital_status,mit Migrationshintergrund,geschieden,/
2021,08417KRSI,"Zollernalbkreis, Landkreis",by_marital_status,mit Migrationshintergrund,ledig,25
2021,08417KRSI,"Zollernalbkreis, Landkreis",by_marital_status,mit Migrationshintergrund,verheiratet,31
2021,08417KRSI,"Zollernalbkreis, Landkreis",by_marital_status,mit Migrationshintergrund,verwitwet,/
2021,08417KRSI,"Zollernalbkreis, Landkreis",second_generation_german,mit Migrationshintergrund | ohne eigene Migrationserfahrung | Deutsche,Insgesamt,20
2021,08417KRSI,"Zollernalbkreis, Landkreis",second_generation_german,mit Migrationshintergrund | ohne eigene Migrationserfahrung | Deutsche,geschieden,/
2021,08417KRSI,"Zollernalbkreis, Landkreis",second_generation_german,mit Migrationshintergrund | ohne eigene Migrationserfahrung | Deutsche,ledig,16
2021,08417KRSI,"Zollernalbkreis, Landkreis",second_generation_german,mit Migrationshintergrund | ohne eigene Migrationserfahrung | Deutsche,verheiratet,/
2021,08417KRSI,"Zollernalbkreis, Landkreis",second_generation_german,mit Migrationshintergrund | ohne eigene Migrationserfahrung | Deutsche,verwitwet,/
2021,08421KRSI,"Ulm, Stadtkreis",by_marital_status,Insgesamt,Insgesamt,126
2021,08421KRSI,"Ulm, Stadtkreis",by_marital_status,Insgesamt,geschieden,8
2021,08421KRSI,"Ulm, Stadtkreis",by_marital_status,Insgesamt,ledig,62
2021,08421KRSI,"Ulm, Stadtkreis",by_marital_status,Insgesamt,verheiratet,49
2021,08421KRSI,"Ulm, Stadtkreis",by_marital_status,Insgesamt,verwitwet,7
2021,08421KRSI,"Ulm, Stadtkreis",by_marital_status,mit Migrationshintergrund,Insgesamt,60
2021,08421KRSI,"Ulm, Stadtkreis",by_marital_status,mit Migrationshintergrund,geschieden,/
2021,08421KRSI,"Ulm, Stadtkreis",by_marital_status,mit Migrationshintergrund,ledig,29
2021,08421KRSI,"Ulm, Stadtkreis",by_marital_status,mit Migrationshintergrund,verheiratet,26
2021,08421KRSI,"Ulm, Stadtkreis",by_marital_status,mit Migrationshintergrund,verwitwet,/
2021,08421KRSI,"Ulm, Stadtkreis",second_generation_german,mit Migrationshintergrund | ohne eigene Migrationserfahrung | Deutsche,Insgesamt,19
2021,08421KRSI,"Ulm, Stadtkreis",second_generation_german,mit Migrationshintergrund | ohne eigene Migrationserfahrung | Deutsche,geschieden,/
2021,08421KRSI,"Ulm, Stadtkreis",second_generation_german,mit Migrationshintergrund | ohne eigene Migrationserfahrung | Deutsche,ledig,16
2021,08421KRSI,"Ulm, Stadtkreis",second_generation_german,mit Migrationshintergrund | ohne eigene Migrationserfahrung | Deutsche,verheiratet,/
2021,08421KRSI,"Ulm, Stadtkreis",second_generation_german,mit Migrationshintergrund | ohne eigene Migrationserfahrung | Deutsche,verwitwet,/
2021,08425KRSI,"Alb-Donau-Kreis, Landkreis",by_marital_status,Insgesamt,Insgesamt,196
2021,08425KRSI,"Alb-Donau-Kreis, Landkreis",by_marital_status,Insgesamt,geschieden,10
2021,08425KRSI,"Alb-Donau-Kreis, Landkreis",by_marital_status,Insgesamt,ledig,79
2021,08425KRSI,"Alb-Donau-Kreis, Landkreis",by_marital_status,Insgesamt,verheiratet,96
2021,08425KRSI,"Alb-Donau-Kreis, Landkreis",by_marital_status,Insgesamt,verwitwet,11
2021,08425KRSI,"Alb-Donau-Kreis, Landkreis",by_marital_status,mit Migrationshintergrund,Insgesamt,58
2021,08425KRSI,"Alb-Donau-Kreis, Landkreis",by_marital_status,mit Migrationshintergrund,geschieden,/
2021,08425KRSI,"Alb-Donau-Kreis, Landkreis",by_marital_status,mit Migrationshintergrund,ledig,25
2021,08425KRSI,"Alb-Donau-Kreis, Landkreis",by_marital_status,mit Migrationshintergrund,verheiratet,28
2021,08425KRSI,"Alb-Donau-Kreis, Landkreis",by_marital_status,mit Migrationshintergrund,verwitwet,/
2021,08425KRSI,"Alb-Donau-Kreis, Landkreis",second_generation_german,mit Migrationshintergrund | ohne eigene Migrationserfahrung | Deutsche,Insgesamt,20
2021,08425KRSI,"Alb-Donau-Kreis, Landkreis",second_generation_german,mit Migrationshintergrund | ohne eigene Migrationserfahrung | Deutsche,geschieden,/
2021,08425KRSI,"Alb-Donau-Kreis, Landkreis",second_generation_german,mit Migrationshintergrund | ohne eigene Migrationserfahrung | Deutsche,ledig,15
2021,08425KRSI,"Alb-Donau-Kreis, Landkreis",second_generation_german,mit Migrationshintergrund | ohne eigene Migrationserfahrung | Deutsche,verheiratet,/
2021,08425KRSI,"Alb-Donau-Kreis, Landkreis",second_generation_german,mit Migrationshintergrund | ohne eigene Migrationserfahrung | Deutsche,verwitwet,/
2021,08426KRSI,"Biberach, Landkreis",by_marital_status,Insgesamt,Insgesamt,201
2021,08426KRSI,"Biberach, Landkreis",by_marital_status,Insgesamt,geschieden,12
2021,08426KRSI,"Biberach, Landkreis",by_marital_status,Insgesamt,ledig,87
2021,08426KRSI,"Biberach, Landkreis",by_marital_status,Insgesamt,verheiratet,92
2021,08426KRSI,"Biberach, Landkreis",by_marital_status,Insgesamt,verwitwet,10
2021,08426KRSI,"Biberach, Landkreis",by_marital_status,mit Migrationshintergrund,Insgesamt,52
2021,08426KRSI,"Biberach, Landkreis",by_marital_status,mit Migrationshintergrund,geschieden,/
2021,08426KRSI,"Biberach, Landkreis",by_marital_status,mit Migrationshintergrund,ledig,25
2021,08426KRSI,"Biberach, Landkreis",by_marital_status,mit Migrationshintergrund,verheiratet,23
2021,08426KRSI,"Biberach, Landkreis",by_marital_status,mit Migrationshintergrund,verwitwet,/
2021,08426KRSI,"Biberach, Landkreis",second_generation_german,mit Migrationshintergrund | ohne eigene Migrationserfahrung | Deutsche,Insgesamt,19
2021,08426KRSI,"Biberach, Landkreis",second_generation_german,mit Migrationshintergrund | ohne eigene Migrationserfahrung | Deutsche,geschieden,/
2021,08426KRSI,"Biberach, Landkreis",second_generation_german,mit Migrationshintergrund | ohne eigene Migrationserfahrung | Deutsche,ledig,15
2021,08426KRSI,"Biberach, Landkreis",second_generation_german,mit Migrationshintergrund | ohne eigene Migrationserfahrung | Deutsche,verheiratet,/
2021,08426KRSI,"Biberach, Landkreis",second_generation_german,mit Migrationshintergrund | ohne eigene Migrationserfahrung | Deutsche,verwitwet,/
2021,08435KRSI,"Bodenseekreis, Landkreis",by_marital_status,Insgesamt,Insgesamt,214
2021,08435KRSI,"Bodenseekreis, Landkreis",by_marital_status,Insgesamt,geschieden,15
2021,08435KRSI,"Bodenseekreis, Landkreis",by_marital_status,Insgesamt,ledig,85
2021,08435KRSI,"Bodenseekreis, Landkreis",by_marital_status,Insgesamt,verheiratet,101
2021,08435KRSI,"Bodenseekreis, Landkreis",by_marital_status,Insgesamt,verwitwet,13
2021,08435KRSI,"Bodenseekreis, Landkreis",by_marital_status,mit Migrationshintergrund,Insgesamt,61
2021,08435KRSI,"Bodenseekreis, Landkreis",by_marital_status,mit Migrationshintergrund,geschieden,/
2021,08435KRSI,"Bodenseekreis, Landkreis",by_marital_status,mit Migrationshintergrund,ledig,28
2021,08435KRSI,"Bodenseekreis, Landkreis",by_marital_status,mit Migrationshintergrund,verheiratet,27
2021,08435KRSI,"Bodenseekreis, Landkreis",by_marital_status,mit Migrationshintergrund,verwitwet,/
2021,08435KRSI,"Bodenseekreis, Landkreis",second_generation_german,mit Migrationshintergrund | ohne eigene Migrationserfahrung | Deutsche,Insgesamt,18
2021,08435KRSI,"Bodenseekreis, Landkreis",second_generation_german,mit Migrationshintergrund | ohne eigene Migrationserfahrung | Deutsche,geschieden,/
2021,08435KRSI,"Bodenseekreis, Landkreis",second_generation_german,mit Migrationshintergrund | ohne eigene Migrationserfahrung | Deutsche,ledig,13
2021,08435KRSI,"Bodenseekreis, Landkreis",second_generation_german,mit Migrationshintergrund | ohne eigene Migrationserfahrung | Deutsche,verheiratet,/
2021,08435KRSI,"Bodenseekreis, Landkreis",second_generation_german,mit Migrationshintergrund | ohne eigene Migrationserfahrung | Deutsche,verwitwet,/
2021,08436KRSI,"Ravensburg, Landkreis",by_marital_status,Insgesamt,Insgesamt,280
2021,08436KRSI,"Ravensburg, Landkreis",by_marital_status,Insgesamt,geschieden,15
2021,08436KRSI,"Ravensburg, Landkreis",by_marital_status,Insgesamt,ledig,125
2021,08436KRSI,"Ravensburg, Landkreis",by_marital_status,Insgesamt,verheiratet,124
2021,08436KRSI,"Ravensburg, Landkreis",by_marital_status,Insgesamt,verwitwet,17
2021,08436KRSI,"Ravensburg, Landkreis",by_marital_status,mit Migrationshintergrund,Insgesamt,75
2021,08436KRSI,"Ravensburg, Landkreis",by_marital_status,mit Migrationshintergrund,geschieden,/
2021,08436KRSI,"Ravensburg, Landkreis",by_marital_status,mit Migrationshintergrund,ledig,37
2021,08436KRSI,"Ravensburg, Landkreis",by_marital_status,mit Migrationshintergrund,verheiratet,33
2021,08436KRSI,"Ravensburg, Landkreis",by_marital_status,mit Migrationshintergrund,verwitwet,/
2021,08436KRSI,"Ravensburg, Landkreis",second_generation_german,mit Migrationshintergrund | ohne eigene Migrationserfahrung | Deutsche,Insgesamt,26
2021,08436KRSI,"Ravensburg, Landkreis",second_generation_german,mit Migrationshintergrund | ohne eigene Migrationserfahrung | Deutsche,geschieden,/
2021,08436KRSI,"Ravensburg, Landkreis",second_generation_german,mit Migrationshintergrund | ohne eigene Migrationserfahrung | Deutsche,ledig,20
2021,08436KRSI,"Ravensburg, Landkreis",second_generation_german,mit Migrationshintergrund | ohne eigene Migrationserfahrung | Deutsche,verheiratet,/
2021,08436KRSI,"Ravensburg, Landkreis",second_generation_german,mit Migrationshintergrund | ohne eigene Migrationserfahrung | Deutsche,verwitwet,/
2021,08437KRSI,"Sigmaringen, Landkreis",by_marital_status,Insgesamt,Insgesamt,128
2021,08437KRSI,"Sigmaringen, Landkreis",by_marital_status,Insgesamt,geschieden,7
2021,08437KRSI,"Sigmaringen, Landkreis",by_marital_status,Insgesamt,ledig,54
2021,08437KRSI,"Sigmaringen, Landkreis",by_marital_status,Insgesamt,verheiratet,60
2021,08437KRSI,"Sigmaringen, Landkreis",by_marital_status,Insgesamt,verwitwet,8
2021,08437KRSI,"Sigmaringen, Landkreis",by_marital_status,mit Migrationshintergrund,Insgesamt,38
2021,08437KRSI,"Sigmaringen, Landkreis",by_marital_status,mit Migrationshintergrund,geschieden,/
2021,08437KRSI,"Sigmaringen, Landkreis",by_marital_status,mit Migrationshintergrund,ledig,19
2021,08437KRSI,"Sigmaringen, Landkreis",by_marital_status,mit Migrationshintergrund,verheiratet,16
2021,08437KRSI,"Sigmaringen, Landkreis",by_marital_status,mit Migrationshintergrund,verwitwet,/
2021,08437KRSI,"Sigmaringen, Landkreis",second_generation_german,mit Migrationshintergrund | ohne eigene Migrationserfahrung | Deutsche,Insgesamt,11
2021,08437KRSI,"Sigmaringen, Landkreis",second_generation_german,mit Migrationshintergrund | ohne eigene Migrationserfahrung | Deutsche,geschieden,/
2021,08437KRSI,"Sigmaringen, Landkreis",second_generation_german,mit Migrationshintergrund | ohne eigene Migrationserfahrung | Deutsche,ledig,9
2021,08437KRSI,"Sigmaringen, Landkreis",second_generation_german,mit Migrationshintergrund | ohne eigene Migrationserfahrung | Deutsche,verheiratet,/
2021,08437KRSI,"Sigmaringen, Landkreis",second_generation_german,mit Migrationshintergrund | ohne eigene Migrationserfahrung | Deutsche,verwitwet,/
2022,08111KRSI,"Stuttgart, Stadtkreis",by_marital_status,Insgesamt,Insgesamt,606
2022,08111KRSI,"Stuttgart, Stadtkreis",by_marital_status,Insgesamt,geschieden,37
2022,08111KRSI,"Stuttgart, Stadtkreis",by_marital_status,Insgesamt,ledig,307
2022,08111KRSI,"Stuttgart, Stadtkreis",by_marital_status,Insgesamt,verheiratet,231
2022,08111KRSI,"Stuttgart, Stadtkreis",by_marital_status,Insgesamt,verwitwet,30
2022,08111KRSI,"Stuttgart, Stadtkreis",by_marital_status,mit Migrationshintergrund,Insgesamt,290
2022,08111KRSI,"Stuttgart, Stadtkreis",by_marital_status,mit Migrationshintergrund,geschieden,17
2022,08111KRSI,"Stuttgart, Stadtkreis",by_marital_status,mit Migrationshintergrund,ledig,148
2022,08111KRSI,"Stuttgart, Stadtkreis",by_marital_status,mit Migrationshintergrund,verheiratet,114
2022,08111KRSI,"Stuttgart, Stadtkreis",by_marital_status,mit Migrationshintergrund,verwitwet,10
2022,08111KRSI,"Stuttgart, Stadtkreis",second_generation_german,mit Migrationshintergrund | ohne eigene Migrationserfahrung | Deutsche,Insgesamt,86
2022,08111KRSI,"Stuttgart, Stadtkreis",second_generation_german,mit Migrationshintergrund | ohne eigene Migrationserfahrung | Deutsche,geschieden,/
2022,08111KRSI,"Stuttgart, Stadtkreis",second_generation_german,mit Migrationshintergrund | ohne eigene Migrationserfahrung | Deutsche,ledig,71
2022,08111KRSI,"Stuttgart, Stadtkreis",second_generation_german,mit Migrationshintergrund | ohne eigene Migrationserfahrung | Deutsche,verheiratet,12
2022,08111KRSI,"Stuttgart, Stadtkreis",second_generation_german,mit Migrationshintergrund | ohne eigene Migrationserfahrung | Deutsche,verwitwet,/
2022,08115KRSI,"Böblingen, Landkreis",by_marital_status,Insgesamt,Insgesamt,389
2022,08115KRSI,"Böblingen, Landkreis",by_marital_status,Insgesamt,geschieden,22
2022,08115KRSI,"Böblingen, Landkreis",by_marital_status,Insgesamt,ledig,157
2022,08115KRSI,"Böblingen, Landkreis",by_marital_status,Insgesamt,verheiratet,188
2022,08115KRSI,"Böblingen, Landkreis",by_marital_status,Insgesamt,verwitwet,21
2022,08115KRSI,"Böblingen, Landkreis",by_marital_status,mit Migrationshintergrund,Insgesamt,150
2022,08115KRSI,"Böblingen, Landkreis",by_marital_status,mit Migrationshintergrund,geschieden,8
2022,08115KRSI,"Böblingen, Landkreis",by_marital_status,mit Migrationshintergrund,ledig,66
2022,08115KRSI,"Böblingen, Landkreis",by_marital_status,mit Migrationshintergrund,verheiratet,70
2022,08115KRSI,"Böblingen, Landkreis",by_marital_status,mit Migrationshintergrund,verwitwet,6
2022,08115KRSI,"Böblingen, Landkreis",second_generation_german,mit Migrationshintergrund | ohne eigene Migrationserfahrung | Deutsche,Insgesamt,48
2022,08115KRSI,"Böblingen, Landkreis",second_generation_german,mit Migrationshintergrund | ohne eigene Migrationserfahrung | Deutsche,geschieden,/
2022,08115KRSI,"Böblingen, Landkreis",second_generation_german,mit Migrationshintergrund | ohne eigene Migrationserfahrung | Deutsche,ledig,37
2022,08115KRSI,"Böblingen, Landkreis",second_generation_german,mit Migrationshintergrund | ohne eigene Migrationserfahrung | Deutsche,verheiratet,9
2022,08115KRSI,"Böblingen, Landkreis",second_generation_german,mit Migrationshintergrund | ohne eigene Migrationserfahrung | Deutsche,verwitwet,/
2022,08116KRSI,"Esslingen, Landkreis",by_marital_status,Insgesamt,Insgesamt,530
2022,08116KRSI,"Esslingen, Landkreis",by_marital_status,Insgesamt,geschieden,35
2022,08116KRSI,"Esslingen, Landkreis",by_marital_status,Insgesamt,ledig,215
2022,08116KRSI,"Esslingen, Landkreis",by_marital_status,Insgesamt,verheiratet,251
2022,08116KRSI,"Esslingen, Landkreis",by_marital_status,Insgesamt,verwitwet,30
2022,08116KRSI,"Esslingen, Landkreis",by_marital_status,mit Migrationshintergrund,Insgesamt,196
2022,08116KRSI,"Esslingen, Landkreis",by_marital_status,mit Migrationshintergrund,geschieden,12
2022,08116KRSI,"Esslingen, Landkreis",by_marital_status,mit Migrationshintergrund,ledig,85
2022,08116KRSI,"Esslingen, Landkreis",by_marital_status,mit Migrationshintergrund,verheiratet,92
2022,08116KRSI,"Esslingen, Landkreis",by_marital_status,mit Migrationshintergrund,verwitwet,7
2022,08116KRSI,"Esslingen, Landkreis",second_generation_german,mit Migrationshintergrund | ohne eigene Migrationserfahrung | Deutsche,Insgesamt,61
2022,08116KRSI,"Esslingen, Landkreis",second_generation_german,mit Migrationshintergrund | ohne eigene Migrationserfahrung | Deutsche,geschieden,/
2022,08116KRSI,"Esslingen, Landkreis",second_generation_german,mit Migrationshintergrund | ohne eigene Migrationserfahrung | Deutsche,ledig,45
2022,08116KRSI,"Esslingen, Landkreis",second_generation_german,mit Migrationshintergrund | ohne eigene Migrationserfahrung | Deutsche,verheiratet,13
2022,08116KRSI,"Esslingen, Landkreis",second_generation_german,mit Migrationshintergrund | ohne eigene Migrationserfahrung | Deutsche,verwitwet,/
2022,08117KRSI,"Göppingen, Landkreis",by_marital_status,Insgesamt,Insgesamt,257
2022,08117KRSI,"Göppingen, Landkreis",by_marital_status,Insgesamt,geschieden,19
2022,08117KRSI,"Göppingen, Landkreis",by_marital_status,Insgesamt,ledig,103
2022,08117KRSI,"Göppingen, Landkreis",by_marital_status,Insgesamt,verheiratet,117
2022,08117KRSI,"Göppingen, Landkreis",by_marital_status,Insgesamt,verwitwet,18
2022,08117KRSI,"Göppingen, Landkreis",by_marital_status,mit Migrationshintergrund,Insgesamt,103
2022,08117KRSI,"Göppingen, Landkreis",by_marital_status,mit Migrationshintergrund,geschieden,/
2022,08117KRSI,"Göppingen, Landkreis",by_marital_status,mit Migrationshintergrund,ledig,44
2022,08117KRSI,"Göppingen, Landkreis",by_marital_status,mit Migrationshintergrund,verheiratet,48
2022,08117KRSI,"Göppingen, Landkreis",by_marital_status,mit Migrationshintergrund,verwitwet,/
2022,08117KRSI,"Göppingen, Landkreis",second_generation_german,mit Migrationshintergrund | ohne eigene Migrationserfahrung | Deutsche,Insgesamt,32
2022,08117KRSI,"Göppingen, Landkreis",second_generation_german,mit Migrationshintergrund | ohne eigene Migrationserfahrung | Deutsche,geschieden,/
2022,08117KRSI,"Göppingen, Landkreis",second_generation_german,mit Migrationshintergrund | ohne eigene Migrationserfahrung | Deutsche,ledig,26
2022,08117KRSI,"Göppingen, Landkreis",second_generation_german,mit Migrationshintergrund | ohne eigene Migrationserfahrung | Deutsche,verheiratet,/
2022,08117KRSI,"Göppingen, Landkreis",second_generation_german,mit Migrationshintergrund | ohne eigene Migrationserfahrung | Deutsche,verwitwet,/
2022,08118KRSI,"Ludwigsburg, Landkreis",by_marital_status,Insgesamt,Insgesamt,524
2022,08118KRSI,"Ludwigsburg, Landkreis",by_marital_status,Insgesamt,geschieden,34
2022,08118KRSI,"Ludwigsburg, Landkreis",by_marital_status,Insgesamt,ledig,215
2022,08118KRSI,"Ludwigsburg, Landkreis",by_marital_status,Insgesamt,verheiratet,247
2022,08118KRSI,"Ludwigsburg, Landkreis",by_marital_status,Insgesamt,verwitwet,28
2022,08118KRSI,"Ludwigsburg, Landkreis",by_marital_status,mit Migrationshintergrund,Insgesamt,210
2022,08118KRSI,"Ludwigsburg, Landkreis",by_marital_status,mit Migrationshintergrund,geschieden,11
2022,08118KRSI,"Ludwigsburg, Landkreis",by_marital_status,mit Migrationshintergrund,ledig,94
2022,08118KRSI,"Ludwigsburg, Landkreis",by_marital_status,mit Migrationshintergrund,verheiratet,98
2022,08118KRSI,"Ludwigsburg, Landkreis",by_marital_status,mit Migrationshintergrund,verwitwet,7
2022,08118KRSI,"Ludwigsburg, Landkreis",second_generation_german,mit Migrationshintergrund | ohne eigene Migrationserfahrung | Deutsche,Insgesamt,69
2022,08118KRSI,"Ludwigsburg, Landkreis",second_generation_german,mit Migrationshintergrund | ohne eigene Migrationserfahrung | Deutsche,geschieden,/
2022,08118KRSI,"Ludwigsburg, Landkreis",second_generation_german,mit Migrationshintergrund | ohne eigene Migrationserfahrung | Deutsche,ledig,53
2022,08118KRSI,"Ludwigsburg, Landkreis",second_generation_german,mit Migrationshintergrund | ohne eigene Migrationserfahrung | Deutsche,verheiratet,14
2022,08118KRSI,"Ludwigsburg, Landkreis",second_generation_german,mit Migrationshintergrund | ohne eigene Migrationserfahrung | Deutsche,verwitwet,/
2022,08119KRSI,"Rems-Murr-Kreis, Landkreis",by_marital_status,Insgesamt,Insgesamt,438
2022,08119KRSI,"Rems-Murr-Kreis, Landkreis",by_marital_status,Insgesamt,geschieden,28
2022,08119KRSI,"Rems-Murr-Kreis, Landkreis",by_marital_status,Insgesamt,ledig,178
2022,08119KRSI,"Rems-Murr-Kreis, Landkreis",by_marital_status,Insgesamt,verheiratet,206
2022,08119KRSI,"Rems-Murr-Kreis, Landkreis",by_marital_status,Insgesamt,verwitwet,26
2022,08119KRSI,"Rems-Murr-Kreis, Landkreis",by_marital_status,mit Migrationshintergrund,Insgesamt,144
2022,08119KRSI,"Rems-Murr-Kreis, Landkreis",by_marital_status,mit Migrationshintergrund,geschieden,9
2022,08119KRSI,"Rems-Murr-Kreis, Landkreis",by_marital_status,mit Migrationshintergrund,ledig,66
2022,08119KRSI,"Rems-Murr-Kreis, Landkreis",by_marital_status,mit Migrationshintergrund,verheiratet,64
2022,08119KRSI,"Rems-Murr-Kreis, Landkreis",by_marital_status,mit Migrationshintergrund,verwitwet,/
2022,08119KRSI,"Rems-Murr-Kreis, Landkreis",second_generation_german,mit Migrationshintergrund | ohne eigene Migrationserfahrung | Deutsche,Insgesamt,45
2022,08119KRSI,"Rems-Murr-Kreis, Landkreis",second_generation_german,mit Migrationshintergrund | ohne eigene Migrationserfahrung | Deutsche,geschieden,/
2022,08119KRSI,"Rems-Murr-Kreis, Landkreis",second_generation_german,mit Migrationshintergrund | ohne eigene Migrationserfahrung | Deutsche,ledig,35
2022,08119KRSI,"Rems-Murr-Kreis, Landkreis",second_generation_german,mit Migrationshintergrund | ohne eigene Migrationserfahrung | Deutsche,verheiratet,9
2022,08119KRSI,"Rems-Murr-Kreis, Landkreis",second_generation_german,mit Migrationshintergrund | ohne eigene Migrationserfahrung | Deutsche,verwitwet,/
2022,08121KRSI,"Heilbronn, Stadtkreis",by_marital_status,Insgesamt,Insgesamt,126
2022,08121KRSI,"Heilbronn, Stadtkreis",by_marital_status,Insgesamt,geschieden,10
2022,08121KRSI,"Heilbronn, Stadtkreis",by_marital_status,Insgesamt,ledig,55
2022,08121KRSI,"Heilbronn, Stadtkreis",by_marital_status,Insgesamt,verheiratet,55
2022,08121KRSI,"Heilbronn, Stadtkreis",by_marital_status,Insgesamt,verwitwet,/
2022,08121KRSI,"Heilbronn, Stadtkreis",by_marital_status,mit Migrationshintergrund,Insgesamt,71
2022,08121KRSI,"Heilbronn, Stadtkreis",by_marital_status,mit Migrationshintergrund,geschieden,/
2022,08121KRSI,"Heilbronn, Stadtkreis",by_marital_status,mit Migrationshintergrund,ledig,33
2022,08121KRSI,"Heilbronn, Stadtkreis",by_marital_status,mit Migrationshintergrund,verheiratet,31
2022,08121KRSI,"Heilbronn, Stadtkreis",by_marital_status,mit Migrationshintergrund,verwitwet,/
2022,08121KRSI,"Heilbronn, Stadtkreis",second_generation_german,mit Migrationshintergrund | ohne eigene Migrationserfahrung | Deutsche,Insgesamt,22
2022,08121KRSI,"Heilbronn, Stadtkreis",second_generation_german,mit Migrationshintergrund | ohne eigene Migrationserfahrung | Deutsche,geschieden,/
2022,08121KRSI,"Heilbronn, Stadtkreis",second_generation_german,mit Migrationshintergrund | ohne eigene Migrationserfahrung | Deutsche,ledig,18
2022,08121KRSI,"Heilbronn, Stadtkreis",second_generation_german,mit Migrationshintergrund | ohne eigene Migrationserfahrung | Deutsche,verheiratet,/
2022,08121KRSI,"Heilbronn, Stadtkreis",second_generation_german,mit Migrationshintergrund | ohne eigene Migrationserfahrung | Deutsche,verwitwet,/
2022,08125KRSI,"Heilbronn, Landkreis",by_marital_status,Insgesamt,Insgesamt,351
2022,08125KRSI,"Heilbronn, Landkreis",by_marital_status,Insgesamt,geschieden,21
2022,08125KRSI,"Heilbronn, Landkreis",by_marital_status,Insgesamt,ledig,145
2022,08125KRSI,"Heilbronn, Landkreis",by_marital_status,Insgesamt,verheiratet,167
2022,08125KRSI,"Heilbronn, Landkreis",by_marital_status,Insgesamt,verwitwet,17
2022,08125KRSI,"Heilbronn, Landkreis",by_marital_status,mit Migrationshintergrund,Insgesamt,134
2022,08125KRSI,"Heilbronn, Landkreis",by_marital_status,mit Migrationshintergrund,geschieden,6
2022,08125KRSI,"Heilbronn, Landkreis",by_marital_status,mit Migrationshintergrund,ledig,62
2022,08125KRSI,"Heilbronn, Landkreis",by_marital_status,mit Migrationshintergrund,verheiratet,63
2022,08125KRSI,"Heilbronn, Landkreis",by_marital_status,mit Migrationshintergrund,verwitwet,/
2022,08125KRSI,"Heilbronn, Landkreis",second_generation_german,mit Migrationshintergrund | ohne eigene Migrationserfahrung | Deutsche,Insgesamt,43
2022,08125KRSI,"Heilbronn, Landkreis",second_generation_german,mit Migrationshintergrund | ohne eigene Migrationserfahrung | Deutsche,geschieden,/
2022,08125KRSI,"Heilbronn, Landkreis",second_generation_german,mit Migrationshintergrund | ohne eigene Migrationserfahrung | Deutsche,ledig,34
2022,08125KRSI,"Heilbronn, Landkreis",second_generation_german,mit Migrationshintergrund | ohne eigene Migrationserfahrung | Deutsche,verheiratet,7
2022,08125KRSI,"Heilbronn, Landkreis",second_generation_german,mit Migrationshintergrund | ohne eigene Migrationserfahrung | Deutsche,verwitwet,/
2022,08126KRSI,"Hohenlohekreis, Landkreis",by_marital_status,Insgesamt,Insgesamt,112
2022,08126KRSI,"Hohenlohekreis, Landkreis",by_marital_status,Insgesamt,geschieden,6
2022,08126KRSI,"Hohenlohekreis, Landkreis",by_marital_status,Insgesamt,ledig,50
2022,08126KRSI,"Hohenlohekreis, Landkreis",by_marital_status,Insgesamt,verheiratet,50
2022,08126KRSI,"Hohenlohekreis, Landkreis",by_marital_status,Insgesamt,verwitwet,5
2022,08126KRSI,"Hohenlohekreis, Landkreis",by_marital_status,mit Migrationshintergrund,Insgesamt,43
2022,08126KRSI,"Hohenlohekreis, Landkreis",by_marital_status,mit Migrationshintergrund,geschieden,/
2022,08126KRSI,"Hohenlohekreis, Landkreis",by_marital_status,mit Migrationshintergrund,ledig,21
2022,08126KRSI,"Hohenlohekreis, Landkreis",by_marital_status,mit Migrationshintergrund,verheiratet,18
2022,08126KRSI,"Hohenlohekreis, Landkreis",by_marital_status,mit Migrationshintergrund,verwitwet,/
2022,08126KRSI,"Hohenlohekreis, Landkreis",second_generation_german,mit Migrationshintergrund | ohne eigene Migrationserfahrung | Deutsche,Insgesamt,14
2022,08126KRSI,"Hohenlohekreis, Landkreis",second_generation_german,mit Migrationshintergrund | ohne eigene Migrationserfahrung | Deutsche,geschieden,/
2022,08126KRSI,"Hohenlohekreis, Landkreis",second_generation_german,mit Migrationshintergrund | ohne eigene Migrationserfahrung | Deutsche,ledig,11
2022,08126KRSI,"Hohenlohekreis, Landkreis",second_generation_german,mit Migrationshintergrund | ohne eigene Migrationserfahrung | Deutsche,verheiratet,/
2022,08126KRSI,"Hohenlohekreis, Landkreis",second_generation_german,mit Migrationshintergrund | ohne eigene Migrationserfahrung | Deutsche,verwitwet,/
2022,08127KRSI,"Schwäbisch Hall, Landkreis",by_marital_status,Insgesamt,Insgesamt,192
2022,08127KRSI,"Schwäbisch Hall, Landkreis",by_marital_status,Insgesamt,geschieden,11
2022,08127KRSI,"Schwäbisch Hall, Landkreis",by_marital_status,Insgesamt,ledig,79
2022,08127KRSI,"Schwäbisch Hall, Landkreis",by_marital_status,Insgesamt,verheiratet,92
2022,08127KRSI,"Schwäbisch Hall, Landkreis",by_marital_status,Insgesamt,verwitwet,11
2022,08127KRSI,"Schwäbisch Hall, Landkreis",by_marital_status,mit Migrationshintergrund,Insgesamt,61
2022,08127KRSI,"Schwäbisch Hall, Landkreis",by_marital_status,mit Migrationshintergrund,geschieden,/
2022,08127KRSI,"Schwäbisch Hall, Landkreis",by_marital_status,mit Migrationshintergrund,ledig,26
2022,08127KRSI,"Schwäbisch Hall, Landkreis",by_marital_status,mit Migrationshintergrund,verheiratet,29
2022,08127KRSI,"Schwäbisch Hall, Landkreis",by_marital_status,mit Migrationshintergrund,verwitwet,/
2022,08127KRSI,"Schwäbisch Hall, Landkreis",second_generation_german,mit Migrationshintergrund | ohne eigene Migrationserfahrung | Deutsche,Insgesamt,17
2022,08127KRSI,"Schwäbisch Hall, Landkreis",second_generation_german,mit Migrationshintergrund | ohne eigene Migrationserfahrung | Deutsche,geschieden,/
2022,08127KRSI,"Schwäbisch Hall, Landkreis",second_generation_german,mit Migrationshintergrund | ohne eigene Migrationserfahrung | Deutsche,ledig,14
2022,08127KRSI,"Schwäbisch Hall, Landkreis",second_generation_german,mit Migrationshintergrund | ohne eigene Migrationserfahrung | Deutsche,verheiratet,/
2022,08127KRSI,"Schwäbisch Hall, Landkreis",second_generation_german,mit Migrationshintergrund | ohne eigene Migrationserfahrung | Deutsche,verwitwet,/
2022,08128KRSI,"Main-Tauber-Kreis, Landkreis",by_marital_status,Insgesamt,Insgesamt,132
2022,08128KRSI,"Main-Tauber-Kreis, Landkreis",by_marital_status,Insgesamt,geschieden,10
2022,08128KRSI,"Main-Tauber-Kreis, Landkreis",by_marital_status,Insgesamt,ledig,51
2022,08128KRSI,"Main-Tauber-Kreis, Landkreis",by_marital_status,Insgesamt,verheiratet,60
2022,08128KRSI,"Main-Tauber-Kreis, Landkreis",by_marital_status,Insgesamt,verwitwet,11
2022,08128KRSI,"Main-Tauber-Kreis, Landkreis",by_marital_status,mit Migrationshintergrund,Insgesamt,36
2022,08128KRSI,"Main-Tauber-Kreis, Landkreis",by_marital_status,mit Migrationshintergrund,geschieden,/
2022,08128KRSI,"Main-Tauber-Kreis, Landkreis",by_marital_status,mit Migrationshintergrund,ledig,16
2022,08128KRSI,"Main-Tauber-Kreis, Landkreis",by_marital_status,mit Migrationshintergrund,verheiratet,16
2022,08128KRSI,"Main-Tauber-Kreis, Landkreis",by_marital_status,mit Migrationshintergrund,verwitwet,/
2022,08128KRSI,"Main-Tauber-Kreis, Landkreis",second_generation_german,mit Migrationshintergrund | ohne eigene Migrationserfahrung | Deutsche,Insgesamt,11
2022,08128KRSI,"Main-Tauber-Kreis, Landkreis",second_generation_german,mit Migrationshintergrund | ohne eigene Migrationserfahrung | Deutsche,geschieden,/
2022,08128KRSI,"Main-Tauber-Kreis, Landkreis",second_generation_german,mit Migrationshintergrund | ohne eigene Migrationserfahrung | Deutsche,ledig,9
2022,08128KRSI,"Main-Tauber-Kreis, Landkreis",second_generation_german,mit Migrationshintergrund | ohne eigene Migrationserfahrung | Deutsche,verheiratet,/
2022,08128KRSI,"Main-Tauber-Kreis, Landkreis",second_generation_german,mit Migrationshintergrund | ohne eigene Migrationserfahrung | Deutsche,verwitwet,/
2022,08135KRSI,"Heidenheim, Landkreis",by_marital_status,Insgesamt,Insgesamt,135
2022,08135KRSI,"Heidenheim, Landkreis",by_marital_status,Insgesamt,geschieden,8
2022,08135KRSI,"Heidenheim, Landkreis",by_marital_status,Insgesamt,ledig,56
2022,08135KRSI,"Heidenheim, Landkreis",by_marital_status,Insgesamt,verheiratet,63
2022,08135KRSI,"Heidenheim, Landkreis",by_marital_status,Insgesamt,verwitwet,8
2022,08135KRSI,"Heidenheim, Landkreis",by_marital_status,mit Migrationshintergrund,Insgesamt,60
2022,08135KRSI,"Heidenheim, Landkreis",by_marital_status,mit Migrationshintergrund,geschieden,/
2022,08135KRSI,"Heidenheim, Landkreis",by_marital_status,mit Migrationshintergrund,ledig,27
2022,08135KRSI,"Heidenheim, Landkreis",by_marital_status,mit Migrationshintergrund,verheiratet,28
2022,08135KRSI,"Heidenheim, Landkreis",by_marital_status,mit Migrationshintergrund,verwitwet,/
2022,08135KRSI,"Heidenheim, Landkreis",second_generation_german,mit Migrationshintergrund | ohne eigene Migrationserfahrung | Deutsche,Insgesamt,17
2022,08135KRSI,"Heidenheim, Landkreis",second_generation_german,mit Migrationshintergrund | ohne eigene Migrationserfahrung | Deutsche,geschieden,/
2022,08135KRSI,"Heidenheim, Landkreis",second_generation_german,mit Migrationshintergrund | ohne eigene Migrationserfahrung | Deutsche,ledig,13
2022,08135KRSI,"Heidenheim, Landkreis",second_generation_german,mit Migrationshintergrund | ohne eigene Migrationserfahrung | Deutsche,verheiratet,/
2022,08135KRSI,"Heidenheim, Landkreis",second_generation_german,mit Migrationshintergrund | ohne eigene Migrationserfahrung | Deutsche,verwitwet,/
2022,08136KRSI,"Ostalbkreis, Landkreis",by_marital_status,Insgesamt,Insgesamt,314
2022,08136KRSI,"Ostalbkreis, Landkreis",by_marital_status,Insgesamt,geschieden,19
2022,08136KRSI,"Ostalbkreis, Landkreis",by_marital_status,Insgesamt,ledig,130
2022,08136KRSI,"Ostalbkreis, Landkreis",by_marital_status,Insgesamt,verheiratet,145
2022,08136KRSI,"Ostalbkreis, Landkreis",by_marital_status,Insgesamt,verwitwet,20
2022,08136KRSI,"Ostalbkreis, Landkreis",by_marital_status,mit Migrationshintergrund,Insgesamt,90
2022,08136KRSI,"Ostalbkreis, Landkreis",by_marital_status,mit Migrationshintergrund,geschieden,/
2022,08136KRSI,"Ostalbkreis, Landkreis",by_marital_status,mit Migrationshintergrund,ledig,40
2022,08136KRSI,"Ostalbkreis, Landkreis",by_marital_status,mit Migrationshintergrund,verheiratet,41
2022,08136KRSI,"Ostalbkreis, Landkreis",by_marital_status,mit Migrationshintergrund,verwitwet,/
2022,08136KRSI,"Ostalbkreis, Landkreis",second_generation_german,mit Migrationshintergrund | ohne eigene Migrationserfahrung | Deutsche,Insgesamt,29
2022,08136KRSI,"Ostalbkreis, Landkreis",second_generation_german,mit Migrationshintergrund | ohne eigene Migrationserfahrung | Deutsche,geschieden,/
2022,08136KRSI,"Ostalbkreis, Landkreis",second_generation_german,mit Migrationshintergrund | ohne eigene Migrationserfahrung | Deutsche,ledig,23
2022,08136KRSI,"Ostalbkreis, Landkreis",second_generation_german,mit Migrationshintergrund | ohne eigene Migrationserfahrung | Deutsche,verheiratet,6
2022,08136KRSI,"Ostalbkreis, Landkreis",second_generation_german,mit Migrationshintergrund | ohne eigene Migrationserfahrung | Deutsche,verwitwet,/
2022,08212KRSI,"Karlsruhe, Stadtkreis",by_marital_status,Insgesamt,Insgesamt,309
2022,08212KRSI,"Karlsruhe, Stadtkreis",by_marital_status,Insgesamt,geschieden,25
2022,08212KRSI,"Karlsruhe, Stadtkreis",by_marital_status,Insgesamt,ledig,145
2022,08212KRSI,"Karlsruhe, Stadtkreis",by_marital_status,Insgesamt,verheiratet,119
2022,08212KRSI,"Karlsruhe, Stadtkreis",by_marital_status,Insgesamt,verwitwet,19
2022,08212KRSI,"Karlsruhe, Stadtkreis",by_marital_status,mit Migrationshintergrund,Insgesamt,116
2022,08212KRSI,"Karlsruhe, Stadtkreis",by_marital_status,mit Migrationshintergrund,geschieden,8
2022,08212KRSI,"Karlsruhe, Stadtkreis",by_marital_status,mit Migrationshintergrund,ledig,55
2022,08212KRSI,"Karlsruhe, Stadtkreis",by_marital_status,mit Migrationshintergrund,verheiratet,48
2022,08212KRSI,"Karlsruhe, Stadtkreis",by_marital_status,mit Migrationshintergrund,verwitwet,/
2022,08212KRSI,"Karlsruhe, Stadtkreis",second_generation_german,mit Migrationshintergrund | ohne eigene Migrationserfahrung | Deutsche,Insgesamt,35
2022,08212KRSI,"Karlsruhe, Stadtkreis",second_generation_german,mit Migrationshintergrund | ohne eigene Migrationserfahrung | Deutsche,geschieden,/
2022,08212KRSI,"Karlsruhe, Stadtkreis",second_generation_german,mit Migrationshintergrund | ohne eigene Migrationserfahrung | Deutsche,ledig,29
2022,08212KRSI,"Karlsruhe, Stadtkreis",second_generation_german,mit Migrationshintergrund | ohne eigene Migrationserfahrung | Deutsche,verheiratet,/
2022,08212KRSI,"Karlsruhe, Stadtkreis",second_generation_german,mit Migrationshintergrund | ohne eigene Migrationserfahrung | Deutsche,verwitwet,/
2022,08215KRSI,"Karlsruhe, Landkreis",by_marital_status,Insgesamt,Insgesamt,452
2022,08215KRSI,"Karlsruhe, Landkreis",by_marital_status,Insgesamt,geschieden,30
2022,08215KRSI,"Karlsruhe, Landkreis",by_marital_status,Insgesamt,ledig,182
2022,08215KRSI,"Karlsruhe, Landkreis",by_marital_status,Insgesamt,verheiratet,210
2022,08215KRSI,"Karlsruhe, Landkreis",by_marital_status,Insgesamt,verwitwet,29
2022,08215KRSI,"Karlsruhe, Landkreis",by_marital_status,mit Migrationshintergrund,Insgesamt,145
2022,08215KRSI,"Karlsruhe, Landkreis",by_marital_status,mit Migrationshintergrund,geschieden,8
2022,08215KRSI,"Karlsruhe, Landkreis",by_marital_status,mit Migrationshintergrund,ledig,67
2022,08215KRSI,"Karlsruhe, Landkreis",by_marital_status,mit Migrationshintergrund,verheiratet,64
2022,08215KRSI,"Karlsruhe, Landkreis",by_marital_status,mit Migrationshintergrund,verwitwet,/
2022,08215KRSI,"Karlsruhe, Landkreis",second_generation_german,mit Migrationshintergrund | ohne eigene Migrationserfahrung | Deutsche,Insgesamt,47
2022,08215KRSI,"Karlsruhe, Landkreis",second_generation_german,mit Migrationshintergrund | ohne eigene Migrationserfahrung | Deutsche,geschieden,/
2022,08215KRSI,"Karlsruhe, Landkreis",second_generation_german,mit Migrationshintergrund | ohne eigene Migrationserfahrung | Deutsche,ledig,35
2022,08215KRSI,"Karlsruhe, Landkreis",second_generation_german,mit Migrationshintergrund | ohne eigene Migrationserfahrung | Deutsche,verheiratet,9
2022,08215KRSI,"Karlsruhe, Landkreis",second_generation_german,mit Migrationshintergrund | ohne eigene Migrationserfahrung | Deutsche,verwitwet,/
2022,08217KRSI,Landkreis Rastatt und Stadtkreis Baden-Baden,by_marital_status,Insgesamt,Insgesamt,54
2022,08217KRSI,Landkreis Rastatt und Stadtkreis Baden-Baden,by_marital_status,Insgesamt,geschieden,20
2022,08217KRSI,Landkreis Rastatt und Stadtkreis Baden-Baden,by_marital_status,Insgesamt,ledig,115
2022,08217KRSI,Landkreis Rastatt und Stadtkreis Baden-Baden,by_marital_status,Insgesamt,verheiratet,127
2022,08217KRSI,Landkreis Rastatt und Stadtkreis Baden-Baden,by_marital_status,Insgesamt,verwitwet,22
2022,08217KRSI,Landkreis Rastatt und Stadtkreis Baden-Baden,by_marital_status,mit Migrationshintergrund,Insgesamt,107
2022,08217KRSI,Landkreis Rastatt und Stadtkreis Baden-Baden,by_marital_status,mit Migrationshintergrund,geschieden,7
2022,08217KRSI,Landkreis Rastatt und Stadtkreis Baden-Baden,by_marital_status,mit Migrationshintergrund,ledig,51
2022,08217KRSI,Landkreis Rastatt und Stadtkreis Baden-Baden,by_marital_status,mit Migrationshintergrund,verheiratet,45
2022,08217KRSI,Landkreis Rastatt und Stadtkreis Baden-Baden,by_marital_status,mit Migrationshintergrund,verwitwet,/
2022,08217KRSI,Landkreis Rastatt und Stadtkreis Baden-Baden,second_generation_german,mit Migrationshintergrund | ohne eigene Migrationserfahrung | Deutsche,Insgesamt,27
2022,08217KRSI,Landkreis Rastatt und Stadtkreis Baden-Baden,second_generation_german,mit Migrationshintergrund | ohne eigene Migrationserfahrung | Deutsche,geschieden,/
2022,08217KRSI,Landkreis Rastatt und Stadtkreis Baden-Baden,second_generation_german,mit Migrationshintergrund | ohne eigene Migrationserfahrung | Deutsche,ledig,22
2022,08217KRSI,Landkreis Rastatt und Stadtkreis Baden-Baden,second_generation_german,mit Migrationshintergrund | ohne eigene Migrationserfahrung | Deutsche,verheiratet,/
2022,08217KRSI,Landkreis Rastatt und Stadtkreis Baden-Baden,second_generation_german,mit Migrationshintergrund | ohne eigene Migrationserfahrung | Deutsche,verwitwet,/
2022,08221KRSI,"Heidelberg, Stadtkreis",by_marital_status,Insgesamt,Insgesamt,152
2022,08221KRSI,"Heidelberg, Stadtkreis",by_marital_status,Insgesamt,geschieden,9
2022,08221KRSI,"Heidelberg, Stadtkreis",by_marital_status,Insgesamt,ledig,80
2022,08221KRSI,"Heidelberg, Stadtkreis",by_marital_status,Insgesamt,verheiratet,57
2022,08221KRSI,"Heidelberg, Stadtkreis",by_marital_status,Insgesamt,verwitwet,/
2022,08221KRSI,"Heidelberg, Stadtkreis",by_marital_status,mit Migrationshintergrund,Insgesamt,62
2022,08221KRSI,"Heidelberg, Stadtkreis",by_marital_status,mit Migrationshintergrund,geschieden,/
2022,08221KRSI,"Heidelberg, Stadtkreis",by_marital_status,mit Migrationshintergrund,ledig,36
2022,08221KRSI,"Heidelberg, Stadtkreis",by_marital_status,mit Migrationshintergrund,verheiratet,23
2022,08221KRSI,"Heidelberg, Stadtkreis",by_marital_status,mit Migrationshintergrund,verwitwet,/
2022,08221KRSI,"Heidelberg, Stadtkreis",second_generation_german,mit Migrationshintergrund | ohne eigene Migrationserfahrung | Deutsche,Insgesamt,21
2022,08221KRSI,"Heidelberg, Stadtkreis",second_generation_german,mit Migrationshintergrund | ohne eigene Migrationserfahrung | Deutsche,geschieden,/
2022,08221KRSI,"Heidelberg, Stadtkreis",second_generation_german,mit Migrationshintergrund | ohne eigene Migrationserfahrung | Deutsche,ledig,17
2022,08221KRSI,"Heidelberg, Stadtkreis",second_generation_german,mit Migrationshintergrund | ohne eigene Migrationserfahrung | Deutsche,verheiratet,/
2022,08221KRSI,"Heidelberg, Stadtkreis",second_generation_german,mit Migrationshintergrund | ohne eigene Migrationserfahrung | Deutsche,verwitwet,/
2022,08222KRSI,"Mannheim, Stadtkreis",by_marital_status,Insgesamt,Insgesamt,314
2022,08222KRSI,"Mannheim, Stadtkreis",by_marital_status,Insgesamt,geschieden,19
2022,08222KRSI,"Mannheim, Stadtkreis",by_marital_status,Insgesamt,ledig,155
2022,08222KRSI,"Mannheim, Stadtkreis",by_marital_status,Insgesamt,verheiratet,123
2022,08222KRSI,"Mannheim, Stadtkreis",by_marital_status,Insgesamt,verwitwet,17
2022,08222KRSI,"Mannheim, Stadtkreis",by_marital_status,mit Migrationshintergrund,Insgesamt,147
2022,08222KRSI,"Mannheim, Stadtkreis",by_marital_status,mit Migrationshintergrund,geschieden,7
2022,08222KRSI,"Mannheim, Stadtkreis",by_marital_status,mit Migrationshintergrund,ledig,71
2022,08222KRSI,"Mannheim, Stadtkreis",by_marital_status,mit Migrationshintergrund,verheiratet,63
2022,08222KRSI,"Mannheim, Stadtkreis",by_marital_status,mit Migrationshintergrund,verwitwet,/
2022,08222KRSI,"Mannheim, Stadtkreis",second_generation_german,mit Migrationshintergrund | ohne eigene Migrationserfahrung | Deutsche,Insgesamt,47
2022,08222KRSI,"Mannheim, Stadtkreis",second_generation_german,mit Migrationshintergrund | ohne eigene Migrationserfahrung | Deutsche,geschieden,/
2022,08222KRSI,"Mannheim, Stadtkreis",second_generation_german,mit Migrationshintergrund | ohne eigene Migrationserfahrung | Deutsche,ledig,39
2022,08222KRSI,"Mannheim, Stadtkreis",second_generation_german,mit Migrationshintergrund | ohne eigene Migrationserfahrung | Deutsche,verheiratet,6
2022,08222KRSI,"Mannheim, Stadtkreis",second_generation_german,mit Migrationshintergrund | ohne eigene Migrationserfahrung | Deutsche,verwitwet,/
2022,08225KRSI,"Neckar-Odenwald-Kreis, Landkreis",by_marital_status,Insgesamt,Insgesamt,143
2022,08225KRSI,"Neckar-Odenwald-Kreis, Landkreis",by_marital_status,Insgesamt,geschieden,7
2022,08225KRSI,"Neckar-Odenwald-Kreis, Landkreis",by_marital_status,Insgesamt,ledig,55
2022,08225KRSI,"Neckar-Odenwald-Kreis, Landkreis",by_marital_status,Insgesamt,verheiratet,70
2022,08225KRSI,"Neckar-Odenwald-Kreis, Landkreis",by_marital_status,Insgesamt,verwitwet,10
2022,08225KRSI,"Neckar-Odenwald-Kreis, Landkreis",by_marital_status,mit Migrationshintergrund,Insgesamt,37
2022,08225KRSI,"Neckar-Odenwald-Kreis, Landkreis",by_marital_status,mit Migrationshintergrund,geschieden,/
2022,08225KRSI,"Neckar-Odenwald-Kreis, Landkreis",by_marital_status,mit Migrationshintergrund,ledig,16
2022,08225KRSI,"Neckar-Odenwald-Kreis, Landkreis",by_marital_status,mit Migrationshintergrund,verheiratet,18
2022,08225KRSI,"Neckar-Odenwald-Kreis, Landkreis",by_marital_status,mit Migrationshintergrund,verwitwet,/
2022,08225KRSI,"Neckar-Odenwald-Kreis, Landkreis",second_generation_german,mit Migrationshintergrund | ohne eigene Migrationserfahrung | Deutsche,Insgesamt,10
2022,08225KRSI,"Neckar-Odenwald-Kreis, Landkreis",second_generation_german,mit Migrationshintergrund | ohne eigene Migrationserfahrung | Deutsche,geschieden,/
2022,08225KRSI,"Neckar-Odenwald-Kreis, Landkreis",second_generation_german,mit Migrationshintergrund | ohne eigene Migrationserfahrung | Deutsche,ledig,9
2022,08225KRSI,"Neckar-Odenwald-Kreis, Landkreis",second_generation_german,mit Migrationshintergrund | ohne eigene Migrationserfahrung | Deutsche,verheiratet,/
2022,08225KRSI,"Neckar-Odenwald-Kreis, Landkreis",second_generation_german,mit Migrationshintergrund | ohne eigene Migrationserfahrung | Deutsche,verwitwet,/
2022,08226KRSI,"Rhein-Neckar-Kreis, Landkreis",by_marital_status,Insgesamt,Insgesamt,556
2022,08226KRSI,"Rhein-Neckar-Kreis, Landkreis",by_marital_status,Insgesamt,geschieden,34
2022,08226KRSI,"Rhein-Neckar-Kreis, Landkreis",by_marital_status,Insgesamt,ledig,223
2022,08226KRSI,"Rhein-Neckar-Kreis, Landkreis",by_marital_status,Insgesamt,verheiratet,266
2022,08226KRSI,"Rhein-Neckar-Kreis, Landkreis",by_marital_status,Insgesamt,verwitwet,34
2022,08226KRSI,"Rhein-Neckar-Kreis, Landkreis",by_marital_status,mit Migrationshintergrund,Insgesamt,174
2022,08226KRSI,"Rhein-Neckar-Kreis, Landkreis",by_marital_status,mit Migrationshintergrund,geschieden,9
2022,08226KRSI,"Rhein-Neckar-Kreis, Landkreis",by_marital_status,mit Migrationshintergrund,ledig,77
2022,08226KRSI,"Rhein-Neckar-Kreis, Landkreis",by_marital_status,mit Migrationshintergrund,verheiratet,82
2022,08226KRSI,"Rhein-Neckar-Kreis, Landkreis",by_marital_status,mit Migrationshintergrund,verwitwet,6
2022,08226KRSI,"Rhein-Neckar-Kreis, Landkreis",second_generation_german,mit Migrationshintergrund | ohne eigene Migrationserfahrung | Deutsche,Insgesamt,59
2022,08226KRSI,"Rhein-Neckar-Kreis, Landkreis",second_generation_german,mit Migrationshintergrund | ohne eigene Migrationserfahrung | Deutsche,geschieden,/
2022,08226KRSI,"Rhein-Neckar-Kreis, Landkreis",second_generation_german,mit Migrationshintergrund | ohne eigene Migrationserfahrung | Deutsche,ledig,46
2022,08226KRSI,"Rhein-Neckar-Kreis, Landkreis",second_generation_german,mit Migrationshintergrund | ohne eigene Migrationserfahrung | Deutsche,verheiratet,11
2022,08226KRSI,"Rhein-Neckar-Kreis, Landkreis",second_generation_german,mit Migrationshintergrund | ohne eigene Migrationserfahrung | Deutsche,verwitwet,/
2022,08231KRSI,"Pforzheim, Stadtkreis",by_marital_status,Insgesamt,Insgesamt,128
2022,08231KRSI,"Pforzheim, Stadtkreis",by_marital_status,Insgesamt,geschieden,9
2022,08231KRSI,"Pforzheim, Stadtkreis",by_marital_status,Insgesamt,ledig,55
2022,08231KRSI,"Pforzheim, Stadtkreis",by_marital_status,Insgesamt,verheiratet,52
2022,08231KRSI,"Pforzheim, Stadtkreis",by_marital_status,Insgesamt,verwitwet,12
2022,08231KRSI,"Pforzheim, Stadtkreis",by_marital_status,mit Migrationshintergrund,Insgesamt,71
2022,08231KRSI,"Pforzheim, Stadtkreis",by_marital_status,mit Migrationshintergrund,geschieden,/
2022,08231KRSI,"Pforzheim, Stadtkreis",by_marital_status,mit Migrationshintergrund,ledig,33
2022,08231KRSI,"Pforzheim, Stadtkreis",by_marital_status,mit Migrationshintergrund,verheiratet,29
2022,08231KRSI,"Pforzheim, Stadtkreis",by_marital_status,mit Migrationshintergrund,verwitwet,/
2022,08231KRSI,"Pforzheim, Stadtkreis",second_generation_german,mit Migrationshintergrund | ohne eigene Migrationserfahrung | Deutsche,Insgesamt,19
2022,08231KRSI,"Pforzheim, Stadtkreis",second_generation_german,mit Migrationshintergrund | ohne eigene Migrationserfahrung | Deutsche,geschieden,/
2022,08231KRSI,"Pforzheim, Stadtkreis",second_generation_german,mit Migrationshintergrund | ohne eigene Migrationserfahrung | Deutsche,ledig,18
2022,08231KRSI,"Pforzheim, Stadtkreis",second_generation_german,mit Migrationshintergrund | ohne eigene Migrationserfahrung | Deutsche,verheiratet,/
2022,08231KRSI,"Pforzheim, Stadtkreis",second_generation_german,mit Migrationshintergrund | ohne eigene Migrationserfahrung | Deutsche,verwitwet,/
2022,08235KRSI,"Calw, Landkreis",by_marital_status,Insgesamt,Insgesamt,159
2022,08235KRSI,"Calw, Landkreis",by_marital_status,Insgesamt,geschieden,10
2022,08235KRSI,"Calw, Landkreis",by_marital_status,Insgesamt,ledig,59
2022,08235KRSI,"Calw, Landkreis",by_marital_status,Insgesamt,verheiratet,78
2022,08235KRSI,"Calw, Landkreis",by_marital_status,Insgesamt,verwitwet,11
2022,08235KRSI,"Calw, Landkreis",by_marital_status,mit Migrationshintergrund,Insgesamt,59
2022,08235KRSI,"Calw, Landkreis",by_marital_status,mit Migrationshintergrund,geschieden,/
2022,08235KRSI,"Calw, Landkreis",by_marital_status,mit Migrationshintergrund,ledig,25
2022,08235KRSI,"Calw, Landkreis",by_marital_status,mit Migrationshintergrund,verheiratet,28
2022,08235KRSI,"Calw, Landkreis",by_marital_status,mit Migrationshintergrund,verwitwet,/
2022,08235KRSI,"Calw, Landkreis",second_generation_german,mit Migrationshintergrund | ohne eigene Migrationserfahrung | Deutsche,Insgesamt,19
2022,08235KRSI,"Calw, Landkreis",second_generation_german,mit Migrationshintergrund | ohne eigene Migrationserfahrung | Deutsche,geschieden,/
2022,08235KRSI,"Calw, Landkreis",second_generation_german,mit Migrationshintergrund | ohne eigene Migrationserfahrung | Deutsche,ledig,15
2022,08235KRSI,"Calw, Landkreis",second_generation_german,mit Migrationshintergrund | ohne eigene Migrationserfahrung | Deutsche,verheiratet,/
2022,08235KRSI,"Calw, Landkreis",second_generation_german,mit Migrationshintergrund | ohne eigene Migrationserfahrung | Deutsche,verwitwet,/
2022,08236KRSI,"Enzkreis, Landkreis",by_marital_status,Insgesamt,Insgesamt,198
2022,08236KRSI,"Enzkreis, Landkreis",by_marital_status,Insgesamt,geschieden,11
2022,08236KRSI,"Enzkreis, Landkreis",by_marital_status,Insgesamt,ledig,80
2022,08236KRSI,"Enzkreis, Landkreis",by_marital_status,Insgesamt,verheiratet,97
2022,08236KRSI,"Enzkreis, Landkreis",by_marital_status,Insgesamt,verwitwet,10
2022,08236KRSI,"Enzkreis, Landkreis",by_marital_status,mit Migrationshintergrund,Insgesamt,66
2022,08236KRSI,"Enzkreis, Landkreis",by_marital_status,mit Migrationshintergrund,geschieden,/
2022,08236KRSI,"Enzkreis, Landkreis",by_marital_status,mit Migrationshintergrund,ledig,34
2022,08236KRSI,"Enzkreis, Landkreis",by_marital_status,mit Migrationshintergrund,verheiratet,27
2022,08236KRSI,"Enzkreis, Landkreis",by_marital_status,mit Migrationshintergrund,verwitwet,/
2022,08236KRSI,"Enzkreis, Landkreis",second_generation_german,mit Migrationshintergrund | ohne eigene Migrationserfahrung | Deutsche,Insgesamt,24
2022,08236KRSI,"Enzkreis, Landkreis",second_generation_german,mit Migrationshintergrund | ohne eigene Migrationserfahrung | Deutsche,geschieden,/
2022,08236KRSI,"Enzkreis, Landkreis",second_generation_german,mit Migrationshintergrund | ohne eigene Migrationserfahrung | Deutsche,ledig,19
2022,08236KRSI,"Enzkreis, Landkreis",second_generation_german,mit Migrationshintergrund | ohne eigene Migrationserfahrung | Deutsche,verheiratet,/
2022,08236KRSI,"Enzkreis, Landkreis",second_generation_german,mit Migrationshintergrund | ohne eigene Migrationserfahrung | Deutsche,verwitwet,/
2022,08237KRSI,"Freudenstadt, Landkreis",by_marital_status,Insgesamt,Insgesamt,122
2022,08237KRSI,"Freudenstadt, Landkreis",by_marital_status,Insgesamt,geschieden,8
2022,08237KRSI,"Freudenstadt, Landkreis",by_marital_status,Insgesamt,ledig,46
2022,08237KRSI,"Freudenstadt, Landkreis",by_marital_status,Insgesamt,verheiratet,62
2022,08237KRSI,"Freudenstadt, Landkreis",by_marital_status,Insgesamt,verwitwet,/
2022,08237KRSI,"Freudenstadt, Landkreis",by_marital_status,mit Migrationshintergrund,Insgesamt,37
2022,08237KRSI,"Freudenstadt, Landkreis",by_marital_status,mit Migrationshintergrund,geschieden,/
2022,08237KRSI,"Freudenstadt, Landkreis",by_marital_status,mit Migrationshintergrund,ledig,16
2022,08237KRSI,"Freudenstadt, Landkreis",by_marital_status,mit Migrationshintergrund,verheiratet,17
2022,08237KRSI,"Freudenstadt, Landkreis",by_marital_status,mit Migrationshintergrund,verwitwet,/
2022,08237KRSI,"Freudenstadt, Landkreis",second_generation_german,mit Migrationshintergrund | ohne eigene Migrationserfahrung | Deutsche,Insgesamt,9
2022,08237KRSI,"Freudenstadt, Landkreis",second_generation_german,mit Migrationshintergrund | ohne eigene Migrationserfahrung | Deutsche,geschieden,/
2022,08237KRSI,"Freudenstadt, Landkreis",second_generation_german,mit Migrationshintergrund | ohne eigene Migrationserfahrung | Deutsche,ledig,8
2022,08237KRSI,"Freudenstadt, Landkreis",second_generation_german,mit Migrationshintergrund | ohne eigene Migrationserfahrung | Deutsche,verheiratet,/
2022,08237KRSI,"Freudenstadt, Landkreis",second_generation_german,mit Migrationshintergrund | ohne eigene Migrationserfahrung | Deutsche,verwitwet,/
2022,08311KRSI,"Freiburg im Breisgau, Stadtkreis",by_marital_status,Insgesamt,Insgesamt,229
2022,08311KRSI,"Freiburg im Breisgau, Stadtkreis",by_marital_status,Insgesamt,geschieden,17
2022,08311KRSI,"Freiburg im Breisgau, Stadtkreis",by_marital_status,Insgesamt,ledig,130
2022,08311KRSI,"Freiburg im Breisgau, Stadtkreis",by_marital_status,Insgesamt,verheiratet,76
2022,08311KRSI,"Freiburg im Breisgau, Stadtkreis",by_marital_status,Insgesamt,verwitwet,7
2022,08311KRSI,"Freiburg im Breisgau, Stadtkreis",by_marital_status,mit Migrationshintergrund,Insgesamt,82
2022,08311KRSI,"Freiburg im Breisgau, Stadtkreis",by_marital_status,mit Migrationshintergrund,geschieden,/
2022,08311KRSI,"Freiburg im Breisgau, Stadtkreis",by_marital_status,mit Migrationshintergrund,ledig,48
2022,08311KRSI,"Freiburg im Breisgau, Stadtkreis",by_marital_status,mit Migrationshintergrund,verheiratet,26
2022,08311KRSI,"Freiburg im Breisgau, Stadtkreis",by_marital_status,mit Migrationshintergrund,verwitwet,/
2022,08311KRSI,"Freiburg im Breisgau, Stadtkreis",second_generation_german,mit Migrationshintergrund | ohne eigene Migrationserfahrung | Deutsche,Insgesamt,21
2022,08311KRSI,"Freiburg im Breisgau, Stadtkreis",second_generation_german,mit Migrationshintergrund | ohne eigene Migrationserfahrung | Deutsche,geschieden,/
2022,08311KRSI,"Freiburg im Breisgau, Stadtkreis",second_generation_german,mit Migrationshintergrund | ohne eigene Migrationserfahrung | Deutsche,ledig,18
2022,08311KRSI,"Freiburg im Breisgau, Stadtkreis",second_generation_german,mit Migrationshintergrund | ohne eigene Migrationserfahrung | Deutsche,verheiratet,/
2022,08311KRSI,"Freiburg im Breisgau, Stadtkreis",second_generation_german,mit Migrationshintergrund | ohne eigene Migrationserfahrung | Deutsche,verwitwet,/
2022,08315KRSI,"Breisgau-Hochschwarzwald, Landkreis",by_marital_status,Insgesamt,Insgesamt,267
2022,08315KRSI,"Breisgau-Hochschwarzwald, Landkreis",by_marital_status,Insgesamt,geschieden,15
2022,08315KRSI,"Breisgau-Hochschwarzwald, Landkreis",by_marital_status,Insgesamt,ledig,106
2022,08315KRSI,"Breisgau-Hochschwarzwald, Landkreis",by_marital_status,Insgesamt,verheiratet,129
2022,08315KRSI,"Breisgau-Hochschwarzwald, Landkreis",by_marital_status,Insgesamt,verwitwet,16
2022,08315KRSI,"Breisgau-Hochschwarzwald, Landkreis",by_marital_status,mit Migrationshintergrund,Insgesamt,63
2022,08315KRSI,"Breisgau-Hochschwarzwald, Landkreis",by_marital_status,mit Migrationshintergrund,geschieden,/
2022,08315KRSI,"Breisgau-Hochschwarzwald, Landkreis",by_marital_status,mit Migrationshintergrund,ledig,29
2022,08315KRSI,"Breisgau-Hochschwarzwald, Landkreis",by_marital_status,mit Migrationshintergrund,verheiratet,29
2022,08315KRSI,"Breisgau-Hochschwarzwald, Landkreis",by_marital_status,mit Migrationshintergrund,verwitwet,/
2022,08315KRSI,"Breisgau-Hochschwarzwald, Landkreis",second_generation_german,mit Migrationshintergrund | ohne eigene Migrationserfahrung | Deutsche,Insgesamt,22
2022,08315KRSI,"Breisgau-Hochschwarzwald, Landkreis",second_generation_german,mit Migrationshintergrund | ohne eigene Migrationserfahrung | Deutsche,geschieden,/
2022,08315KRSI,"Breisgau-Hochschwarzwald, Landkreis",second_generation_german,mit Migrationshintergrund | ohne eigene Migrationserfahrung | Deutsche,ledig,17
2022,08315KRSI,"Breisgau-Hochschwarzwald, Landkreis",second_generation_german,mit Migrationshintergrund | ohne eigene Migrationserfahrung | Deutsche,verheiratet,/
2022,08315KRSI,"Breisgau-Hochschwarzwald, Landkreis",second_generation_german,mit Migrationshintergrund | ohne eigene Migrationserfahrung | Deutsche,verwitwet,/
2022,08316KRSI,"Emmendingen, Landkreis",by_marital_status,Insgesamt,Insgesamt,166
2022,08316KRSI,"Emmendingen, Landkreis",by_marital_status,Insgesamt,geschieden,11
2022,08316KRSI,"Emmendingen, Landkreis",by_marital_status,Insgesamt,ledig,70
2022,08316KRSI,"Emmendingen, Landkreis",by_marital_status,Insgesamt,verheiratet,79
2022,08316KRSI,"Emmendingen, Landkreis",by_marital_status,Insgesamt,verwitwet,7
2022,08316KRSI,"Emmendingen, Landkreis",by_marital_status,mit Migrationshintergrund,Insgesamt,42
2022,08316KRSI,"Emmendingen, Landkreis",by_marital_status,mit Migrationshintergrund,geschieden,/
2022,08316KRSI,"Emmendingen, Landkreis",by_marital_status,mit Migrationshintergrund,ledig,20
2022,08316KRSI,"Emmendingen, Landkreis",by_marital_status,mit Migrationshintergrund,verheiratet,18
2022,08316KRSI,"Emmendingen, Landkreis",by_marital_status,mit Migrationshintergrund,verwitwet,/
2022,08316KRSI,"Emmendingen, Landkreis",second_generation_german,mit Migrationshintergrund | ohne eigene Migrationserfahrung | Deutsche,Insgesamt,14
2022,08316KRSI,"Emmendingen, Landkreis",second_generation_german,mit Migrationshintergrund | ohne eigene Migrationserfahrung | Deutsche,geschieden,/
2022,08316KRSI,"Emmendingen, Landkreis",second_generation_german,mit Migrationshintergrund | ohne eigene Migrationserfahrung | Deutsche,ledig,13
2022,08316KRSI,"Emmendingen, Landkreis",second_generation_german,mit Migrationshintergrund | ohne eigene Migrationserfahrung | Deutsche,verheiratet,/
2022,08316KRSI,"Emmendingen, Landkreis",second_generation_german,mit Migrationshintergrund | ohne eigene Migrationserfahrung | Deutsche,verwitwet,/
2022,08317KRSI,"Ortenaukreis, Landkreis",by_marital_status,Insgesamt,Insgesamt,435
2022,08317KRSI,"Ortenaukreis, Landkreis",by_marital_status,Insgesamt,geschieden,32
2022,08317KRSI,"Ortenaukreis, Landkreis",by_marital_status,Insgesamt,ledig,177
2022,08317KRSI,"Ortenaukreis, Landkreis",by_marital_status,Insgesamt,verheiratet,200
2022,08317KRSI,"Ortenaukreis, Landkreis",by_marital_status,Insgesamt,verwitwet,27
2022,08317KRSI,"Ortenaukreis, Landkreis",by_marital_status,mit Migrationshintergrund,Insgesamt,123
2022,08317KRSI,"Ortenaukreis, Landkreis",by_marital_status,mit Migrationshintergrund,geschieden,8
2022,08317KRSI,"Ortenaukreis, Landkreis",by_marital_status,mit Migrationshintergrund,ledig,53
2022,08317KRSI,"Ortenaukreis, Landkreis",by_marital_status,mit Migrationshintergrund,verheiratet,57
2022,08317KRSI,"Ortenaukreis, Landkreis",by_marital_status,mit Migrationshintergrund,verwitwet,/
2022,08317KRSI,"Ortenaukreis, Landkreis",second_generation_german,mit Migrationshintergrund | ohne eigene Migrationserfahrung | Deutsche,Insgesamt,33
2022,08317KRSI,"Ortenaukreis, Landkreis",second_generation_german,mit Migrationshintergrund | ohne eigene Migrationserfahrung | Deutsche,geschieden,/
2022,08317KRSI,"Ortenaukreis, Landkreis",second_generation_german,mit Migrationshintergrund | ohne eigene Migrationserfahrung | Deutsche,ledig,26
2022,08317KRSI,"Ortenaukreis, Landkreis",second_generation_german,mit Migrationshintergrund | ohne eigene Migrationserfahrung | Deutsche,verheiratet,/
2022,08317KRSI,"Ortenaukreis, Landkreis",second_generation_german,mit Migrationshintergrund | ohne eigene Migrationserfahrung | Deutsche,verwitwet,/
2022,08325KRSI,"Rottweil, Landkreis",by_marital_status,Insgesamt,Insgesamt,139
2022,08325KRSI,"Rottweil, Landkreis",by_marital_status,Insgesamt,geschieden,11
2022,08325KRSI,"Rottweil, Landkreis",by_marital_status,Insgesamt,ledig,56
2022,08325KRSI,"Rottweil, Landkreis",by_marital_status,Insgesamt,verheiratet,63
2022,08325KRSI,"Rottweil, Landkreis",by_marital_status,Insgesamt,verwitwet,9
2022,08325KRSI,"Rottweil, Landkreis",by_marital_status,mit Migrationshintergrund,Insgesamt,57
2022,08325KRSI,"Rottweil, Landkreis",by_marital_status,mit Migrationshintergrund,geschieden,/
2022,08325KRSI,"Rottweil, Landkreis",by_marital_status,mit Migrationshintergrund,ledig,28
2022,08325KRSI,"Rottweil, Landkreis",by_marital_status,mit Migrationshintergrund,verheiratet,24
2022,08325KRSI,"Rottweil, Landkreis",by_marital_status,mit Migrationshintergrund,verwitwet,/
2022,08325KRSI,"Rottweil, Landkreis",second_generation_german,mit Migrationshintergrund | ohne eigene Migrationserfahrung | Deutsche,Insgesamt,21
2022,08325KRSI,"Rottweil, Landkreis",second_generation_german,mit Migrationshintergrund | ohne eigene Migrationserfahrung | Deutsche,geschieden,/
2022,08325KRSI,"Rottweil, Landkreis",second_generation_german,mit Migrationshintergrund | ohne eigene Migrationserfahrung | Deutsche,ledig,17
2022,08325KRSI,"Rottweil, Landkreis",second_generation_german,mit Migrationshintergrund | ohne eigene Migrationserfahrung | Deutsche,verheiratet,/
2022,08325KRSI,"Rottweil, Landkreis",second_generation_german,mit Migrationshintergrund | ohne eigene Migrationserfahrung | Deutsche,verwitwet,/
2022,08326KRSI,"Schwarzwald-Baar-Kreis, Landkreis",by_marital_status,Insgesamt,Insgesamt,211
2022,08326KRSI,"Schwarzwald-Baar-Kreis, Landkreis",by_marital_status,Insgesamt,geschieden,14
2022,08326KRSI,"Schwarzwald-Baar-Kreis, Landkreis",by_marital_status,Insgesamt,ledig,91
2022,08326KRSI,"Schwarzwald-Baar-Kreis, Landkreis",by_marital_status,Insgesamt,verheiratet,92
2022,08326KRSI,"Schwarzwald-Baar-Kreis, Landkreis",by_marital_status,Insgesamt,verwitwet,14
2022,08326KRSI,"Schwarzwald-Baar-Kreis, Landkreis",by_marital_status,mit Migrationshintergrund,Insgesamt,73
2022,08326KRSI,"Schwarzwald-Baar-Kreis, Landkreis",by_marital_status,mit Migrationshintergrund,geschieden,/
2022,08326KRSI,"Schwarzwald-Baar-Kreis, Landkreis",by_marital_status,mit Migrationshintergrund,ledig,34
2022,08326KRSI,"Schwarzwald-Baar-Kreis, Landkreis",by_marital_status,mit Migrationshintergrund,verheiratet,31
2022,08326KRSI,"Schwarzwald-Baar-Kreis, Landkreis",by_marital_status,mit Migrationshintergrund,verwitwet,/
2022,08326KRSI,"Schwarzwald-Baar-Kreis, Landkreis",second_generation_german,mit Migrationshintergrund | ohne eigene Migrationserfahrung | Deutsche,Insgesamt,22
2022,08326KRSI,"Schwarzwald-Baar-Kreis, Landkreis",second_generation_german,mit Migrationshintergrund | ohne eigene Migrationserfahrung | Deutsche,geschieden,/
2022,08326KRSI,"Schwarzwald-Baar-Kreis, Landkreis",second_generation_german,mit Migrationshintergrund | ohne eigene Migrationserfahrung | Deutsche,ledig,18
2022,08326KRSI,"Schwarzwald-Baar-Kreis, Landkreis",second_generation_german,mit Migrationshintergrund | ohne eigene Migrationserfahrung | Deutsche,verheiratet,/
2022,08326KRSI,"Schwarzwald-Baar-Kreis, Landkreis",second_generation_german,mit Migrationshintergrund | ohne eigene Migrationserfahrung | Deutsche,verwitwet,/
2022,08327KRSI,"Tuttlingen, Landkreis",by_marital_status,Insgesamt,Insgesamt,143
2022,08327KRSI,"Tuttlingen, Landkreis",by_marital_status,Insgesamt,geschieden,9
2022,08327KRSI,"Tuttlingen, Landkreis",by_marital_status,Insgesamt,ledig,59
2022,08327KRSI,"Tuttlingen, Landkreis",by_marital_status,Insgesamt,verheiratet,68
2022,08327KRSI,"Tuttlingen, Landkreis",by_marital_status,Insgesamt,verwitwet,8
2022,08327KRSI,"Tuttlingen, Landkreis",by_marital_status,mit Migrationshintergrund,Insgesamt,66
2022,08327KRSI,"Tuttlingen, Landkreis",by_marital_status,mit Migrationshintergrund,geschieden,/
2022,08327KRSI,"Tuttlingen, Landkreis",by_marital_status,mit Migrationshintergrund,ledig,31
2022,08327KRSI,"Tuttlingen, Landkreis",by_marital_status,mit Migrationshintergrund,verheiratet,30
2022,08327KRSI,"Tuttlingen, Landkreis",by_marital_status,mit Migrationshintergrund,verwitwet,/
2022,08327KRSI,"Tuttlingen, Landkreis",second_generation_german,mit Migrationshintergrund | ohne eigene Migrationserfahrung | Deutsche,Insgesamt,18
2022,08327KRSI,"Tuttlingen, Landkreis",second_generation_german,mit Migrationshintergrund | ohne eigene Migrationserfahrung | Deutsche,geschieden,/
2022,08327KRSI,"Tuttlingen, Landkreis",second_generation_german,mit Migrationshintergrund | ohne eigene Migrationserfahrung | Deutsche,ledig,16
2022,08327KRSI,"Tuttlingen, Landkreis",second_generation_german,mit Migrationshintergrund | ohne eigene Migrationserfahrung | Deutsche,verheiratet,/
2022,08327KRSI,"Tuttlingen, Landkreis",second_generation_german,mit Migrationshintergrund | ohne eigene Migrationserfahrung | Deutsche,verwitwet,/
2022,08335KRSI,"Konstanz, Landkreis",by_marital_status,Insgesamt,Insgesamt,289
2022,08335KRSI,"Konstanz, Landkreis",by_marital_status,Insgesamt,geschieden,25
2022,08335KRSI,"Konstanz, Landkreis",by_marital_status,Insgesamt,ledig,120
2022,08335KRSI,"Konstanz, Landkreis",by_marital_status,Insgesamt,verheiratet,127
2022,08335KRSI,"Konstanz, Landkreis",by_marital_status,Insgesamt,verwitwet,18
2022,08335KRSI,"Konstanz, Landkreis",by_marital_status,mit Migrationshintergrund,Insgesamt,92
2022,08335KRSI,"Konstanz, Landkreis",by_marital_status,mit Migrationshintergrund,geschieden,6
2022,08335KRSI,"Konstanz, Landkreis",by_marital_status,mit Migrationshintergrund,ledig,41
2022,08335KRSI,"Konstanz, Landkreis",by_marital_status,mit Migrationshintergrund,verheiratet,40
2022,08335KRSI,"Konstanz, Landkreis",by_marital_status,mit Migrationshintergrund,verwitwet,/
2022,08335KRSI,"Konstanz, Landkreis",second_generation_german,mit Migrationshintergrund | ohne eigene Migrationserfahrung | Deutsche,Insgesamt,31
2022,08335KRSI,"Konstanz, Landkreis",second_generation_german,mit Migrationshintergrund | ohne eigene Migrationserfahrung | Deutsche,geschieden,/
2022,08335KRSI,"Konstanz, Landkreis",second_generation_german,mit Migrationshintergrund | ohne eigene Migrationserfahrung | Deutsche,ledig,23
2022,08335KRSI,"Konstanz, Landkreis",second_generation_german,mit Migrationshintergrund | ohne eigene Migrationserfahrung | Deutsche,verheiratet,/
2022,08335KRSI,"Konstanz, Landkreis",second_generation_german,mit Migrationshintergrund | ohne eigene Migrationserfahrung | Deutsche,verwitwet,/
2022,08336KRSI,"Lörrach, Landkreis",by_marital_status,Insgesamt,Insgesamt,233
2022,08336KRSI,"Lörrach, Landkreis",by_marital_status,Insgesamt,geschieden,15
2022,08336KRSI,"Lörrach, Landkreis",by_marital_status,Insgesamt,ledig,93
2022,08336KRSI,"Lörrach, Landkreis",by_marital_status,Insgesamt,verheiratet,110
2022,08336KRSI,"Lörrach, Landkreis",by_marital_status,Insgesamt,verwitwet,14
2022,08336KRSI,"Lörrach, Landkreis",by_marital_status,mit Migrationshintergrund,Insgesamt,95
2022,08336KRSI,"Lörrach, Landkreis",by_marital_status,mit Migrationshintergrund,geschieden,/
2022,08336KRSI,"Lörrach, Landkreis",by_marital_status,mit Migrationshintergrund,ledig,44
2022,08336KRSI,"Lörrach, Landkreis",by_marital_status,mit Migrationshintergrund,verheiratet,43
2022,08336KRSI,"Lörrach, Landkreis",by_marital_status,mit Migrationshintergrund,verwitwet,/
2022,08336KRSI,"Lörrach, Landkreis",second_generation_german,mit Migrationshintergrund | ohne eigene Migrationserfahrung | Deutsche,Insgesamt,29
2022,08336KRSI,"Lörrach, Landkreis",second_generation_german,mit Migrationshintergrund | ohne eigene Migrationserfahrung | Deutsche,geschieden,/
2022,08336KRSI,"Lörrach, Landkreis",second_generation_german,mit Migrationshintergrund | ohne eigene Migrationserfahrung | Deutsche,ledig,23
2022,08336KRSI,"Lörrach, Landkreis",second_generation_german,mit Migrationshintergrund | ohne eigene Migrationserfahrung | Deutsche,verheiratet,/
2022,08336KRSI,"Lörrach, Landkreis",second_generation_german,mit Migrationshintergrund | ohne eigene Migrationserfahrung | Deutsche,verwitwet,/
2022,08337KRSI,"Waldshut, Landkreis",by_marital_status,Insgesamt,Insgesamt,168
2022,08337KRSI,"Waldshut, Landkreis",by_marital_status,Insgesamt,geschieden,13
2022,08337KRSI,"Waldshut, Landkreis",by_marital_status,Insgesamt,ledig,71
2022,08337KRSI,"Waldshut, Landkreis",by_marital_status,Insgesamt,verheiratet,73
2022,08337KRSI,"Waldshut, Landkreis",by_marital_status,Insgesamt,verwitwet,10
2022,08337KRSI,"Waldshut, Landkreis",by_marital_status,mit Migrationshintergrund,Insgesamt,62
2022,08337KRSI,"Waldshut, Landkreis",by_marital_status,mit Migrationshintergrund,geschieden,/
2022,08337KRSI,"Waldshut, Landkreis",by_marital_status,mit Migrationshintergrund,ledig,29
2022,08337KRSI,"Waldshut, Landkreis",by_marital_status,mit Migrationshintergrund,verheiratet,28
2022,08337KRSI,"Waldshut, Landkreis",by_marital_status,mit Migrationshintergrund,verwitwet,/
2022,08337KRSI,"Waldshut, Landkreis",second_generation_german,mit Migrationshintergrund | ohne eigene Migrationserfahrung | Deutsche,Insgesamt,15
2022,08337KRSI,"Waldshut, Landkreis",second_generation_german,mit Migrationshintergrund | ohne eigene Migrationserfahrung | Deutsche,geschieden,/
2022,08337KRSI,"Waldshut, Landkreis",second_generation_german,mit Migrationshintergrund | ohne eigene Migrationserfahrung | Deutsche,ledig,11
2022,08337KRSI,"Waldshut, Landkreis",second_generation_german,mit Migrationshintergrund | ohne eigene Migrationserfahrung | Deutsche,verheiratet,/
2022,08337KRSI,"Waldshut, Landkreis",second_generation_german,mit Migrationshintergrund | ohne eigene Migrationserfahrung | Deutsche,verwitwet,/
2022,08415KRSI,"Reutlingen, Landkreis",by_marital_status,Insgesamt,Insgesamt,290
2022,08415KRSI,"Reutlingen, Landkreis",by_marital_status,Insgesamt,geschieden,21
2022,08415KRSI,"Reutlingen, Landkreis",by_marital_status,Insgesamt,ledig,116
2022,08415KRSI,"Reutlingen, Landkreis",by_marital_status,Insgesamt,verheiratet,138
2022,08415KRSI,"Reutlingen, Landkreis",by_marital_status,Insgesamt,verwitwet,15
2022,08415KRSI,"Reutlingen, Landkreis",by_marital_status,mit Migrationshintergrund,Insgesamt,110
2022,08415KRSI,"Reutlingen, Landkreis",by_marital_status,mit Migrationshintergrund,geschieden,6
2022,08415KRSI,"Reutlingen, Landkreis",by_marital_status,mit Migrationshintergrund,ledig,47
2022,08415KRSI,"Reutlingen, Landkreis",by_marital_status,mit Migrationshintergrund,verheiratet,52
2022,08415KRSI,"Reutlingen, Landkreis",by_marital_status,mit Migrationshintergrund,verwitwet,/
2022,08415KRSI,"Reutlingen, Landkreis",second_generation_german,mit Migrationshintergrund | ohne eigene Migrationserfahrung | Deutsche,Insgesamt,33
2022,08415KRSI,"Reutlingen, Landkreis",second_generation_german,mit Migrationshintergrund | ohne eigene Migrationserfahrung | Deutsche,geschieden,/
2022,08415KRSI,"Reutlingen, Landkreis",second_generation_german,mit Migrationshintergrund | ohne eigene Migrationserfahrung | Deutsche,ledig,26
2022,08415KRSI,"Reutlingen, Landkreis",second_generation_german,mit Migrationshintergrund | ohne eigene Migrationserfahrung | Deutsche,verheiratet,6
2022,08415KRSI,"Reutlingen, Landkreis",second_generation_german,mit Migrationshintergrund | ohne eigene Migrationserfahrung | Deutsche,verwitwet,/
2022,08416KRSI,"Tübingen, Landkreis",by_marital_status,Insgesamt,Insgesamt,230
2022,08416KRSI,"Tübingen, Landkreis",by_marital_status,Insgesamt,geschieden,12
2022,08416KRSI,"Tübingen, Landkreis",by_marital_status,Insgesamt,ledig,106
2022,08416KRSI,"Tübingen, Landkreis",by_marital_status,Insgesamt,verheiratet,101
2022,08416KRSI,"Tübingen, Landkreis",by_marital_status,Insgesamt,verwitwet,11
2022,08416KRSI,"Tübingen, Landkreis",by_marital_status,mit Migrationshintergrund,Insgesamt,68
2022,08416KRSI,"Tübingen, Landkreis",by_marital_status,mit Migrationshintergrund,geschieden,/
2022,08416KRSI,"Tübingen, Landkreis",by_marital_status,mit Migrationshintergrund,ledig,35
2022,08416KRSI,"Tübingen, Landkreis",by_marital_status,mit Migrationshintergrund,verheiratet,28
2022,08416KRSI,"Tübingen, Landkreis",by_marital_status,mit Migrationshintergrund,verwitwet,/
2022,08416KRSI,"Tübingen, Landkreis",second_generation_german,mit Migrationshintergrund | ohne eigene Migrationserfahrung | Deutsche,Insgesamt,24
2022,08416KRSI,"Tübingen, Landkreis",second_generation_german,mit Migrationshintergrund | ohne eigene Migrationserfahrung | Deutsche,geschieden,/
2022,08416KRSI,"Tübingen, Landkreis",second_generation_german,mit Migrationshintergrund | ohne eigene Migrationserfahrung | Deutsche,ledig,19
2022,08416KRSI,"Tübingen, Landkreis",second_generation_german,mit Migrationshintergrund | ohne eigene Migrationserfahrung | Deutsche,verheiratet,/
2022,08416KRSI,"Tübingen, Landkreis",second_generation_german,mit Migrationshintergrund | ohne eigene Migrationserfahrung | Deutsche,verwitwet,/
2022,08417KRSI,"Zollernalbkreis, Landkreis",by_marital_status,Insgesamt,Insgesamt,192
2022,08417KRSI,"Zollernalbkreis, Landkreis",by_marital_status,Insgesamt,geschieden,14
2022,08417KRSI,"Zollernalbkreis, Landkreis",by_marital_status,Insgesamt,ledig,72
2022,08417KRSI,"Zollernalbkreis, Landkreis",by_marital_status,Insgesamt,verheiratet,95
2022,08417KRSI,"Zollernalbkreis, Landkreis",by_marital_status,Insgesamt,verwitwet,11
2022,08417KRSI,"Zollernalbkreis, Landkreis",by_marital_status,mit Migrationshintergrund,Insgesamt,65
2022,08417KRSI,"Zollernalbkreis, Landkreis",by_marital_status,mit Migrationshintergrund,geschieden,/
2022,08417KRSI,"Zollernalbkreis, Landkreis",by_marital_status,mit Migrationshintergrund,ledig,26
2022,08417KRSI,"Zollernalbkreis, Landkreis",by_marital_status,mit Migrationshintergrund,verheiratet,32
2022,08417KRSI,"Zollernalbkreis, Landkreis",by_marital_status,mit Migrationshintergrund,verwitwet,/
2022,08417KRSI,"Zollernalbkreis, Landkreis",second_generation_german,mit Migrationshintergrund | ohne eigene Migrationserfahrung | Deutsche,Insgesamt,22
2022,08417KRSI,"Zollernalbkreis, Landkreis",second_generation_german,mit Migrationshintergrund | ohne eigene Migrationserfahrung | Deutsche,geschieden,/
2022,08417KRSI,"Zollernalbkreis, Landkreis",second_generation_german,mit Migrationshintergrund | ohne eigene Migrationserfahrung | Deutsche,ledig,17
2022,08417KRSI,"Zollernalbkreis, Landkreis",second_generation_german,mit Migrationshintergrund | ohne eigene Migrationserfahrung | Deutsche,verheiratet,/
2022,08417KRSI,"Zollernalbkreis, Landkreis",second_generation_german,mit Migrationshintergrund | ohne eigene Migrationserfahrung | Deutsche,verwitwet,/
2022,08421KRSI,"Ulm, Stadtkreis",by_marital_status,Insgesamt,Insgesamt,127
2022,08421KRSI,"Ulm, Stadtkreis",by_marital_status,Insgesamt,geschieden,10
2022,08421KRSI,"Ulm, Stadtkreis",by_marital_status,Insgesamt,ledig,59
2022,08421KRSI,"Ulm, Stadtkreis",by_marital_status,Insgesamt,verheiratet,53
2022,08421KRSI,"Ulm, Stadtkreis",by_marital_status,Insgesamt,verwitwet,/
2022,08421KRSI,"Ulm, Stadtkreis",by_marital_status,mit Migrationshintergrund,Insgesamt,55
2022,08421KRSI,"Ulm, Stadtkreis",by_marital_status,mit Migrationshintergrund,geschieden,/
2022,08421KRSI,"Ulm, Stadtkreis",by_marital_status,mit Migrationshintergrund,ledig,24
2022,08421KRSI,"Ulm, Stadtkreis",by_marital_status,mit Migrationshintergrund,verheiratet,25
2022,08421KRSI,"Ulm, Stadtkreis",by_marital_status,mit Migrationshintergrund,verwitwet,/
2022,08421KRSI,"Ulm, Stadtkreis",second_generation_german,mit Migrationshintergrund | ohne eigene Migrationserfahrung | Deutsche,Insgesamt,12
2022,08421KRSI,"Ulm, Stadtkreis",second_generation_german,mit Migrationshintergrund | ohne eigene Migrationserfahrung | Deutsche,geschieden,/
2022,08421KRSI,"Ulm, Stadtkreis",second_generation_german,mit Migrationshintergrund | ohne eigene Migrationserfahrung | Deutsche,ledig,10
2022,08421KRSI,"Ulm, Stadtkreis",second_generation_german,mit Migrationshintergrund | ohne eigene Migrationserfahrung | Deutsche,verheiratet,/
2022,08421KRSI,"Ulm, Stadtkreis",second_generation_german,mit Migrationshintergrund | ohne eigene Migrationserfahrung | Deutsche,verwitwet,/
2022,08425KRSI,"Alb-Donau-Kreis, Landkreis",by_marital_status,Insgesamt,Insgesamt,196
2022,08425KRSI,"Alb-Donau-Kreis, Landkreis",by_marital_status,Insgesamt,geschieden,11
2022,08425KRSI,"Alb-Donau-Kreis, Landkreis",by_marital_status,Insgesamt,ledig,80
2022,08425KRSI,"Alb-Donau-Kreis, Landkreis",by_marital_status,Insgesamt,verheiratet,95
2022,08425KRSI,"Alb-Donau-Kreis, Landkreis",by_marital_status,Insgesamt,verwitwet,10
2022,08425KRSI,"Alb-Donau-Kreis, Landkreis",by_marital_status,mit Migrationshintergrund,Insgesamt,59
2022,08425KRSI,"Alb-Donau-Kreis, Landkreis",by_marital_status,mit Migrationshintergrund,geschieden,/
2022,08425KRSI,"Alb-Donau-Kreis, Landkreis",by_marital_status,mit Migrationshintergrund,ledig,26
2022,08425KRSI,"Alb-Donau-Kreis, Landkreis",by_marital_status,mit Migrationshintergrund,verheiratet,29
2022,08425KRSI,"Alb-Donau-Kreis, Landkreis",by_marital_status,mit Migrationshintergrund,verwitwet,/
2022,08425KRSI,"Alb-Donau-Kreis, Landkreis",second_generation_german,mit Migrationshintergrund | ohne eigene Migrationserfahrung | Deutsche,Insgesamt,16
2022,08425KRSI,"Alb-Donau-Kreis, Landkreis",second_generation_german,mit Migrationshintergrund | ohne eigene Migrationserfahrung | Deutsche,geschieden,/
2022,08425KRSI,"Alb-Donau-Kreis, Landkreis",second_generation_german,mit Migrationshintergrund | ohne eigene Migrationserfahrung | Deutsche,ledig,12
2022,08425KRSI,"Alb-Donau-Kreis, Landkreis",second_generation_german,mit Migrationshintergrund | ohne eigene Migrationserfahrung | Deutsche,verheiratet,/
2022,08425KRSI,"Alb-Donau-Kreis, Landkreis",second_generation_german,mit Migrationshintergrund | ohne eigene Migrationserfahrung | Deutsche,verwitwet,/
2022,08426KRSI,"Biberach, Landkreis",by_marital_status,Insgesamt,Insgesamt,203
2022,08426KRSI,"Biberach, Landkreis",by_marital_status,Insgesamt,geschieden,11
2022,08426KRSI,"Biberach, Landkreis",by_marital_status,Insgesamt,ledig,91
2022,08426KRSI,"Biberach, Landkreis",by_marital_status,Insgesamt,verheiratet,90
2022,08426KRSI,"Biberach, Landkreis",by_marital_status,Insgesamt,verwitwet,11
2022,08426KRSI,"Biberach, Landkreis",by_marital_status,mit Migrationshintergrund,Insgesamt,60
2022,08426KRSI,"Biberach, Landkreis",by_marital_status,mit Migrationshintergrund,geschieden,/
2022,08426KRSI,"Biberach, Landkreis",by_marital_status,mit Migrationshintergrund,ledig,30
2022,08426KRSI,"Biberach, Landkreis",by_marital_status,mit Migrationshintergrund,verheiratet,25
2022,08426KRSI,"Biberach, Landkreis",by_marital_status,mit Migrationshintergrund,verwitwet,/
2022,08426KRSI,"Biberach, Landkreis",second_generation_german,mit Migrationshintergrund | ohne eigene Migrationserfahrung | Deutsche,Insgesamt,19
2022,08426KRSI,"Biberach, Landkreis",second_generation_german,mit Migrationshintergrund | ohne eigene Migrationserfahrung | Deutsche,geschieden,/
2022,08426KRSI,"Biberach, Landkreis",second_generation_german,mit Migrationshintergrund | ohne eigene Migrationserfahrung | Deutsche,ledig,16
2022,08426KRSI,"Biberach, Landkreis",second_generation_german,mit Migrationshintergrund | ohne eigene Migrationserfahrung | Deutsche,verheiratet,/
2022,08426KRSI,"Biberach, Landkreis",second_generation_german,mit Migrationshintergrund | ohne eigene Migrationserfahrung | Deutsche,verwitwet,/
2022,08435KRSI,"Bodenseekreis, Landkreis",by_marital_status,Insgesamt,Insgesamt,218
2022,08435KRSI,"Bodenseekreis, Landkreis",by_marital_status,Insgesamt,geschieden,14
2022,08435KRSI,"Bodenseekreis, Landkreis",by_marital_status,Insgesamt,ledig,85
2022,08435KRSI,"Bodenseekreis, Landkreis",by_marital_status,Insgesamt,verheiratet,104
2022,08435KRSI,"Bodenseekreis, Landkreis",by_marital_status,Insgesamt,verwitwet,14
2022,08435KRSI,"Bodenseekreis, Landkreis",by_marital_status,mit Migrationshintergrund,Insgesamt,68
2022,08435KRSI,"Bodenseekreis, Landkreis",by_marital_status,mit Migrationshintergrund,geschieden,/
2022,08435KRSI,"Bodenseekreis, Landkreis",by_marital_status,mit Migrationshintergrund,ledig,32
2022,08435KRSI,"Bodenseekreis, Landkreis",by_marital_status,mit Migrationshintergrund,verheiratet,30
2022,08435KRSI,"Bodenseekreis, Landkreis",by_marital_status,mit Migrationshintergrund,verwitwet,/
2022,08435KRSI,"Bodenseekreis, Landkreis",second_generation_german,mit Migrationshintergrund | ohne eigene Migrationserfahrung | Deutsche,Insgesamt,18
2022,08435KRSI,"Bodenseekreis, Landkreis",second_generation_german,mit Migrationshintergrund | ohne eigene Migrationserfahrung | Deutsche,geschieden,/
2022,08435KRSI,"Bodenseekreis, Landkreis",second_generation_german,mit Migrationshintergrund | ohne eigene Migrationserfahrung | Deutsche,ledig,14
2022,08435KRSI,"Bodenseekreis, Landkreis",second_generation_german,mit Migrationshintergrund | ohne eigene Migrationserfahrung | Deutsche,verheiratet,/
2022,08435KRSI,"Bodenseekreis, Landkreis",second_generation_german,mit Migrationshintergrund | ohne eigene Migrationserfahrung | Deutsche,verwitwet,/
2022,08436KRSI,"Ravensburg, Landkreis",by_marital_status,Insgesamt,Insgesamt,283
2022,08436KRSI,"Ravensburg, Landkreis",by_marital_status,Insgesamt,geschieden,20
2022,08436KRSI,"Ravensburg, Landkreis",by_marital_status,Insgesamt,ledig,121
2022,08436KRSI,"Ravensburg, Landkreis",by_marital_status,Insgesamt,verheiratet,126
2022,08436KRSI,"Ravensburg, Landkreis",by_marital_status,Insgesamt,verwitwet,16
2022,08436KRSI,"Ravensburg, Landkreis",by_marital_status,mit Migrationshintergrund,Insgesamt,76
2022,08436KRSI,"Ravensburg, Landkreis",by_marital_status,mit Migrationshintergrund,geschieden,/
2022,08436KRSI,"Ravensburg, Landkreis",by_marital_status,mit Migrationshintergrund,ledig,34
2022,08436KRSI,"Ravensburg, Landkreis",by_marital_status,mit Migrationshintergrund,verheiratet,35
2022,08436KRSI,"Ravensburg, Landkreis",by_marital_status,mit Migrationshintergrund,verwitwet,/
2022,08436KRSI,"Ravensburg, Landkreis",second_generation_german,mit Migrationshintergrund | ohne eigene Migrationserfahrung | Deutsche,Insgesamt,23
2022,08436KRSI,"Ravensburg, Landkreis",second_generation_german,mit Migrationshintergrund | ohne eigene Migrationserfahrung | Deutsche,geschieden,/
2022,08436KRSI,"Ravensburg, Landkreis",second_generation_german,mit Migrationshintergrund | ohne eigene Migrationserfahrung | Deutsche,ledig,19
2022,08436KRSI,"Ravensburg, Landkreis",second_generation_german,mit Migrationshintergrund | ohne eigene Migrationserfahrung | Deutsche,verheiratet,/
2022,08436KRSI,"Ravensburg, Landkreis",second_generation_german,mit Migrationshintergrund | ohne eigene Migrationserfahrung | Deutsche,verwitwet,/
2022,08437KRSI,"Sigmaringen, Landkreis",by_marital_status,Insgesamt,Insgesamt,132
2022,08437KRSI,"Sigmaringen, Landkreis",by_marital_status,Insgesamt,geschieden,10
2022,08437KRSI,"Sigmaringen, Landkreis",by_marital_status,Insgesamt,ledig,57
2022,08437KRSI,"Sigmaringen, Landkreis",by_marital_status,Insgesamt,verheiratet,57
2022,08437KRSI,"Sigmaringen, Landkreis",by_marital_status,Insgesamt,verwitwet,8
2022,08437KRSI,"Sigmaringen, Landkreis",by_marital_status,mit Migrationshintergrund,Insgesamt,41
2022,08437KRSI,"Sigmaringen, Landkreis",by_marital_status,mit Migrationshintergrund,geschieden,/
2022,08437KRSI,"Sigmaringen, Landkreis",by_marital_status,mit Migrationshintergrund,ledig,19
2022,08437KRSI,"Sigmaringen, Landkreis",by_marital_status,mit Migrationshintergrund,verheiratet,18
2022,08437KRSI,"Sigmaringen, Landkreis",by_marital_status,mit Migrationshintergrund,verwitwet,/
2022,08437KRSI,"Sigmaringen, Landkreis",second_generation_german,mit Migrationshintergrund | ohne eigene Migrationserfahrung | Deutsche,Insgesamt,14
2022,08437KRSI,"Sigmaringen, Landkreis",second_generation_german,mit Migrationshintergrund | ohne eigene Migrationserfahrung | Deutsche,geschieden,/
2022,08437KRSI,"Sigmaringen, Landkreis",second_generation_german,mit Migrationshintergrund | ohne eigene Migrationserfahrung | Deutsche,ledig,11
2022,08437KRSI,"Sigmaringen, Landkreis",second_generation_german,mit Migrationshintergrund | ohne eigene Migrationserfahrung | Deutsche,verheiratet,/
2022,08437KRSI,"Sigmaringen, Landkreis",second_generation_german,mit Migrationshintergrund | ohne eigene Migrationserfahrung | Deutsche,verwitwet,/
2023,08111KRSI,"Stuttgart, Stadtkreis",by_marital_status,Insgesamt,Insgesamt,610
2023,08111KRSI,"Stuttgart, Stadtkreis",by_marital_status,Insgesamt,geschieden,40
2023,08111KRSI,"Stuttgart, Stadtkreis",by_marital_status,Insgesamt,ledig,309
2023,08111KRSI,"Stuttgart, Stadtkreis",by_marital_status,Insgesamt,verheiratet,227
2023,08111KRSI,"Stuttgart, Stadtkreis",by_marital_status,Insgesamt,verwitwet,33
2023,08111KRSI,"Stuttgart, Stadtkreis",by_marital_status,mit Migrationshintergrund,Insgesamt,294
2023,08111KRSI,"Stuttgart, Stadtkreis",by_marital_status,mit Migrationshintergrund,geschieden,20
2023,08111KRSI,"Stuttgart, Stadtkreis",by_marital_status,mit Migrationshintergrund,ledig,152
2023,08111KRSI,"Stuttgart, Stadtkreis",by_marital_status,mit Migrationshintergrund,verheiratet,110
2023,08111KRSI,"Stuttgart, Stadtkreis",by_marital_status,mit Migrationshintergrund,verwitwet,12
2023,08111KRSI,"Stuttgart, Stadtkreis",second_generation_german,mit Migrationshintergrund | ohne eigene Migrationserfahrung | Deutsche,Insgesamt,84
2023,08111KRSI,"Stuttgart, Stadtkreis",second_generation_german,mit Migrationshintergrund | ohne eigene Migrationserfahrung | Deutsche,geschieden,/
2023,08111KRSI,"Stuttgart, Stadtkreis",second_generation_german,mit Migrationshintergrund | ohne eigene Migrationserfahrung | Deutsche,ledig,69
2023,08111KRSI,"Stuttgart, Stadtkreis",second_generation_german,mit Migrationshintergrund | ohne eigene Migrationserfahrung | Deutsche,verheiratet,12
2023,08111KRSI,"Stuttgart, Stadtkreis",second_generation_german,mit Migrationshintergrund | ohne eigene Migrationserfahrung | Deutsche,verwitwet,/
2023,08115KRSI,"Böblingen, Landkreis",by_marital_status,Insgesamt,Insgesamt,395
2023,08115KRSI,"Böblingen, Landkreis",by_marital_status,Insgesamt,geschieden,26
2023,08115KRSI,"Böblingen, Landkreis",by_marital_status,Insgesamt,ledig,158
2023,08115KRSI,"Böblingen, Landkreis",by_marital_status,Insgesamt,verheiratet,190
2023,08115KRSI,"Böblingen, Landkreis",by_marital_status,Insgesamt,verwitwet,21
2023,08115KRSI,"Böblingen, Landkreis",by_marital_status,mit Migrationshintergrund,Insgesamt,158
2023,08115KRSI,"Böblingen, Landkreis",by_marital_status,mit Migrationshintergrund,geschieden,10
2023,08115KRSI,"Böblingen, Landkreis",by_marital_status,mit Migrationshintergrund,ledig,70
2023,08115KRSI,"Böblingen, Landkreis",by_marital_status,mit Migrationshintergrund,verheiratet,73
2023,08115KRSI,"Böblingen, Landkreis",by_marital_status,mit Migrationshintergrund,verwitwet,/
2023,08115KRSI,"Böblingen, Landkreis",second_generation_german,mit Migrationshintergrund | ohne eigene Migrationserfahrung | Deutsche,Insgesamt,50
2023,08115KRSI,"Böblingen, Landkreis",second_generation_german,mit Migrationshintergrund | ohne eigene Migrationserfahrung | Deutsche,geschieden,/
2023,08115KRSI,"Böblingen, Landkreis",second_generation_german,mit Migrationshintergrund | ohne eigene Migrationserfahrung | Deutsche,ledig,40
2023,08115KRSI,"Böblingen, Landkreis",second_generation_german,mit Migrationshintergrund | ohne eigene Migrationserfahrung | Deutsche,verheiratet,8
2023,08115KRSI,"Böblingen, Landkreis",second_generation_german,mit Migrationshintergrund | ohne eigene Migrationserfahrung | Deutsche,verwitwet,/
2023,08116KRSI,"Esslingen, Landkreis",by_marital_status,Insgesamt,Insgesamt,535
2023,08116KRSI,"Esslingen, Landkreis",by_marital_status,Insgesamt,geschieden,37
2023,08116KRSI,"Esslingen, Landkreis",by_marital_status,Insgesamt,ledig,220
2023,08116KRSI,"Esslingen, Landkreis",by_marital_status,Insgesamt,verheiratet,251
2023,08116KRSI,"Esslingen, Landkreis",by_marital_status,Insgesamt,verwitwet,28
2023,08116KRSI,"Esslingen, Landkreis",by_marital_status,mit Migrationshintergrund,Insgesamt,202
2023,08116KRSI,"Esslingen, Landkreis",by_marital_status,mit Migrationshintergrund,geschieden,13
2023,08116KRSI,"Esslingen, Landkreis",by_marital_status,mit Migrationshintergrund,ledig,89
2023,08116KRSI,"Esslingen, Landkreis",by_marital_status,mit Migrationshintergrund,verheiratet,93
2023,08116KRSI,"Esslingen, Landkreis",by_marital_status,mit Migrationshintergrund,verwitwet,7
2023,08116KRSI,"Esslingen, Landkreis",second_generation_german,mit Migrationshintergrund | ohne eigene Migrationserfahrung | Deutsche,Insgesamt,62
2023,08116KRSI,"Esslingen, Landkreis",second_generation_german,mit Migrationshintergrund | ohne eigene Migrationserfahrung | Deutsche,geschieden,/
2023,08116KRSI,"Esslingen, Landkreis",second_generation_german,mit Migrationshintergrund | ohne eigene Migrationserfahrung | Deutsche,ledig,46
2023,08116KRSI,"Esslingen, Landkreis",second_generation_german,mit Migrationshintergrund | ohne eigene Migrationserfahrung | Deutsche,verheiratet,13
2023,08116KRSI,"Esslingen, Landkreis",second_generation_german,mit Migrationshintergrund | ohne eigene Migrationserfahrung | Deutsche,verwitwet,/
2023,08117KRSI,"Göppingen, Landkreis",by_marital_status,Insgesamt,Insgesamt,257
2023,08117KRSI,"Göppingen, Landkreis",by_marital_status,Insgesamt,geschieden,16
2023,08117KRSI,"Göppingen, Landkreis",by_marital_status,Insgesamt,ledig,105
2023,08117KRSI,"Göppingen, Landkreis",by_marital_status,Insgesamt,verheiratet,119
2023,08117KRSI,"Göppingen, Landkreis",by_marital_status,Insgesamt,verwitwet,16
2023,08117KRSI,"Göppingen, Landkreis",by_marital_status,mit Migrationshintergrund,Insgesamt,104
2023,08117KRSI,"Göppingen, Landkreis",by_marital_status,mit Migrationshintergrund,geschieden,/
2023,08117KRSI,"Göppingen, Landkreis",by_marital_status,mit Migrationshintergrund,ledig,45
2023,08117KRSI,"Göppingen, Landkreis",by_marital_status,mit Migrationshintergrund,verheiratet,49
2023,08117KRSI,"Göppingen, Landkreis",by_marital_status,mit Migrationshintergrund,verwitwet,/
2023,08117KRSI,"Göppingen, Landkreis",second_generation_german,mit Migrationshintergrund | ohne eigene Migrationserfahrung | Deutsche,Insgesamt,33
2023,08117KRSI,"Göppingen, Landkreis",second_generation_german,mit Migrationshintergrund | ohne eigene Migrationserfahrung | Deutsche,geschieden,/
2023,08117KRSI,"Göppingen, Landkreis",second_generation_german,mit Migrationshintergrund | ohne eigene Migrationserfahrung | Deutsche,ledig,26
2023,08117KRSI,"Göppingen, Landkreis",second_generation_german,mit Migrationshintergrund | ohne eigene Migrationserfahrung | Deutsche,verheiratet,6
2023,08117KRSI,"Göppingen, Landkreis",second_generation_german,mit Migrationshintergrund | ohne eigene Migrationserfahrung | Deutsche,verwitwet,/
2023,08118KRSI,"Ludwigsburg, Landkreis",by_marital_status,Insgesamt,Insgesamt,533
2023,08118KRSI,"Ludwigsburg, Landkreis",by_marital_status,Insgesamt,geschieden,35
2023,08118KRSI,"Ludwigsburg, Landkreis",by_marital_status,Insgesamt,ledig,223
2023,08118KRSI,"Ludwigsburg, Landkreis",by_marital_status,Insgesamt,verheiratet,248
2023,08118KRSI,"Ludwigsburg, Landkreis",by_marital_status,Insgesamt,verwitwet,26
2023,08118KRSI,"Ludwigsburg, Landkreis",by_marital_status,mit Migrationshintergrund,Insgesamt,223
2023,08118KRSI,"Ludwigsburg, Landkreis",by_marital_status,mit Migrationshintergrund,geschieden,13
2023,08118KRSI,"Ludwigsburg, Landkreis",by_marital_status,mit Migrationshintergrund,ledig,102
2023,08118KRSI,"Ludwigsburg, Landkreis",by_marital_status,mit Migrationshintergrund,verheiratet,100
2023,08118KRSI,"Ludwigsburg, Landkreis",by_marital_status,mit Migrationshintergrund,verwitwet,8
2023,08118KRSI,"Ludwigsburg, Landkreis",second_generation_german,mit Migrationshintergrund | ohne eigene Migrationserfahrung | Deutsche,Insgesamt,76
2023,08118KRSI,"Ludwigsburg, Landkreis",second_generation_german,mit Migrationshintergrund | ohne eigene Migrationserfahrung | Deutsche,geschieden,/
2023,08118KRSI,"Ludwigsburg, Landkreis",second_generation_german,mit Migrationshintergrund | ohne eigene Migrationserfahrung | Deutsche,ledig,59
2023,08118KRSI,"Ludwigsburg, Landkreis",second_generation_german,mit Migrationshintergrund | ohne eigene Migrationserfahrung | Deutsche,verheiratet,15
2023,08118KRSI,"Ludwigsburg, Landkreis",second_generation_german,mit Migrationshintergrund | ohne eigene Migrationserfahrung | Deutsche,verwitwet,/
2023,08119KRSI,"Rems-Murr-Kreis, Landkreis",by_marital_status,Insgesamt,Insgesamt,441
2023,08119KRSI,"Rems-Murr-Kreis, Landkreis",by_marital_status,Insgesamt,geschieden,29
2023,08119KRSI,"Rems-Murr-Kreis, Landkreis",by_marital_status,Insgesamt,ledig,182
2023,08119KRSI,"Rems-Murr-Kreis, Landkreis",by_marital_status,Insgesamt,verheiratet,204
2023,08119KRSI,"Rems-Murr-Kreis, Landkreis",by_marital_status,Insgesamt,verwitwet,26
2023,08119KRSI,"Rems-Murr-Kreis, Landkreis",by_marital_status,mit Migrationshintergrund,Insgesamt,162
2023,08119KRSI,"Rems-Murr-Kreis, Landkreis",by_marital_status,mit Migrationshintergrund,geschieden,9
2023,08119KRSI,"Rems-Murr-Kreis, Landkreis",by_marital_status,mit Migrationshintergrund,ledig,76
2023,08119KRSI,"Rems-Murr-Kreis, Landkreis",by_marital_status,mit Migrationshintergrund,verheiratet,71
2023,08119KRSI,"Rems-Murr-Kreis, Landkreis",by_marital_status,mit Migrationshintergrund,verwitwet,6
2023,08119KRSI,"Rems-Murr-Kreis, Landkreis",second_generation_german,mit Migrationshintergrund | ohne eigene Migrationserfahrung | Deutsche,Insgesamt,54
2023,08119KRSI,"Rems-Murr-Kreis, Landkreis",second_generation_german,mit Migrationshintergrund | ohne eigene Migrationserfahrung | Deutsche,geschieden,/
2023,08119KRSI,"Rems-Murr-Kreis, Landkreis",second_generation_german,mit Migrationshintergrund | ohne eigene Migrationserfahrung | Deutsche,ledig,41
2023,08119KRSI,"Rems-Murr-Kreis, Landkreis",second_generation_german,mit Migrationshintergrund | ohne eigene Migrationserfahrung | Deutsche,verheiratet,12
2023,08119KRSI,"Rems-Murr-Kreis, Landkreis",second_generation_german,mit Migrationshintergrund | ohne eigene Migrationserfahrung | Deutsche,verwitwet,/
2023,08121KRSI,"Heilbronn, Stadtkreis",by_marital_status,Insgesamt,Insgesamt,127
2023,08121KRSI,"Heilbronn, Stadtkreis",by_marital_status,Insgesamt,geschieden,10
2023,08121KRSI,"Heilbronn, Stadtkreis",by_marital_status,Insgesamt,ledig,58
2023,08121KRSI,"Heilbronn, Stadtkreis",by_marital_status,Insgesamt,verheiratet,51
2023,08121KRSI,"Heilbronn, Stadtkreis",by_marital_status,Insgesamt,verwitwet,7
2023,08121KRSI,"Heilbronn, Stadtkreis",by_marital_status,mit Migrationshintergrund,Insgesamt,69
2023,08121KRSI,"Heilbronn, Stadtkreis",by_marital_status,mit Migrationshintergrund,geschieden,/
2023,08121KRSI,"Heilbronn, Stadtkreis",by_marital_status,mit Migrationshintergrund,ledig,33
2023,08121KRSI,"Heilbronn, Stadtkreis",by_marital_status,mit Migrationshintergrund,verheiratet,28
2023,08121KRSI,"Heilbronn, Stadtkreis",by_marital_status,mit Migrationshintergrund,verwitwet,/
2023,08121KRSI,"Heilbronn, Stadtkreis",second_generation_german,mit Migrationshintergrund | ohne eigene Migrationserfahrung | Deutsche,Insgesamt,19
2023,08121KRSI,"Heilbronn, Stadtkreis",second_generation_german,mit Migrationshintergrund | ohne eigene Migrationserfahrung | Deutsche,geschieden,/
2023,08121KRSI,"Heilbronn, Stadtkreis",second_generation_german,mit Migrationshintergrund | ohne eigene Migrationserfahrung | Deutsche,ledig,16
2023,08121KRSI,"Heilbronn, Stadtkreis",second_generation_german,mit Migrationshintergrund | ohne eigene Migrationserfahrung | Deutsche,verheiratet,/
2023,08121KRSI,"Heilbronn, Stadtkreis",second_generation_german,mit Migrationshintergrund | ohne eigene Migrationserfahrung | Deutsche,verwitwet,/
2023,08125KRSI,"Heilbronn, Landkreis",by_marital_status,Insgesamt,Insgesamt,353
2023,08125KRSI,"Heilbronn, Landkreis",by_marital_status,Insgesamt,geschieden,23
2023,08125KRSI,"Heilbronn, Landkreis",by_marital_status,Insgesamt,ledig,149
2023,08125KRSI,"Heilbronn, Landkreis",by_marital_status,Insgesamt,verheiratet,162
2023,08125KRSI,"Heilbronn, Landkreis",by_marital_status,Insgesamt,verwitwet,18
2023,08125KRSI,"Heilbronn, Landkreis",by_marital_status,mit Migrationshintergrund,Insgesamt,133
2023,08125KRSI,"Heilbronn, Landkreis",by_marital_status,mit Migrationshintergrund,geschieden,7
2023,08125KRSI,"Heilbronn, Landkreis",by_marital_status,mit Migrationshintergrund,ledig,63
2023,08125KRSI,"Heilbronn, Landkreis",by_marital_status,mit Migrationshintergrund,verheiratet,59
2023,08125KRSI,"Heilbronn, Landkreis",by_marital_status,mit Migrationshintergrund,verwitwet,/
2023,08125KRSI,"Heilbronn, Landkreis",second_generation_german,mit Migrationshintergrund | ohne eigene Migrationserfahrung | Deutsche,Insgesamt,42
2023,08125KRSI,"Heilbronn, Landkreis",second_generation_german,mit Migrationshintergrund | ohne eigene Migrationserfahrung | Deutsche,geschieden,/
2023,08125KRSI,"Heilbronn, Landkreis",second_generation_german,mit Migrationshintergrund | ohne eigene Migrationserfahrung | Deutsche,ledig,33
2023,08125KRSI,"Heilbronn, Landkreis",second_generation_german,mit Migrationshintergrund | ohne eigene Migrationserfahrung | Deutsche,verheiratet,8
2023,08125KRSI,"Heilbronn, Landkreis",second_generation_german,mit Migrationshintergrund | ohne eigene Migrationserfahrung | Deutsche,verwitwet,/
2023,08126KRSI,"Hohenlohekreis, Landkreis",by_marital_status,Insgesamt,Insgesamt,113
2023,08126KRSI,"Hohenlohekreis, Landkreis",by_marital_status,Insgesamt,geschieden,5
2023,08126KRSI,"Hohenlohekreis, Landkreis",by_marital_status,Insgesamt,ledig,50
2023,08126KRSI,"Hohenlohekreis, Landkreis",by_marital_status,Insgesamt,verheiratet,54
2023,08126KRSI,"Hohenlohekreis, Landkreis",by_marital_status,Insgesamt,verwitwet,/
2023,08126KRSI,"Hohenlohekreis, Landkreis",by_marital_status,mit Migrationshintergrund,Insgesamt,43
2023,08126KRSI,"Hohenlohekreis, Landkreis",by_marital_status,mit Migrationshintergrund,geschieden,/
2023,08126KRSI,"Hohenlohekreis, Landkreis",by_marital_status,mit Migrationshintergrund,ledig,21
2023,08126KRSI,"Hohenlohekreis, Landkreis",by_marital_status,mit Migrationshintergrund,verheiratet,19
2023,08126KRSI,"Hohenlohekreis, Landkreis",by_marital_status,mit Migrationshintergrund,verwitwet,/
2023,08126KRSI,"Hohenlohekreis, Landkreis",second_generation_german,mit Migrationshintergrund | ohne eigene Migrationserfahrung | Deutsche,Insgesamt,13
2023,08126KRSI,"Hohenlohekreis, Landkreis",second_generation_german,mit Migrationshintergrund | ohne eigene Migrationserfahrung | Deutsche,geschieden,/
2023,08126KRSI,"Hohenlohekreis, Landkreis",second_generation_german,mit Migrationshintergrund | ohne eigene Migrationserfahrung | Deutsche,ledig,12
2023,08126KRSI,"Hohenlohekreis, Landkreis",second_generation_german,mit Migrationshintergrund | ohne eigene Migrationserfahrung | Deutsche,verheiratet,/
2023,08126KRSI,"Hohenlohekreis, Landkreis",second_generation_german,mit Migrationshintergrund | ohne eigene Migrationserfahrung | Deutsche,verwitwet,/
2023,08127KRSI,"Schwäbisch Hall, Landkreis",by_marital_status,Insgesamt,Insgesamt,199
2023,08127KRSI,"Schwäbisch Hall, Landkreis",by_marital_status,Insgesamt,geschieden,13
2023,08127KRSI,"Schwäbisch Hall, Landkreis",by_marital_status,Insgesamt,ledig,86
2023,08127KRSI,"Schwäbisch Hall, Landkreis",by_marital_status,Insgesamt,verheiratet,90
2023,08127KRSI,"Schwäbisch Hall, Landkreis",by_marital_status,Insgesamt,verwitwet,11
2023,08127KRSI,"Schwäbisch Hall, Landkreis",by_marital_status,mit Migrationshintergrund,Insgesamt,67
2023,08127KRSI,"Schwäbisch Hall, Landkreis",by_marital_status,mit Migrationshintergrund,geschieden,/
2023,08127KRSI,"Schwäbisch Hall, Landkreis",by_marital_status,mit Migrationshintergrund,ledig,30
2023,08127KRSI,"Schwäbisch Hall, Landkreis",by_marital_status,mit Migrationshintergrund,verheiratet,31
2023,08127KRSI,"Schwäbisch Hall, Landkreis",by_marital_status,mit Migrationshintergrund,verwitwet,/
2023,08127KRSI,"Schwäbisch Hall, Landkreis",second_generation_german,mit Migrationshintergrund | ohne eigene Migrationserfahrung | Deutsche,Insgesamt,20
2023,08127KRSI,"Schwäbisch Hall, Landkreis",second_generation_german,mit Migrationshintergrund | ohne eigene Migrationserfahrung | Deutsche,geschieden,/
2023,08127KRSI,"Schwäbisch Hall, Landkreis",second_generation_german,mit Migrationshintergrund | ohne eigene Migrationserfahrung | Deutsche,ledig,16
2023,08127KRSI,"Schwäbisch Hall, Landkreis",second_generation_german,mit Migrationshintergrund | ohne eigene Migrationserfahrung | Deutsche,verheiratet,/
2023,08127KRSI,"Schwäbisch Hall, Landkreis",second_generation_german,mit Migrationshintergrund | ohne eigene Migrationserfahrung | Deutsche,verwitwet,/
2023,08128KRSI,"Main-Tauber-Kreis, Landkreis",by_marital_status,Insgesamt,Insgesamt,132
2023,08128KRSI,"Main-Tauber-Kreis, Landkreis",by_marital_status,Insgesamt,geschieden,8
2023,08128KRSI,"Main-Tauber-Kreis, Landkreis",by_marital_status,Insgesamt,ledig,52
2023,08128KRSI,"Main-Tauber-Kreis, Landkreis",by_marital_status,Insgesamt,verheiratet,63
2023,08128KRSI,"Main-Tauber-Kreis, Landkreis",by_marital_status,Insgesamt,verwitwet,9
2023,08128KRSI,"Main-Tauber-Kreis, Landkreis",by_marital_status,mit Migrationshintergrund,Insgesamt,39
2023,08128KRSI,"Main-Tauber-Kreis, Landkreis",by_marital_status,mit Migrationshintergrund,geschieden,/
2023,08128KRSI,"Main-Tauber-Kreis, Landkreis",by_marital_status,mit Migrationshintergrund,ledig,18
2023,08128KRSI,"Main-Tauber-Kreis, Landkreis",by_marital_status,mit Migrationshintergrund,verheiratet,17
2023,08128KRSI,"Main-Tauber-Kreis, Landkreis",by_marital_status,mit Migrationshintergrund,verwitwet,/
2023,08128KRSI,"Main-Tauber-Kreis, Landkreis",second_generation_german,mit Migrationshintergrund | ohne eigene Migrationserfahrung | Deutsche,Insgesamt,13
2023,08128KRSI,"Main-Tauber-Kreis, Landkreis",second_generation_german,mit Migrationshintergrund | ohne eigene Migrationserfahrung | Deutsche,geschieden,/
2023,08128KRSI,"Main-Tauber-Kreis, Landkreis",second_generation_german,mit Migrationshintergrund | ohne eigene Migrationserfahrung | Deutsche,ledig,10
2023,08128KRSI,"Main-Tauber-Kreis, Landkreis",second_generation_german,mit Migrationshintergrund | ohne eigene Migrationserfahrung | Deutsche,verheiratet,/
2023,08128KRSI,"Main-Tauber-Kreis, Landkreis",second_generation_german,mit Migrationshintergrund | ohne eigene Migrationserfahrung | Deutsche,verwitwet,/
2023,08135KRSI,"Heidenheim, Landkreis",by_marital_status,Insgesamt,Insgesamt,136
2023,08135KRSI,"Heidenheim, Landkreis",by_marital_status,Insgesamt,geschieden,8
2023,08135KRSI,"Heidenheim, Landkreis",by_marital_status,Insgesamt,ledig,57
2023,08135KRSI,"Heidenheim, Landkreis",by_marital_status,Insgesamt,verheiratet,63
2023,08135KRSI,"Heidenheim, Landkreis",by_marital_status,Insgesamt,verwitwet,7
2023,08135KRSI,"Heidenheim, Landkreis",by_marital_status,mit Migrationshintergrund,Insgesamt,55
2023,08135KRSI,"Heidenheim, Landkreis",by_marital_status,mit Migrationshintergrund,geschieden,/
2023,08135KRSI,"Heidenheim, Landkreis",by_marital_status,mit Migrationshintergrund,ledig,25
2023,08135KRSI,"Heidenheim, Landkreis",by_marital_status,mit Migrationshintergrund,verheiratet,26
2023,08135KRSI,"Heidenheim, Landkreis",by_marital_status,mit Migrationshintergrund,verwitwet,/
2023,08135KRSI,"Heidenheim, Landkreis",second_generation_german,mit Migrationshintergrund | ohne eigene Migrationserfahrung | Deutsche,Insgesamt,15
2023,08135KRSI,"Heidenheim, Landkreis",second_generation_german,mit Migrationshintergrund | ohne eigene Migrationserfahrung | Deutsche,geschieden,/
2023,08135KRSI,"Heidenheim, Landkreis",second_generation_german,mit Migrationshintergrund | ohne eigene Migrationserfahrung | Deutsche,ledig,12
2023,08135KRSI,"Heidenheim, Landkreis",second_generation_german,mit Migrationshintergrund | ohne eigene Migrationserfahrung | Deutsche,verheiratet,/
2023,08135KRSI,"Heidenheim, Landkreis",second_generation_german,mit Migrationshintergrund | ohne eigene Migrationserfahrung | Deutsche,verwitwet,/
2023,08136KRSI,"Ostalbkreis, Landkreis",by_marital_status,Insgesamt,Insgesamt,318
2023,08136KRSI,"Ostalbkreis, Landkreis",by_marital_status,Insgesamt,geschieden,18
2023,08136KRSI,"Ostalbkreis, Landkreis",by_marital_status,Insgesamt,ledig,132
2023,08136KRSI,"Ostalbkreis, Landkreis",by_marital_status,Insgesamt,verheiratet,146
2023,08136KRSI,"Ostalbkreis, Landkreis",by_marital_status,Insgesamt,verwitwet,22
2023,08136KRSI,"Ostalbkreis, Landkreis",by_marital_status,mit Migrationshintergrund,Insgesamt,107
2023,08136KRSI,"Ostalbkreis, Landkreis",by_marital_status,mit Migrationshintergrund,geschieden,/
2023,08136KRSI,"Ostalbkreis, Landkreis",by_marital_status,mit Migrationshintergrund,ledig,50
2023,08136KRSI,"Ostalbkreis, Landkreis",by_marital_status,mit Migrationshintergrund,verheiratet,46
2023,08136KRSI,"Ostalbkreis, Landkreis",by_marital_status,mit Migrationshintergrund,verwitwet,/
2023,08136KRSI,"Ostalbkreis, Landkreis",second_generation_german,mit Migrationshintergrund | ohne eigene Migrationserfahrung | Deutsche,Insgesamt,34
2023,08136KRSI,"Ostalbkreis, Landkreis",second_generation_german,mit Migrationshintergrund | ohne eigene Migrationserfahrung | Deutsche,geschieden,/
2023,08136KRSI,"Ostalbkreis, Landkreis",second_generation_german,mit Migrationshintergrund | ohne eigene Migrationserfahrung | Deutsche,ledig,27
2023,08136KRSI,"Ostalbkreis, Landkreis",second_generation_german,mit Migrationshintergrund | ohne eigene Migrationserfahrung | Deutsche,verheiratet,/
2023,08136KRSI,"Ostalbkreis, Landkreis",second_generation_german,mit Migrationshintergrund | ohne eigene Migrationserfahrung | Deutsche,verwitwet,/
2023,08212KRSI,"Karlsruhe, Stadtkreis",by_marital_status,Insgesamt,Insgesamt,308
2023,08212KRSI,"Karlsruhe, Stadtkreis",by_marital_status,Insgesamt,geschieden,23
2023,08212KRSI,"Karlsruhe, Stadtkreis",by_marital_status,Insgesamt,ledig,156
2023,08212KRSI,"Karlsruhe, Stadtkreis",by_marital_status,Insgesamt,verheiratet,114
2023,08212KRSI,"Karlsruhe, Stadtkreis",by_marital_status,Insgesamt,verwitwet,16
2023,08212KRSI,"Karlsruhe, Stadtkreis",by_marital_status,mit Migrationshintergrund,Insgesamt,116
2023,08212KRSI,"Karlsruhe, Stadtkreis",by_marital_status,mit Migrationshintergrund,geschieden,7
2023,08212KRSI,"Karlsruhe, Stadtkreis",by_marital_status,mit Migrationshintergrund,ledig,60
2023,08212KRSI,"Karlsruhe, Stadtkreis",by_marital_status,mit Migrationshintergrund,verheiratet,45
2023,08212KRSI,"Karlsruhe, Stadtkreis",by_marital_status,mit Migrationshintergrund,verwitwet,/
2023,08212KRSI,"Karlsruhe, Stadtkreis",second_generation_german,mit Migrationshintergrund | ohne eigene Migrationserfahrung | Deutsche,Insgesamt,35
2023,08212KRSI,"Karlsruhe, Stadtkreis",second_generation_german,mit Migrationshintergrund | ohne eigene Migrationserfahrung | Deutsche,geschieden,/
2023,08212KRSI,"Karlsruhe, Stadtkreis",second_generation_german,mit Migrationshintergrund | ohne eigene Migrationserfahrung | Deutsche,ledig,28
2023,08212KRSI,"Karlsruhe, Stadtkreis",second_generation_german,mit Migrationshintergrund | ohne eigene Migrationserfahrung | Deutsche,verheiratet,/
2023,08212KRSI,"Karlsruhe, Stadtkreis",second_generation_german,mit Migrationshintergrund | ohne eigene Migrationserfahrung | Deutsche,verwitwet,/
2023,08215KRSI,"Karlsruhe, Landkreis",by_marital_status,Insgesamt,Insgesamt,452
2023,08215KRSI,"Karlsruhe, Landkreis",by_marital_status,Insgesamt,geschieden,30
2023,08215KRSI,"Karlsruhe, Landkreis",by_marital_status,Insgesamt,ledig,181
2023,08215KRSI,"Karlsruhe, Landkreis",by_marital_status,Insgesamt,verheiratet,214
2023,08215KRSI,"Karlsruhe, Landkreis",by_marital_status,Insgesamt,verwitwet,27
2023,08215KRSI,"Karlsruhe, Landkreis",by_marital_status,mit Migrationshintergrund,Insgesamt,145
2023,08215KRSI,"Karlsruhe, Landkreis",by_marital_status,mit Migrationshintergrund,geschieden,8
2023,08215KRSI,"Karlsruhe, Landkreis",by_marital_status,mit Migrationshintergrund,ledig,65
2023,08215KRSI,"Karlsruhe, Landkreis",by_marital_status,mit Migrationshintergrund,verheiratet,67
2023,08215KRSI,"Karlsruhe, Landkreis",by_marital_status,mit Migrationshintergrund,verwitwet,/
2023,08215KRSI,"Karlsruhe, Landkreis",second_generation_german,mit Migrationshintergrund | ohne eigene Migrationserfahrung | Deutsche,Insgesamt,42
2023,08215KRSI,"Karlsruhe, Landkreis",second_generation_german,mit Migrationshintergrund | ohne eigene Migrationserfahrung | Deutsche,geschieden,/
2023,08215KRSI,"Karlsruhe, Landkreis",second_generation_german,mit Migrationshintergrund | ohne eigene Migrationserfahrung | Deutsche,ledig,33
2023,08215KRSI,"Karlsruhe, Landkreis",second_generation_german,mit Migrationshintergrund | ohne eigene Migrationserfahrung | Deutsche,verheiratet,7
2023,08215KRSI,"Karlsruhe, Landkreis",second_generation_german,mit Migrationshintergrund | ohne eigene Migrationserfahrung | Deutsche,verwitwet,/
2023,08217KRSI,Landkreis Rastatt und Stadtkreis Baden-Baden,by_marital_status,Insgesamt,Insgesamt,55
2023,08217KRSI,Landkreis Rastatt und Stadtkreis Baden-Baden,by_marital_status,Insgesamt,geschieden,20
2023,08217KRSI,Landkreis Rastatt und Stadtkreis Baden-Baden,by_marital_status,Insgesamt,ledig,113
2023,08217KRSI,Landkreis Rastatt und Stadtkreis Baden-Baden,by_marital_status,Insgesamt,verheiratet,130
2023,08217KRSI,Landkreis Rastatt und Stadtkreis Baden-Baden,by_marital_status,Insgesamt,verwitwet,21
2023,08217KRSI,Landkreis Rastatt und Stadtkreis Baden-Baden,by_marital_status,mit Migrationshintergrund,Insgesamt,105
2023,08217KRSI,Landkreis Rastatt und Stadtkreis Baden-Baden,by_marital_status,mit Migrationshintergrund,geschieden,7
2023,08217KRSI,Landkreis Rastatt und Stadtkreis Baden-Baden,by_marital_status,mit Migrationshintergrund,ledig,48
2023,08217KRSI,Landkreis Rastatt und Stadtkreis Baden-Baden,by_marital_status,mit Migrationshintergrund,verheiratet,46
2023,08217KRSI,Landkreis Rastatt und Stadtkreis Baden-Baden,by_marital_status,mit Migrationshintergrund,verwitwet,/
2023,08217KRSI,Landkreis Rastatt und Stadtkreis Baden-Baden,second_generation_german,mit Migrationshintergrund | ohne eigene Migrationserfahrung | Deutsche,Insgesamt,25
2023,08217KRSI,Landkreis Rastatt und Stadtkreis Baden-Baden,second_generation_german,mit Migrationshintergrund | ohne eigene Migrationserfahrung | Deutsche,geschieden,/
2023,08217KRSI,Landkreis Rastatt und Stadtkreis Baden-Baden,second_generation_german,mit Migrationshintergrund | ohne eigene Migrationserfahrung | Deutsche,ledig,20
2023,08217KRSI,Landkreis Rastatt und Stadtkreis Baden-Baden,second_generation_german,mit Migrationshintergrund | ohne eigene Migrationserfahrung | Deutsche,verheiratet,/
2023,08217KRSI,Landkreis Rastatt und Stadtkreis Baden-Baden,second_generation_german,mit Migrationshintergrund | ohne eigene Migrationserfahrung | Deutsche,verwitwet,/
2023,08221KRSI,"Heidelberg, Stadtkreis",by_marital_status,Insgesamt,Insgesamt,152
2023,08221KRSI,"Heidelberg, Stadtkreis",by_marital_status,Insgesamt,geschieden,10
2023,08221KRSI,"Heidelberg, Stadtkreis",by_marital_status,Insgesamt,ledig,86
2023,08221KRSI,"Heidelberg, Stadtkreis",by_marital_status,Insgesamt,verheiratet,51
2023,08221KRSI,"Heidelberg, Stadtkreis",by_marital_status,Insgesamt,verwitwet,6
2023,08221KRSI,"Heidelberg, Stadtkreis",by_marital_status,mit Migrationshintergrund,Insgesamt,73
2023,08221KRSI,"Heidelberg, Stadtkreis",by_marital_status,mit Migrationshintergrund,geschieden,/
2023,08221KRSI,"Heidelberg, Stadtkreis",by_marital_status,mit Migrationshintergrund,ledig,44
2023,08221KRSI,"Heidelberg, Stadtkreis",by_marital_status,mit Migrationshintergrund,verheiratet,22
2023,08221KRSI,"Heidelberg, Stadtkreis",by_marital_status,mit Migrationshintergrund,verwitwet,/
2023,08221KRSI,"Heidelberg, Stadtkreis",second_generation_german,mit Migrationshintergrund | ohne eigene Migrationserfahrung | Deutsche,Insgesamt,19
2023,08221KRSI,"Heidelberg, Stadtkreis",second_generation_german,mit Migrationshintergrund | ohne eigene Migrationserfahrung | Deutsche,geschieden,/
2023,08221KRSI,"Heidelberg, Stadtkreis",second_generation_german,mit Migrationshintergrund | ohne eigene Migrationserfahrung | Deutsche,ledig,16
2023,08221KRSI,"Heidelberg, Stadtkreis",second_generation_german,mit Migrationshintergrund | ohne eigene Migrationserfahrung | Deutsche,verheiratet,/
2023,08221KRSI,"Heidelberg, Stadtkreis",second_generation_german,mit Migrationshintergrund | ohne eigene Migrationserfahrung | Deutsche,verwitwet,/
2023,08222KRSI,"Mannheim, Stadtkreis",by_marital_status,Insgesamt,Insgesamt,316
2023,08222KRSI,"Mannheim, Stadtkreis",by_marital_status,Insgesamt,geschieden,23
2023,08222KRSI,"Mannheim, Stadtkreis",by_marital_status,Insgesamt,ledig,156
2023,08222KRSI,"Mannheim, Stadtkreis",by_marital_status,Insgesamt,verheiratet,121
2023,08222KRSI,"Mannheim, Stadtkreis",by_marital_status,Insgesamt,verwitwet,17
2023,08222KRSI,"Mannheim, Stadtkreis",by_marital_status,mit Migrationshintergrund,Insgesamt,155
2023,08222KRSI,"Mannheim, Stadtkreis",by_marital_status,mit Migrationshintergrund,geschieden,10
2023,08222KRSI,"Mannheim, Stadtkreis",by_marital_status,mit Migrationshintergrund,ledig,77
2023,08222KRSI,"Mannheim, Stadtkreis",by_marital_status,mit Migrationshintergrund,verheiratet,62
2023,08222KRSI,"Mannheim, Stadtkreis",by_marital_status,mit Migrationshintergrund,verwitwet,/
2023,08222KRSI,"Mannheim, Stadtkreis",second_generation_german,mit Migrationshintergrund | ohne eigene Migrationserfahrung | Deutsche,Insgesamt,47
2023,08222KRSI,"Mannheim, Stadtkreis",second_generation_german,mit Migrationshintergrund | ohne eigene Migrationserfahrung | Deutsche,geschieden,/
2023,08222KRSI,"Mannheim, Stadtkreis",second_generation_german,mit Migrationshintergrund | ohne eigene Migrationserfahrung | Deutsche,ledig,39
2023,08222KRSI,"Mannheim, Stadtkreis",second_generation_german,mit Migrationshintergrund | ohne eigene Migrationserfahrung | Deutsche,verheiratet,/
2023,08222KRSI,"Mannheim, Stadtkreis",second_generation_german,mit Migrationshintergrund | ohne eigene Migrationserfahrung | Deutsche,verwitwet,/
2023,08225KRSI,"Neckar-Odenwald-Kreis, Landkreis",by_marital_status,Insgesamt,Insgesamt,144
2023,08225KRSI,"Neckar-Odenwald-Kreis, Landkreis",by_marital_status,Insgesamt,geschieden,9
2023,08225KRSI,"Neckar-Odenwald-Kreis, Landkreis",by_marital_status,Insgesamt,ledig,53
2023,08225KRSI,"Neckar-Odenwald-Kreis, Landkreis",by_marital_status,Insgesamt,verheiratet,72
2023,08225KRSI,"Neckar-Odenwald-Kreis, Landkreis",by_marital_status,Insgesamt,verwitwet,10
2023,08225KRSI,"Neckar-Odenwald-Kreis, Landkreis",by_marital_status,mit Migrationshintergrund,Insgesamt,39
2023,08225KRSI,"Neckar-Odenwald-Kreis, Landkreis",by_marital_status,mit Migrationshintergrund,geschieden,/
2023,08225KRSI,"Neckar-Odenwald-Kreis, Landkreis",by_marital_status,mit Migrationshintergrund,ledig,15
2023,08225KRSI,"Neckar-Odenwald-Kreis, Landkreis",by_marital_status,mit Migrationshintergrund,verheiratet,20
2023,08225KRSI,"Neckar-Odenwald-Kreis, Landkreis",by_marital_status,mit Migrationshintergrund,verwitwet,/
2023,08225KRSI,"Neckar-Odenwald-Kreis, Landkreis",second_generation_german,mit Migrationshintergrund | ohne eigene Migrationserfahrung | Deutsche,Insgesamt,11
2023,08225KRSI,"Neckar-Odenwald-Kreis, Landkreis",second_generation_german,mit Migrationshintergrund | ohne eigene Migrationserfahrung | Deutsche,geschieden,/
2023,08225KRSI,"Neckar-Odenwald-Kreis, Landkreis",second_generation_german,mit Migrationshintergrund | ohne eigene Migrationserfahrung | Deutsche,ledig,9
2023,08225KRSI,"Neckar-Odenwald-Kreis, Landkreis",second_generation_german,mit Migrationshintergrund | ohne eigene Migrationserfahrung | Deutsche,verheiratet,/
2023,08225KRSI,"Neckar-Odenwald-Kreis, Landkreis",second_generation_german,mit Migrationshintergrund | ohne eigene Migrationserfahrung | Deutsche,verwitwet,/
2023,08226KRSI,"Rhein-Neckar-Kreis, Landkreis",by_marital_status,Insgesamt,Insgesamt,554
2023,08226KRSI,"Rhein-Neckar-Kreis, Landkreis",by_marital_status,Insgesamt,geschieden,35
2023,08226KRSI,"Rhein-Neckar-Kreis, Landkreis",by_marital_status,Insgesamt,ledig,227
2023,08226KRSI,"Rhein-Neckar-Kreis, Landkreis",by_marital_status,Insgesamt,verheiratet,259
2023,08226KRSI,"Rhein-Neckar-Kreis, Landkreis",by_marital_status,Insgesamt,verwitwet,33
2023,08226KRSI,"Rhein-Neckar-Kreis, Landkreis",by_marital_status,mit Migrationshintergrund,Insgesamt,177
2023,08226KRSI,"Rhein-Neckar-Kreis, Landkreis",by_marital_status,mit Migrationshintergrund,geschieden,9
2023,08226KRSI,"Rhein-Neckar-Kreis, Landkreis",by_marital_status,mit Migrationshintergrund,ledig,81
2023,08226KRSI,"Rhein-Neckar-Kreis, Landkreis",by_marital_status,mit Migrationshintergrund,verheiratet,81
2023,08226KRSI,"Rhein-Neckar-Kreis, Landkreis",by_marital_status,mit Migrationshintergrund,verwitwet,6
2023,08226KRSI,"Rhein-Neckar-Kreis, Landkreis",second_generation_german,mit Migrationshintergrund | ohne eigene Migrationserfahrung | Deutsche,Insgesamt,63
2023,08226KRSI,"Rhein-Neckar-Kreis, Landkreis",second_generation_german,mit Migrationshintergrund | ohne eigene Migrationserfahrung | Deutsche,geschieden,/
2023,08226KRSI,"Rhein-Neckar-Kreis, Landkreis",second_generation_german,mit Migrationshintergrund | ohne eigene Migrationserfahrung | Deutsche,ledig,50
2023,08226KRSI,"Rhein-Neckar-Kreis, Landkreis",second_generation_german,mit Migrationshintergrund | ohne eigene Migrationserfahrung | Deutsche,verheiratet,11
2023,08226KRSI,"Rhein-Neckar-Kreis, Landkreis",second_generation_german,mit Migrationshintergrund | ohne eigene Migrationserfahrung | Deutsche,verwitwet,/
2023,08231KRSI,"Pforzheim, Stadtkreis",by_marital_status,Insgesamt,Insgesamt,132
2023,08231KRSI,"Pforzheim, Stadtkreis",by_marital_status,Insgesamt,geschieden,9
2023,08231KRSI,"Pforzheim, Stadtkreis",by_marital_status,Insgesamt,ledig,58
2023,08231KRSI,"Pforzheim, Stadtkreis",by_marital_status,Insgesamt,verheiratet,53
2023,08231KRSI,"Pforzheim, Stadtkreis",by_marital_status,Insgesamt,verwitwet,12
2023,08231KRSI,"Pforzheim, Stadtkreis",by_marital_status,mit Migrationshintergrund,Insgesamt,78
2023,08231KRSI,"Pforzheim, Stadtkreis",by_marital_status,mit Migrationshintergrund,geschieden,/
2023,08231KRSI,"Pforzheim, Stadtkreis",by_marital_status,mit Migrationshintergrund,ledig,37
2023,08231KRSI,"Pforzheim, Stadtkreis",by_marital_status,mit Migrationshintergrund,verheiratet,33
2023,08231KRSI,"Pforzheim, Stadtkreis",by_marital_status,mit Migrationshintergrund,verwitwet,/
2023,08231KRSI,"Pforzheim, Stadtkreis",second_generation_german,mit Migrationshintergrund | ohne eigene Migrationserfahrung | Deutsche,Insgesamt,20
2023,08231KRSI,"Pforzheim, Stadtkreis",second_generation_german,mit Migrationshintergrund | ohne eigene Migrationserfahrung | Deutsche,geschieden,/
2023,08231KRSI,"Pforzheim, Stadtkreis",second_generation_german,mit Migrationshintergrund | ohne eigene Migrationserfahrung | Deutsche,ledig,17
2023,08231KRSI,"Pforzheim, Stadtkreis",second_generation_german,mit Migrationshintergrund | ohne eigene Migrationserfahrung | Deutsche,verheiratet,/
2023,08231KRSI,"Pforzheim, Stadtkreis",second_generation_german,mit Migrationshintergrund | ohne eigene Migrationserfahrung | Deutsche,verwitwet,/
2023,08235KRSI,"Calw, Landkreis",by_marital_status,Insgesamt,Insgesamt,158
2023,08235KRSI,"Calw, Landkreis",by_marital_status,Insgesamt,geschieden,11
2023,08235KRSI,"Calw, Landkreis",by_marital_status,Insgesamt,ledig,61
2023,08235KRSI,"Calw, Landkreis",by_marital_status,Insgesamt,verheiratet,76
2023,08235KRSI,"Calw, Landkreis",by_marital_status,Insgesamt,verwitwet,10
2023,08235KRSI,"Calw, Landkreis",by_marital_status,mit Migrationshintergrund,Insgesamt,60
2023,08235KRSI,"Calw, Landkreis",by_marital_status,mit Migrationshintergrund,geschieden,/
2023,08235KRSI,"Calw, Landkreis",by_marital_status,mit Migrationshintergrund,ledig,28
2023,08235KRSI,"Calw, Landkreis",by_marital_status,mit Migrationshintergrund,verheiratet,27
2023,08235KRSI,"Calw, Landkreis",by_marital_status,mit Migrationshintergrund,verwitwet,/
2023,08235KRSI,"Calw, Landkreis",second_generation_german,mit Migrationshintergrund | ohne eigene Migrationserfahrung | Deutsche,Insgesamt,18
2023,08235KRSI,"Calw, Landkreis",second_generation_german,mit Migrationshintergrund | ohne eigene Migrationserfahrung | Deutsche,geschieden,/
2023,08235KRSI,"Calw, Landkreis",second_generation_german,mit Migrationshintergrund | ohne eigene Migrationserfahrung | Deutsche,ledig,14
2023,08235KRSI,"Calw, Landkreis",second_generation_german,mit Migrationshintergrund | ohne eigene Migrationserfahrung | Deutsche,verheiratet,/
2023,08235KRSI,"Calw, Landkreis",second_generation_german,mit Migrationshintergrund | ohne eigene Migrationserfahrung | Deutsche,verwitwet,/
2023,08236KRSI,"Enzkreis, Landkreis",by_marital_status,Insgesamt,Insgesamt,200
2023,08236KRSI,"Enzkreis, Landkreis",by_marital_status,Insgesamt,geschieden,11
2023,08236KRSI,"Enzkreis, Landkreis",by_marital_status,Insgesamt,ledig,77
2023,08236KRSI,"Enzkreis, Landkreis",by_marital_status,Insgesamt,verheiratet,101
2023,08236KRSI,"Enzkreis, Landkreis",by_marital_status,Insgesamt,verwitwet,11
2023,08236KRSI,"Enzkreis, Landkreis",by_marital_status,mit Migrationshintergrund,Insgesamt,62
2023,08236KRSI,"Enzkreis, Landkreis",by_marital_status,mit Migrationshintergrund,geschieden,/
2023,08236KRSI,"Enzkreis, Landkreis",by_marital_status,mit Migrationshintergrund,ledig,29
2023,08236KRSI,"Enzkreis, Landkreis",by_marital_status,mit Migrationshintergrund,verheiratet,27
2023,08236KRSI,"Enzkreis, Landkreis",by_marital_status,mit Migrationshintergrund,verwitwet,/
2023,08236KRSI,"Enzkreis, Landkreis",second_generation_german,mit Migrationshintergrund | ohne eigene Migrationserfahrung | Deutsche,Insgesamt,19
2023,08236KRSI,"Enzkreis, Landkreis",second_generation_german,mit Migrationshintergrund | ohne eigene Migrationserfahrung | Deutsche,geschieden,/
2023,08236KRSI,"Enzkreis, Landkreis",second_generation_german,mit Migrationshintergrund | ohne eigene Migrationserfahrung | Deutsche,ledig,14
2023,08236KRSI,"Enzkreis, Landkreis",second_generation_german,mit Migrationshintergrund | ohne eigene Migrationserfahrung | Deutsche,verheiratet,/
2023,08236KRSI,"Enzkreis, Landkreis",second_generation_german,mit Migrationshintergrund | ohne eigene Migrationserfahrung | Deutsche,verwitwet,/
2023,08237KRSI,"Freudenstadt, Landkreis",by_marital_status,Insgesamt,Insgesamt,122
2023,08237KRSI,"Freudenstadt, Landkreis",by_marital_status,Insgesamt,geschieden,8
2023,08237KRSI,"Freudenstadt, Landkreis",by_marital_status,Insgesamt,ledig,49
2023,08237KRSI,"Freudenstadt, Landkreis",by_marital_status,Insgesamt,verheiratet,59
2023,08237KRSI,"Freudenstadt, Landkreis",by_marital_status,Insgesamt,verwitwet,7
2023,08237KRSI,"Freudenstadt, Landkreis",by_marital_status,mit Migrationshintergrund,Insgesamt,37
2023,08237KRSI,"Freudenstadt, Landkreis",by_marital_status,mit Migrationshintergrund,geschieden,/
2023,08237KRSI,"Freudenstadt, Landkreis",by_marital_status,mit Migrationshintergrund,ledig,17
2023,08237KRSI,"Freudenstadt, Landkreis",by_marital_status,mit Migrationshintergrund,verheiratet,16
2023,08237KRSI,"Freudenstadt, Landkreis",by_marital_status,mit Migrationshintergrund,verwitwet,/
2023,08237KRSI,"Freudenstadt, Landkreis",second_generation_german,mit Migrationshintergrund | ohne eigene Migrationserfahrung | Deutsche,Insgesamt,10
2023,08237KRSI,"Freudenstadt, Landkreis",second_generation_german,mit Migrationshintergrund | ohne eigene Migrationserfahrung | Deutsche,geschieden,/
2023,08237KRSI,"Freudenstadt, Landkreis",second_generation_german,mit Migrationshintergrund | ohne eigene Migrationserfahrung | Deutsche,ledig,8
2023,08237KRSI,"Freudenstadt, Landkreis",second_generation_german,mit Migrationshintergrund | ohne eigene Migrationserfahrung | Deutsche,verheiratet,/
2023,08237KRSI,"Freudenstadt, Landkreis",second_generation_german,mit Migrationshintergrund | ohne eigene Migrationserfahrung | Deutsche,verwitwet,/
2023,08311KRSI,"Freiburg im Breisgau, Stadtkreis",by_marital_status,Insgesamt,Insgesamt,233
2023,08311KRSI,"Freiburg im Breisgau, Stadtkreis",by_marital_status,Insgesamt,geschieden,17
2023,08311KRSI,"Freiburg im Breisgau, Stadtkreis",by_marital_status,Insgesamt,ledig,134
2023,08311KRSI,"Freiburg im Breisgau, Stadtkreis",by_marital_status,Insgesamt,verheiratet,74
2023,08311KRSI,"Freiburg im Breisgau, Stadtkreis",by_marital_status,Insgesamt,verwitwet,8
2023,08311KRSI,"Freiburg im Breisgau, Stadtkreis",by_marital_status,mit Migrationshintergrund,Insgesamt,94
2023,08311KRSI,"Freiburg im Breisgau, Stadtkreis",by_marital_status,mit Migrationshintergrund,geschieden,/
2023,08311KRSI,"Freiburg im Breisgau, Stadtkreis",by_marital_status,mit Migrationshintergrund,ledig,56
2023,08311KRSI,"Freiburg im Breisgau, Stadtkreis",by_marital_status,mit Migrationshintergrund,verheiratet,29
2023,08311KRSI,"Freiburg im Breisgau, Stadtkreis",by_marital_status,mit Migrationshintergrund,verwitwet,/
2023,08311KRSI,"Freiburg im Breisgau, Stadtkreis",second_generation_german,mit Migrationshintergrund | ohne eigene Migrationserfahrung | Deutsche,Insgesamt,24
2023,08311KRSI,"Freiburg im Breisgau, Stadtkreis",second_generation_german,mit Migrationshintergrund | ohne eigene Migrationserfahrung | Deutsche,geschieden,/
2023,08311KRSI,"Freiburg im Breisgau, Stadtkreis",second_generation_german,mit Migrationshintergrund | ohne eigene Migrationserfahrung | Deutsche,ledig,20
2023,08311KRSI,"Freiburg im Breisgau, Stadtkreis",second_generation_german,mit Migrationshintergrund | ohne eigene Migrationserfahrung | Deutsche,verheiratet,/
2023,08311KRSI,"Freiburg im Breisgau, Stadtkreis",second_generation_german,mit Migrationshintergrund | ohne eigene Migrationserfahrung | Deutsche,verwitwet,/
2023,08315KRSI,"Breisgau-Hochschwarzwald, Landkreis",by_marital_status,Insgesamt,Insgesamt,270
2023,08315KRSI,"Breisgau-Hochschwarzwald, Landkreis",by_marital_status,Insgesamt,geschieden,15
2023,08315KRSI,"Breisgau-Hochschwarzwald, Landkreis",by_marital_status,Insgesamt,ledig,111
2023,08315KRSI,"Breisgau-Hochschwarzwald, Landkreis",by_marital_status,Insgesamt,verheiratet,129
2023,08315KRSI,"Breisgau-Hochschwarzwald, Landkreis",by_marital_status,Insgesamt,verwitwet,15
2023,08315KRSI,"Breisgau-Hochschwarzwald, Landkreis",by_marital_status,mit Migrationshintergrund,Insgesamt,67
2023,08315KRSI,"Breisgau-Hochschwarzwald, Landkreis",by_marital_status,mit Migrationshintergrund,geschieden,/
2023,08315KRSI,"Breisgau-Hochschwarzwald, Landkreis",by_marital_status,mit Migrationshintergrund,ledig,32
2023,08315KRSI,"Breisgau-Hochschwarzwald, Landkreis",by_marital_status,mit Migrationshintergrund,verheiratet,30
2023,08315KRSI,"Breisgau-Hochschwarzwald, Landkreis",by_marital_status,mit Migrationshintergrund,verwitwet,/
2023,08315KRSI,"Breisgau-Hochschwarzwald, Landkreis",second_generation_german,mit Migrationshintergrund | ohne eigene Migrationserfahrung | Deutsche,Insgesamt,24
2023,08315KRSI,"Breisgau-Hochschwarzwald, Landkreis",second_generation_german,mit Migrationshintergrund | ohne eigene Migrationserfahrung | Deutsche,geschieden,/
2023,08315KRSI,"Breisgau-Hochschwarzwald, Landkreis",second_generation_german,mit Migrationshintergrund | ohne eigene Migrationserfahrung | Deutsche,ledig,19
2023,08315KRSI,"Breisgau-Hochschwarzwald, Landkreis",second_generation_german,mit Migrationshintergrund | ohne eigene Migrationserfahrung | Deutsche,verheiratet,/
2023,08315KRSI,"Breisgau-Hochschwarzwald, Landkreis",second_generation_german,mit Migrationshintergrund | ohne eigene Migrationserfahrung | Deutsche,verwitwet,/
2023,08316KRSI,"Emmendingen, Landkreis",by_marital_status,Insgesamt,Insgesamt,166
2023,08316KRSI,"Emmendingen, Landkreis",by_marital_status,Insgesamt,geschieden,10
2023,08316KRSI,"Emmendingen, Landkreis",by_marital_status,Insgesamt,ledig,70
2023,08316KRSI,"Emmendingen, Landkreis",by_marital_status,Insgesamt,verheiratet,78
2023,08316KRSI,"Emmendingen, Landkreis",by_marital_status,Insgesamt,verwitwet,9
2023,08316KRSI,"Emmendingen, Landkreis",by_marital_status,mit Migrationshintergrund,Insgesamt,52
2023,08316KRSI,"Emmendingen, Landkreis",by_marital_status,mit Migrationshintergrund,geschieden,/
2023,08316KRSI,"Emmendingen, Landkreis",by_marital_status,mit Migrationshintergrund,ledig,27
2023,08316KRSI,"Emmendingen, Landkreis",by_marital_status,mit Migrationshintergrund,verheiratet,21
2023,08316KRSI,"Emmendingen, Landkreis",by_marital_status,mit Migrationshintergrund,verwitwet,/
2023,08316KRSI,"Emmendingen, Landkreis",second_generation_german,mit Migrationshintergrund | ohne eigene Migrationserfahrung | Deutsche,Insgesamt,14
2023,08316KRSI,"Emmendingen, Landkreis",second_generation_german,mit Migrationshintergrund | ohne eigene Migrationserfahrung | Deutsche,geschieden,/
2023,08316KRSI,"Emmendingen, Landkreis",second_generation_german,mit Migrationshintergrund | ohne eigene Migrationserfahrung | Deutsche,ledig,12
2023,08316KRSI,"Emmendingen, Landkreis",second_generation_german,mit Migrationshintergrund | ohne eigene Migrationserfahrung | Deutsche,verheiratet,/
2023,08316KRSI,"Emmendingen, Landkreis",second_generation_german,mit Migrationshintergrund | ohne eigene Migrationserfahrung | Deutsche,verwitwet,/
2023,08317KRSI,"Ortenaukreis, Landkreis",by_marital_status,Insgesamt,Insgesamt,442
2023,08317KRSI,"Ortenaukreis, Landkreis",by_marital_status,Insgesamt,geschieden,28
2023,08317KRSI,"Ortenaukreis, Landkreis",by_marital_status,Insgesamt,ledig,186
2023,08317KRSI,"Ortenaukreis, Landkreis",by_marital_status,Insgesamt,verheiratet,202
2023,08317KRSI,"Ortenaukreis, Landkreis",by_marital_status,Insgesamt,verwitwet,26
2023,08317KRSI,"Ortenaukreis, Landkreis",by_marital_status,mit Migrationshintergrund,Insgesamt,138
2023,08317KRSI,"Ortenaukreis, Landkreis",by_marital_status,mit Migrationshintergrund,geschieden,7
2023,08317KRSI,"Ortenaukreis, Landkreis",by_marital_status,mit Migrationshintergrund,ledig,65
2023,08317KRSI,"Ortenaukreis, Landkreis",by_marital_status,mit Migrationshintergrund,verheiratet,61
2023,08317KRSI,"Ortenaukreis, Landkreis",by_marital_status,mit Migrationshintergrund,verwitwet,/
2023,08317KRSI,"Ortenaukreis, Landkreis",second_generation_german,mit Migrationshintergrund | ohne eigene Migrationserfahrung | Deutsche,Insgesamt,41
2023,08317KRSI,"Ortenaukreis, Landkreis",second_generation_german,mit Migrationshintergrund | ohne eigene Migrationserfahrung | Deutsche,geschieden,/
2023,08317KRSI,"Ortenaukreis, Landkreis",second_generation_german,mit Migrationshintergrund | ohne eigene Migrationserfahrung | Deutsche,ledig,34
2023,08317KRSI,"Ortenaukreis, Landkreis",second_generation_german,mit Migrationshintergrund | ohne eigene Migrationserfahrung | Deutsche,verheiratet,/
2023,08317KRSI,"Ortenaukreis, Landkreis",second_generation_german,mit Migrationshintergrund | ohne eigene Migrationserfahrung | Deutsche,verwitwet,/
2023,08325KRSI,"Rottweil, Landkreis",by_marital_status,Insgesamt,Insgesamt,141
2023,08325KRSI,"Rottweil, Landkreis",by_marital_status,Insgesamt,geschieden,10
2023,08325KRSI,"Rottweil, Landkreis",by_marital_status,Insgesamt,ledig,58
2023,08325KRSI,"Rottweil, Landkreis",by_marital_status,Insgesamt,verheiratet,62
2023,08325KRSI,"Rottweil, Landkreis",by_marital_status,Insgesamt,verwitwet,10
2023,08325KRSI,"Rottweil, Landkreis",by_marital_status,mit Migrationshintergrund,Insgesamt,55
2023,08325KRSI,"Rottweil, Landkreis",by_marital_status,mit Migrationshintergrund,geschieden,/
2023,08325KRSI,"Rottweil, Landkreis",by_marital_status,mit Migrationshintergrund,ledig,29
2023,08325KRSI,"Rottweil, Landkreis",by_marital_status,mit Migrationshintergrund,verheiratet,21
2023,08325KRSI,"Rottweil, Landkreis",by_marital_status,mit Migrationshintergrund,verwitwet,/
2023,08325KRSI,"Rottweil, Landkreis",second_generation_german,mit Migrationshintergrund | ohne eigene Migrationserfahrung | Deutsche,Insgesamt,17
2023,08325KRSI,"Rottweil, Landkreis",second_generation_german,mit Migrationshintergrund | ohne eigene Migrationserfahrung | Deutsche,geschieden,/
2023,08325KRSI,"Rottweil, Landkreis",second_generation_german,mit Migrationshintergrund | ohne eigene Migrationserfahrung | Deutsche,ledig,15
2023,08325KRSI,"Rottweil, Landkreis",second_generation_german,mit Migrationshintergrund | ohne eigene Migrationserfahrung | Deutsche,verheiratet,/
2023,08325KRSI,"Rottweil, Landkreis",second_generation_german,mit Migrationshintergrund | ohne eigene Migrationserfahrung | Deutsche,verwitwet,/
2023,08326KRSI,"Schwarzwald-Baar-Kreis, Landkreis",by_marital_status,Insgesamt,Insgesamt,210
2023,08326KRSI,"Schwarzwald-Baar-Kreis, Landkreis",by_marital_status,Insgesamt,geschieden,13
2023,08326KRSI,"Schwarzwald-Baar-Kreis, Landkreis",by_marital_status,Insgesamt,ledig,89
2023,08326KRSI,"Schwarzwald-Baar-Kreis, Landkreis",by_marital_status,Insgesamt,verheiratet,96
2023,08326KRSI,"Schwarzwald-Baar-Kreis, Landkreis",by_marital_status,Insgesamt,verwitwet,13
2023,08326KRSI,"Schwarzwald-Baar-Kreis, Landkreis",by_marital_status,mit Migrationshintergrund,Insgesamt,77
2023,08326KRSI,"Schwarzwald-Baar-Kreis, Landkreis",by_marital_status,mit Migrationshintergrund,geschieden,/
2023,08326KRSI,"Schwarzwald-Baar-Kreis, Landkreis",by_marital_status,mit Migrationshintergrund,ledig,35
2023,08326KRSI,"Schwarzwald-Baar-Kreis, Landkreis",by_marital_status,mit Migrationshintergrund,verheiratet,35
2023,08326KRSI,"Schwarzwald-Baar-Kreis, Landkreis",by_marital_status,mit Migrationshintergrund,verwitwet,/
2023,08326KRSI,"Schwarzwald-Baar-Kreis, Landkreis",second_generation_german,mit Migrationshintergrund | ohne eigene Migrationserfahrung | Deutsche,Insgesamt,22
2023,08326KRSI,"Schwarzwald-Baar-Kreis, Landkreis",second_generation_german,mit Migrationshintergrund | ohne eigene Migrationserfahrung | Deutsche,geschieden,/
2023,08326KRSI,"Schwarzwald-Baar-Kreis, Landkreis",second_generation_german,mit Migrationshintergrund | ohne eigene Migrationserfahrung | Deutsche,ledig,18
2023,08326KRSI,"Schwarzwald-Baar-Kreis, Landkreis",second_generation_german,mit Migrationshintergrund | ohne eigene Migrationserfahrung | Deutsche,verheiratet,/
2023,08326KRSI,"Schwarzwald-Baar-Kreis, Landkreis",second_generation_german,mit Migrationshintergrund | ohne eigene Migrationserfahrung | Deutsche,verwitwet,/
2023,08327KRSI,"Tuttlingen, Landkreis",by_marital_status,Insgesamt,Insgesamt,145
2023,08327KRSI,"Tuttlingen, Landkreis",by_marital_status,Insgesamt,geschieden,10
2023,08327KRSI,"Tuttlingen, Landkreis",by_marital_status,Insgesamt,ledig,59
2023,08327KRSI,"Tuttlingen, Landkreis",by_marital_status,Insgesamt,verheiratet,68
2023,08327KRSI,"Tuttlingen, Landkreis",by_marital_status,Insgesamt,verwitwet,8
2023,08327KRSI,"Tuttlingen, Landkreis",by_marital_status,mit Migrationshintergrund,Insgesamt,65
2023,08327KRSI,"Tuttlingen, Landkreis",by_marital_status,mit Migrationshintergrund,geschieden,/
2023,08327KRSI,"Tuttlingen, Landkreis",by_marital_status,mit Migrationshintergrund,ledig,28
2023,08327KRSI,"Tuttlingen, Landkreis",by_marital_status,mit Migrationshintergrund,verheiratet,31
2023,08327KRSI,"Tuttlingen, Landkreis",by_marital_status,mit Migrationshintergrund,verwitwet,/
2023,08327KRSI,"Tuttlingen, Landkreis",second_generation_german,mit Migrationshintergrund | ohne eigene Migrationserfahrung | Deutsche,Insgesamt,17
2023,08327KRSI,"Tuttlingen, Landkreis",second_generation_german,mit Migrationshintergrund | ohne eigene Migrationserfahrung | Deutsche,geschieden,/
2023,08327KRSI,"Tuttlingen, Landkreis",second_generation_german,mit Migrationshintergrund | ohne eigene Migrationserfahrung | Deutsche,ledig,14
2023,08327KRSI,"Tuttlingen, Landkreis",second_generation_german,mit Migrationshintergrund | ohne eigene Migrationserfahrung | Deutsche,verheiratet,/
2023,08327KRSI,"Tuttlingen, Landkreis",second_generation_german,mit Migrationshintergrund | ohne eigene Migrationserfahrung | Deutsche,verwitwet,/
2023,08335KRSI,"Konstanz, Landkreis",by_marital_status,Insgesamt,Insgesamt,289
2023,08335KRSI,"Konstanz, Landkreis",by_marital_status,Insgesamt,geschieden,24
2023,08335KRSI,"Konstanz, Landkreis",by_marital_status,Insgesamt,ledig,125
2023,08335KRSI,"Konstanz, Landkreis",by_marital_status,Insgesamt,verheiratet,124
2023,08335KRSI,"Konstanz, Landkreis",by_marital_status,Insgesamt,verwitwet,16
2023,08335KRSI,"Konstanz, Landkreis",by_marital_status,mit Migrationshintergrund,Insgesamt,93
2023,08335KRSI,"Konstanz, Landkreis",by_marital_status,mit Migrationshintergrund,geschieden,/
2023,08335KRSI,"Konstanz, Landkreis",by_marital_status,mit Migrationshintergrund,ledig,43
2023,08335KRSI,"Konstanz, Landkreis",by_marital_status,mit Migrationshintergrund,verheiratet,41
2023,08335KRSI,"Konstanz, Landkreis",by_marital_status,mit Migrationshintergrund,verwitwet,/
2023,08335KRSI,"Konstanz, Landkreis",second_generation_german,mit Migrationshintergrund | ohne eigene Migrationserfahrung | Deutsche,Insgesamt,29
2023,08335KRSI,"Konstanz, Landkreis",second_generation_german,mit Migrationshintergrund | ohne eigene Migrationserfahrung | Deutsche,geschieden,/
2023,08335KRSI,"Konstanz, Landkreis",second_generation_german,mit Migrationshintergrund | ohne eigene Migrationserfahrung | Deutsche,ledig,23
2023,08335KRSI,"Konstanz, Landkreis",second_generation_german,mit Migrationshintergrund | ohne eigene Migrationserfahrung | Deutsche,verheiratet,/
2023,08335KRSI,"Konstanz, Landkreis",second_generation_german,mit Migrationshintergrund | ohne eigene Migrationserfahrung | Deutsche,verwitwet,/
2023,08336KRSI,"Lörrach, Landkreis",by_marital_status,Insgesamt,Insgesamt,236
2023,08336KRSI,"Lörrach, Landkreis",by_marital_status,Insgesamt,geschieden,17
2023,08336KRSI,"Lörrach, Landkreis",by_marital_status,Insgesamt,ledig,94
2023,08336KRSI,"Lörrach, Landkreis",by_marital_status,Insgesamt,verheiratet,113
2023,08336KRSI,"Lörrach, Landkreis",by_marital_status,Insgesamt,verwitwet,12
2023,08336KRSI,"Lörrach, Landkreis",by_marital_status,mit Migrationshintergrund,Insgesamt,91
2023,08336KRSI,"Lörrach, Landkreis",by_marital_status,mit Migrationshintergrund,geschieden,/
2023,08336KRSI,"Lörrach, Landkreis",by_marital_status,mit Migrationshintergrund,ledig,40
2023,08336KRSI,"Lörrach, Landkreis",by_marital_status,mit Migrationshintergrund,verheiratet,44
2023,08336KRSI,"Lörrach, Landkreis",by_marital_status,mit Migrationshintergrund,verwitwet,/
2023,08336KRSI,"Lörrach, Landkreis",second_generation_german,mit Migrationshintergrund | ohne eigene Migrationserfahrung | Deutsche,Insgesamt,26
2023,08336KRSI,"Lörrach, Landkreis",second_generation_german,mit Migrationshintergrund | ohne eigene Migrationserfahrung | Deutsche,geschieden,/
2023,08336KRSI,"Lörrach, Landkreis",second_generation_german,mit Migrationshintergrund | ohne eigene Migrationserfahrung | Deutsche,ledig,20
2023,08336KRSI,"Lörrach, Landkreis",second_generation_german,mit Migrationshintergrund | ohne eigene Migrationserfahrung | Deutsche,verheiratet,/
2023,08336KRSI,"Lörrach, Landkreis",second_generation_german,mit Migrationshintergrund | ohne eigene Migrationserfahrung | Deutsche,verwitwet,/
2023,08337KRSI,"Waldshut, Landkreis",by_marital_status,Insgesamt,Insgesamt,171
2023,08337KRSI,"Waldshut, Landkreis",by_marital_status,Insgesamt,geschieden,15
2023,08337KRSI,"Waldshut, Landkreis",by_marital_status,Insgesamt,ledig,68
2023,08337KRSI,"Waldshut, Landkreis",by_marital_status,Insgesamt,verheiratet,77
2023,08337KRSI,"Waldshut, Landkreis",by_marital_status,Insgesamt,verwitwet,10
2023,08337KRSI,"Waldshut, Landkreis",by_marital_status,mit Migrationshintergrund,Insgesamt,60
2023,08337KRSI,"Waldshut, Landkreis",by_marital_status,mit Migrationshintergrund,geschieden,/
2023,08337KRSI,"Waldshut, Landkreis",by_marital_status,mit Migrationshintergrund,ledig,28
2023,08337KRSI,"Waldshut, Landkreis",by_marital_status,mit Migrationshintergrund,verheiratet,25
2023,08337KRSI,"Waldshut, Landkreis",by_marital_status,mit Migrationshintergrund,verwitwet,/
2023,08337KRSI,"Waldshut, Landkreis",second_generation_german,mit Migrationshintergrund | ohne eigene Migrationserfahrung | Deutsche,Insgesamt,17
2023,08337KRSI,"Waldshut, Landkreis",second_generation_german,mit Migrationshintergrund | ohne eigene Migrationserfahrung | Deutsche,geschieden,/
2023,08337KRSI,"Waldshut, Landkreis",second_generation_german,mit Migrationshintergrund | ohne eigene Migrationserfahrung | Deutsche,ledig,13
2023,08337KRSI,"Waldshut, Landkreis",second_generation_german,mit Migrationshintergrund | ohne eigene Migrationserfahrung | Deutsche,verheiratet,/
2023,08337KRSI,"Waldshut, Landkreis",second_generation_german,mit Migrationshintergrund | ohne eigene Migrationserfahrung | Deutsche,verwitwet,/
2023,08415KRSI,"Reutlingen, Landkreis",by_marital_status,Insgesamt,Insgesamt,285
2023,08415KRSI,"Reutlingen, Landkreis",by_marital_status,Insgesamt,geschieden,19
2023,08415KRSI,"Reutlingen, Landkreis",by_marital_status,Insgesamt,ledig,121
2023,08415KRSI,"Reutlingen, Landkreis",by_marital_status,Insgesamt,verheiratet,131
2023,08415KRSI,"Reutlingen, Landkreis",by_marital_status,Insgesamt,verwitwet,14
2023,08415KRSI,"Reutlingen, Landkreis",by_marital_status,mit Migrationshintergrund,Insgesamt,100
2023,08415KRSI,"Reutlingen, Landkreis",by_marital_status,mit Migrationshintergrund,geschieden,/
2023,08415KRSI,"Reutlingen, Landkreis",by_marital_status,mit Migrationshintergrund,ledig,46
2023,08415KRSI,"Reutlingen, Landkreis",by_marital_status,mit Migrationshintergrund,verheiratet,45
2023,08415KRSI,"Reutlingen, Landkreis",by_marital_status,mit Migrationshintergrund,verwitwet,/
2023,08415KRSI,"Reutlingen, Landkreis",second_generation_german,mit Migrationshintergrund | ohne eigene Migrationserfahrung | Deutsche,Insgesamt,29
2023,08415KRSI,"Reutlingen, Landkreis",second_generation_german,mit Migrationshintergrund | ohne eigene Migrationserfahrung | Deutsche,geschieden,/
2023,08415KRSI,"Reutlingen, Landkreis",second_generation_german,mit Migrationshintergrund | ohne eigene Migrationserfahrung | Deutsche,ledig,23
2023,08415KRSI,"Reutlingen, Landkreis",second_generation_german,mit Migrationshintergrund | ohne eigene Migrationserfahrung | Deutsche,verheiratet,/
2023,08415KRSI,"Reutlingen, Landkreis",second_generation_german,mit Migrationshintergrund | ohne eigene Migrationserfahrung | Deutsche,verwitwet,/
2023,08416KRSI,"Tübingen, Landkreis",by_marital_status,Insgesamt,Insgesamt,232
2023,08416KRSI,"Tübingen, Landkreis",by_marital_status,Insgesamt,geschieden,12
2023,08416KRSI,"Tübingen, Landkreis",by_marital_status,Insgesamt,ledig,106
2023,08416KRSI,"Tübingen, Landkreis",by_marital_status,Insgesamt,verheiratet,102
2023,08416KRSI,"Tübingen, Landkreis",by_marital_status,Insgesamt,verwitwet,11
2023,08416KRSI,"Tübingen, Landkreis",by_marital_status,mit Migrationshintergrund,Insgesamt,68
2023,08416KRSI,"Tübingen, Landkreis",by_marital_status,mit Migrationshintergrund,geschieden,/
2023,08416KRSI,"Tübingen, Landkreis",by_marital_status,mit Migrationshintergrund,ledig,34
2023,08416KRSI,"Tübingen, Landkreis",by_marital_status,mit Migrationshintergrund,verheiratet,29
2023,08416KRSI,"Tübingen, Landkreis",by_marital_status,mit Migrationshintergrund,verwitwet,/
2023,08416KRSI,"Tübingen, Landkreis",second_generation_german,mit Migrationshintergrund | ohne eigene Migrationserfahrung | Deutsche,Insgesamt,22
2023,08416KRSI,"Tübingen, Landkreis",second_generation_german,mit Migrationshintergrund | ohne eigene Migrationserfahrung | Deutsche,geschieden,/
2023,08416KRSI,"Tübingen, Landkreis",second_generation_german,mit Migrationshintergrund | ohne eigene Migrationserfahrung | Deutsche,ledig,18
2023,08416KRSI,"Tübingen, Landkreis",second_generation_german,mit Migrationshintergrund | ohne eigene Migrationserfahrung | Deutsche,verheiratet,/
2023,08416KRSI,"Tübingen, Landkreis",second_generation_german,mit Migrationshintergrund | ohne eigene Migrationserfahrung | Deutsche,verwitwet,/
2023,08417KRSI,"Zollernalbkreis, Landkreis",by_marital_status,Insgesamt,Insgesamt,193
2023,08417KRSI,"Zollernalbkreis, Landkreis",by_marital_status,Insgesamt,geschieden,14
2023,08417KRSI,"Zollernalbkreis, Landkreis",by_marital_status,Insgesamt,ledig,77
2023,08417KRSI,"Zollernalbkreis, Landkreis",by_marital_status,Insgesamt,verheiratet,91
2023,08417KRSI,"Zollernalbkreis, Landkreis",by_marital_status,Insgesamt,verwitwet,12
2023,08417KRSI,"Zollernalbkreis, Landkreis",by_marital_status,mit Migrationshintergrund,Insgesamt,69
2023,08417KRSI,"Zollernalbkreis, Landkreis",by_marital_status,mit Migrationshintergrund,geschieden,/
2023,08417KRSI,"Zollernalbkreis, Landkreis",by_marital_status,mit Migrationshintergrund,ledig,31
2023,08417KRSI,"Zollernalbkreis, Landkreis",by_marital_status,mit Migrationshintergrund,verheiratet,31
2023,08417KRSI,"Zollernalbkreis, Landkreis",by_marital_status,mit Migrationshintergrund,verwitwet,/
2023,08417KRSI,"Zollernalbkreis, Landkreis",second_generation_german,mit Migrationshintergrund | ohne eigene Migrationserfahrung | Deutsche,Insgesamt,23
2023,08417KRSI,"Zollernalbkreis, Landkreis",second_generation_german,mit Migrationshintergrund | ohne eigene Migrationserfahrung | Deutsche,geschieden,/
2023,08417KRSI,"Zollernalbkreis, Landkreis",second_generation_german,mit Migrationshintergrund | ohne eigene Migrationserfahrung | Deutsche,ledig,19
2023,08417KRSI,"Zollernalbkreis, Landkreis",second_generation_german,mit Migrationshintergrund | ohne eigene Migrationserfahrung | Deutsche,verheiratet,/
2023,08417KRSI,"Zollernalbkreis, Landkreis",second_generation_german,mit Migrationshintergrund | ohne eigene Migrationserfahrung | Deutsche,verwitwet,/
2023,08421KRSI,"Ulm, Stadtkreis",by_marital_status,Insgesamt,Insgesamt,130
2023,08421KRSI,"Ulm, Stadtkreis",by_marital_status,Insgesamt,geschieden,8
2023,08421KRSI,"Ulm, Stadtkreis",by_marital_status,Insgesamt,ledig,60
2023,08421KRSI,"Ulm, Stadtkreis",by_marital_status,Insgesamt,verheiratet,55
2023,08421KRSI,"Ulm, Stadtkreis",by_marital_status,Insgesamt,verwitwet,7
2023,08421KRSI,"Ulm, Stadtkreis",by_marital_status,mit Migrationshintergrund,Insgesamt,56
2023,08421KRSI,"Ulm, Stadtkreis",by_marital_status,mit Migrationshintergrund,geschieden,/
2023,08421KRSI,"Ulm, Stadtkreis",by_marital_status,mit Migrationshintergrund,ledig,26
2023,08421KRSI,"Ulm, Stadtkreis",by_marital_status,mit Migrationshintergrund,verheiratet,25
2023,08421KRSI,"Ulm, Stadtkreis",by_marital_status,mit Migrationshintergrund,verwitwet,/
2023,08421KRSI,"Ulm, Stadtkreis",second_generation_german,mit Migrationshintergrund | ohne eigene Migrationserfahrung | Deutsche,Insgesamt,15
2023,08421KRSI,"Ulm, Stadtkreis",second_generation_german,mit Migrationshintergrund | ohne eigene Migrationserfahrung | Deutsche,geschieden,/
2023,08421KRSI,"Ulm, Stadtkreis",second_generation_german,mit Migrationshintergrund | ohne eigene Migrationserfahrung | Deutsche,ledig,12
2023,08421KRSI,"Ulm, Stadtkreis",second_generation_german,mit Migrationshintergrund | ohne eigene Migrationserfahrung | Deutsche,verheiratet,/
2023,08421KRSI,"Ulm, Stadtkreis",second_generation_german,mit Migrationshintergrund | ohne eigene Migrationserfahrung | Deutsche,verwitwet,/
2023,08425KRSI,"Alb-Donau-Kreis, Landkreis",by_marital_status,Insgesamt,Insgesamt,198
2023,08425KRSI,"Alb-Donau-Kreis, Landkreis",by_marital_status,Insgesamt,geschieden,11
2023,08425KRSI,"Alb-Donau-Kreis, Landkreis",by_marital_status,Insgesamt,ledig,82
2023,08425KRSI,"Alb-Donau-Kreis, Landkreis",by_marital_status,Insgesamt,verheiratet,94
2023,08425KRSI,"Alb-Donau-Kreis, Landkreis",by_marital_status,Insgesamt,verwitwet,10
2023,08425KRSI,"Alb-Donau-Kreis, Landkreis",by_marital_status,mit Migrationshintergrund,Insgesamt,57
2023,08425KRSI,"Alb-Donau-Kreis, Landkreis",by_marital_status,mit Migrationshintergrund,geschieden,/
2023,08425KRSI,"Alb-Donau-Kreis, Landkreis",by_marital_status,mit Migrationshintergrund,ledig,27
2023,08425KRSI,"Alb-Donau-Kreis, Landkreis",by_marital_status,mit Migrationshintergrund,verheiratet,26
2023,08425KRSI,"Alb-Donau-Kreis, Landkreis",by_marital_status,mit Migrationshintergrund,verwitwet,/
2023,08425KRSI,"Alb-Donau-Kreis, Landkreis",second_generation_german,mit Migrationshintergrund | ohne eigene Migrationserfahrung | Deutsche,Insgesamt,16
2023,08425KRSI,"Alb-Donau-Kreis, Landkreis",second_generation_german,mit Migrationshintergrund | ohne eigene Migrationserfahrung | Deutsche,geschieden,/
2023,08425KRSI,"Alb-Donau-Kreis, Landkreis",second_generation_german,mit Migrationshintergrund | ohne eigene Migrationserfahrung | Deutsche,ledig,12
2023,08425KRSI,"Alb-Donau-Kreis, Landkreis",second_generation_german,mit Migrationshintergrund | ohne eigene Migrationserfahrung | Deutsche,verheiratet,/
2023,08425KRSI,"Alb-Donau-Kreis, Landkreis",second_generation_german,mit Migrationshintergrund | ohne eigene Migrationserfahrung | Deutsche,verwitwet,/
2023,08426KRSI,"Biberach, Landkreis",by_marital_status,Insgesamt,Insgesamt,206
2023,08426KRSI,"Biberach, Landkreis",by_marital_status,Insgesamt,geschieden,11
2023,08426KRSI,"Biberach, Landkreis",by_marital_status,Insgesamt,ledig,88
2023,08426KRSI,"Biberach, Landkreis",by_marital_status,Insgesamt,verheiratet,95
2023,08426KRSI,"Biberach, Landkreis",by_marital_status,Insgesamt,verwitwet,11
2023,08426KRSI,"Biberach, Landkreis",by_marital_status,mit Migrationshintergrund,Insgesamt,62
2023,08426KRSI,"Biberach, Landkreis",by_marital_status,mit Migrationshintergrund,geschieden,/
2023,08426KRSI,"Biberach, Landkreis",by_marital_status,mit Migrationshintergrund,ledig,28
2023,08426KRSI,"Biberach, Landkreis",by_marital_status,mit Migrationshintergrund,verheiratet,28
2023,08426KRSI,"Biberach, Landkreis",by_marital_status,mit Migrationshintergrund,verwitwet,/
2023,08426KRSI,"Biberach, Landkreis",second_generation_german,mit Migrationshintergrund | ohne eigene Migrationserfahrung | Deutsche,Insgesamt,18
2023,08426KRSI,"Biberach, Landkreis",second_generation_german,mit Migrationshintergrund | ohne eigene Migrationserfahrung | Deutsche,geschieden,/
2023,08426KRSI,"Biberach, Landkreis",second_generation_german,mit Migrationshintergrund | ohne eigene Migrationserfahrung | Deutsche,ledig,15
2023,08426KRSI,"Biberach, Landkreis",second_generation_german,mit Migrationshintergrund | ohne eigene Migrationserfahrung | Deutsche,verheiratet,/
2023,08426KRSI,"Biberach, Landkreis",second_generation_german,mit Migrationshintergrund | ohne eigene Migrationserfahrung | Deutsche,verwitwet,/
2023,08435KRSI,"Bodenseekreis, Landkreis",by_marital_status,Insgesamt,Insgesamt,219
2023,08435KRSI,"Bodenseekreis, Landkreis",by_marital_status,Insgesamt,geschieden,15
2023,08435KRSI,"Bodenseekreis, Landkreis",by_marital_status,Insgesamt,ledig,87
2023,08435KRSI,"Bodenseekreis, Landkreis",by_marital_status,Insgesamt,verheiratet,103
2023,08435KRSI,"Bodenseekreis, Landkreis",by_marital_status,Insgesamt,verwitwet,14
2023,08435KRSI,"Bodenseekreis, Landkreis",by_marital_status,mit Migrationshintergrund,Insgesamt,76
2023,08435KRSI,"Bodenseekreis, Landkreis",by_marital_status,mit Migrationshintergrund,geschieden,/
2023,08435KRSI,"Bodenseekreis, Landkreis",by_marital_status,mit Migrationshintergrund,ledig,33
2023,08435KRSI,"Bodenseekreis, Landkreis",by_marital_status,mit Migrationshintergrund,verheiratet,36
2023,08435KRSI,"Bodenseekreis, Landkreis",by_marital_status,mit Migrationshintergrund,verwitwet,/
2023,08435KRSI,"Bodenseekreis, Landkreis",second_generation_german,mit Migrationshintergrund | ohne eigene Migrationserfahrung | Deutsche,Insgesamt,22
2023,08435KRSI,"Bodenseekreis, Landkreis",second_generation_german,mit Migrationshintergrund | ohne eigene Migrationserfahrung | Deutsche,geschieden,/
2023,08435KRSI,"Bodenseekreis, Landkreis",second_generation_german,mit Migrationshintergrund | ohne eigene Migrationserfahrung | Deutsche,ledig,18
2023,08435KRSI,"Bodenseekreis, Landkreis",second_generation_german,mit Migrationshintergrund | ohne eigene Migrationserfahrung | Deutsche,verheiratet,/
2023,08435KRSI,"Bodenseekreis, Landkreis",second_generation_german,mit Migrationshintergrund | ohne eigene Migrationserfahrung | Deutsche,verwitwet,/
2023,08436KRSI,"Ravensburg, Landkreis",by_marital_status,Insgesamt,Insgesamt,286
2023,08436KRSI,"Ravensburg, Landkreis",by_marital_status,Insgesamt,geschieden,20
2023,08436KRSI,"Ravensburg, Landkreis",by_marital_status,Insgesamt,ledig,122
2023,08436KRSI,"Ravensburg, Landkreis",by_marital_status,Insgesamt,verheiratet,128
2023,08436KRSI,"Ravensburg, Landkreis",by_marital_status,Insgesamt,verwitwet,16
2023,08436KRSI,"Ravensburg, Landkreis",by_marital_status,mit Migrationshintergrund,Insgesamt,82
2023,08436KRSI,"Ravensburg, Landkreis",by_marital_status,mit Migrationshintergrund,geschieden,/
2023,08436KRSI,"Ravensburg, Landkreis",by_marital_status,mit Migrationshintergrund,ledig,37
2023,08436KRSI,"Ravensburg, Landkreis",by_marital_status,mit Migrationshintergrund,verheiratet,38
2023,08436KRSI,"Ravensburg, Landkreis",by_marital_status,mit Migrationshintergrund,verwitwet,/
2023,08436KRSI,"Ravensburg, Landkreis",second_generation_german,mit Migrationshintergrund | ohne eigene Migrationserfahrung | Deutsche,Insgesamt,20
2023,08436KRSI,"Ravensburg, Landkreis",second_generation_german,mit Migrationshintergrund | ohne eigene Migrationserfahrung | Deutsche,geschieden,/
2023,08436KRSI,"Ravensburg, Landkreis",second_generation_german,mit Migrationshintergrund | ohne eigene Migrationserfahrung | Deutsche,ledig,16
2023,08436KRSI,"Ravensburg, Landkreis",second_generation_german,mit Migrationshintergrund | ohne eigene Migrationserfahrung | Deutsche,verheiratet,/
2023,08436KRSI,"Ravensburg, Landkreis",second_generation_german,mit Migrationshintergrund | ohne eigene Migrationserfahrung | Deutsche,verwitwet,/
2023,08437KRSI,"Sigmaringen, Landkreis",by_marital_status,Insgesamt,Insgesamt,134
2023,08437KRSI,"Sigmaringen, Landkreis",by_marital_status,Insgesamt,geschieden,9
2023,08437KRSI,"Sigmaringen, Landkreis",by_marital_status,Insgesamt,ledig,62
2023,08437KRSI,"Sigmaringen, Landkreis",by_marital_status,Insgesamt,verheiratet,55
2023,08437KRSI,"Sigmaringen, Landkreis",by_marital_status,Insgesamt,verwitwet,8
2023,08437KRSI,"Sigmaringen, Landkreis",by_marital_status,mit Migrationshintergrund,Insgesamt,33
2023,08437KRSI,"Sigmaringen, Landkreis",by_marital_status,mit Migrationshintergrund,geschieden,/
2023,08437KRSI,"Sigmaringen, Landkreis",by_marital_status,mit Migrationshintergrund,ledig,16
2023,08437KRSI,"Sigmaringen, Landkreis",by_marital_status,mit Migrationshintergrund,verheiratet,14
2023,08437KRSI,"Sigmaringen, Landkreis",by_marital_status,mit Migrationshintergrund,verwitwet,/
2023,08437KRSI,"Sigmaringen, Landkreis",second_generation_german,mit Migrationshintergrund | ohne eigene Migrationserfahrung | Deutsche,Insgesamt,10
2023,08437KRSI,"Sigmaringen, Landkreis",second_generation_german,mit Migrationshintergrund | ohne eigene Migrationserfahrung | Deutsche,geschieden,/
2023,08437KRSI,"Sigmaringen, Landkreis",second_generation_german,mit Migrationshintergrund | ohne eigene Migrationserfahrung | Deutsche,ledig,8
2023,08437KRSI,"Sigmaringen, Landkreis",second_generation_german,mit Migrationshintergrund | ohne eigene Migrationserfahrung | Deutsche,verheiratet,/
2023,08437KRSI,"Sigmaringen, Landkreis",second_generation_german,mit Migrationshintergrund | ohne eigene Migrationserfahrung | Deutsche,verwitwet,/
2024,08111KRSI,"Stuttgart, Stadtkreis",by_marital_status,Insgesamt,Insgesamt,613
2024,08111KRSI,"Stuttgart, Stadtkreis",by_marital_status,Insgesamt,geschieden,42
2024,08111KRSI,"Stuttgart, Stadtkreis",by_marital_status,Insgesamt,ledig,309
2024,08111KRSI,"Stuttgart, Stadtkreis",by_marital_status,Insgesamt,verheiratet,232
2024,08111KRSI,"Stuttgart, Stadtkreis",by_marital_status,Insgesamt,verwitwet,30
2024,08111KRSI,"Stuttgart, Stadtkreis",by_marital_status,mit Migrationshintergrund,Insgesamt,305
2024,08111KRSI,"Stuttgart, Stadtkreis",by_marital_status,mit Migrationshintergrund,geschieden,22
2024,08111KRSI,"Stuttgart, Stadtkreis",by_marital_status,mit Migrationshintergrund,ledig,157
2024,08111KRSI,"Stuttgart, Stadtkreis",by_marital_status,mit Migrationshintergrund,verheiratet,116
2024,08111KRSI,"Stuttgart, Stadtkreis",by_marital_status,mit Migrationshintergrund,verwitwet,10
2024,08111KRSI,"Stuttgart, Stadtkreis",second_generation_german,mit Migrationshintergrund | ohne eigene Migrationserfahrung | Deutsche,Insgesamt,84
2024,08111KRSI,"Stuttgart, Stadtkreis",second_generation_german,mit Migrationshintergrund | ohne eigene Migrationserfahrung | Deutsche,geschieden,/
2024,08111KRSI,"Stuttgart, Stadtkreis",second_generation_german,mit Migrationshintergrund | ohne eigene Migrationserfahrung | Deutsche,ledig,69
2024,08111KRSI,"Stuttgart, Stadtkreis",second_generation_german,mit Migrationshintergrund | ohne eigene Migrationserfahrung | Deutsche,verheiratet,12
2024,08111KRSI,"Stuttgart, Stadtkreis",second_generation_german,mit Migrationshintergrund | ohne eigene Migrationserfahrung | Deutsche,verwitwet,/
2024,08115KRSI,"Böblingen, Landkreis",by_marital_status,Insgesamt,Insgesamt,396
2024,08115KRSI,"Böblingen, Landkreis",by_marital_status,Insgesamt,geschieden,26
2024,08115KRSI,"Böblingen, Landkreis",by_marital_status,Insgesamt,ledig,158
2024,08115KRSI,"Böblingen, Landkreis",by_marital_status,Insgesamt,verheiratet,189
2024,08115KRSI,"Böblingen, Landkreis",by_marital_status,Insgesamt,verwitwet,23
2024,08115KRSI,"Böblingen, Landkreis",by_marital_status,mit Migrationshintergrund,Insgesamt,175
2024,08115KRSI,"Böblingen, Landkreis",by_marital_status,mit Migrationshintergrund,geschieden,11
2024,08115KRSI,"Böblingen, Landkreis",by_marital_status,mit Migrationshintergrund,ledig,75
2024,08115KRSI,"Böblingen, Landkreis",by_marital_status,mit Migrationshintergrund,verheiratet,82
2024,08115KRSI,"Böblingen, Landkreis",by_marital_status,mit Migrationshintergrund,verwitwet,7
2024,08115KRSI,"Böblingen, Landkreis",second_generation_german,mit Migrationshintergrund | ohne eigene Migrationserfahrung | Deutsche,Insgesamt,58
2024,08115KRSI,"Böblingen, Landkreis",second_generation_german,mit Migrationshintergrund | ohne eigene Migrationserfahrung | Deutsche,geschieden,/
2024,08115KRSI,"Böblingen, Landkreis",second_generation_german,mit Migrationshintergrund | ohne eigene Migrationserfahrung | Deutsche,ledig,44
2024,08115KRSI,"Böblingen, Landkreis",second_generation_german,mit Migrationshintergrund | ohne eigene Migrationserfahrung | Deutsche,verheiratet,11
2024,08115KRSI,"Böblingen, Landkreis",second_generation_german,mit Migrationshintergrund | ohne eigene Migrationserfahrung | Deutsche,verwitwet,/
2024,08116KRSI,"Esslingen, Landkreis",by_marital_status,Insgesamt,Insgesamt,538
2024,08116KRSI,"Esslingen, Landkreis",by_marital_status,Insgesamt,geschieden,35
2024,08116KRSI,"Esslingen, Landkreis",by_marital_status,Insgesamt,ledig,214
2024,08116KRSI,"Esslingen, Landkreis",by_marital_status,Insgesamt,verheiratet,259
2024,08116KRSI,"Esslingen, Landkreis",by_marital_status,Insgesamt,verwitwet,29
2024,08116KRSI,"Esslingen, Landkreis",by_marital_status,mit Migrationshintergrund,Insgesamt,212
2024,08116KRSI,"Esslingen, Landkreis",by_marital_status,mit Migrationshintergrund,geschieden,14
2024,08116KRSI,"Esslingen, Landkreis",by_marital_status,mit Migrationshintergrund,ledig,92
2024,08116KRSI,"Esslingen, Landkreis",by_marital_status,mit Migrationshintergrund,verheiratet,97
2024,08116KRSI,"Esslingen, Landkreis",by_marital_status,mit Migrationshintergrund,verwitwet,9
2024,08116KRSI,"Esslingen, Landkreis",second_generation_german,mit Migrationshintergrund | ohne eigene Migrationserfahrung | Deutsche,Insgesamt,62
2024,08116KRSI,"Esslingen, Landkreis",second_generation_german,mit Migrationshintergrund | ohne eigene Migrationserfahrung | Deutsche,geschieden,/
2024,08116KRSI,"Esslingen, Landkreis",second_generation_german,mit Migrationshintergrund | ohne eigene Migrationserfahrung | Deutsche,ledig,44
2024,08116KRSI,"Esslingen, Landkreis",second_generation_german,mit Migrationshintergrund | ohne eigene Migrationserfahrung | Deutsche,verheiratet,15
2024,08116KRSI,"Esslingen, Landkreis",second_generation_german,mit Migrationshintergrund | ohne eigene Migrationserfahrung | Deutsche,verwitwet,/
2024,08117KRSI,"Göppingen, Landkreis",by_marital_status,Insgesamt,Insgesamt,257
2024,08117KRSI,"Göppingen, Landkreis",by_marital_status,Insgesamt,geschieden,16
2024,08117KRSI,"Göppingen, Landkreis",by_marital_status,Insgesamt,ledig,101
2024,08117KRSI,"Göppingen, Landkreis",by_marital_status,Insgesamt,verheiratet,123
2024,08117KRSI,"Göppingen, Landkreis",by_marital_status,Insgesamt,verwitwet,17
2024,08117KRSI,"Göppingen, Landkreis",by_marital_status,mit Migrationshintergrund,Insgesamt,104
2024,08117KRSI,"Göppingen, Landkreis",by_marital_status,mit Migrationshintergrund,geschieden,6
2024,08117KRSI,"Göppingen, Landkreis",by_marital_status,mit Migrationshintergrund,ledig,44
2024,08117KRSI,"Göppingen, Landkreis",by_marital_status,mit Migrationshintergrund,verheiratet,49
2024,08117KRSI,"Göppingen, Landkreis",by_marital_status,mit Migrationshintergrund,verwitwet,/
2024,08117KRSI,"Göppingen, Landkreis",second_generation_german,mit Migrationshintergrund | ohne eigene Migrationserfahrung | Deutsche,Insgesamt,33
2024,08117KRSI,"Göppingen, Landkreis",second_generation_german,mit Migrationshintergrund | ohne eigene Migrationserfahrung | Deutsche,geschieden,/
2024,08117KRSI,"Göppingen, Landkreis",second_generation_german,mit Migrationshintergrund | ohne eigene Migrationserfahrung | Deutsche,ledig,24
2024,08117KRSI,"Göppingen, Landkreis",second_generation_german,mit Migrationshintergrund | ohne eigene Migrationserfahrung | Deutsche,verheiratet,9
2024,08117KRSI,"Göppingen, Landkreis",second_generation_german,mit Migrationshintergrund | ohne eigene Migrationserfahrung | Deutsche,verwitwet,/
2024,08118KRSI,"Ludwigsburg, Landkreis",by_marital_status,Insgesamt,Insgesamt,533
2024,08118KRSI,"Ludwigsburg, Landkreis",by_marital_status,Insgesamt,geschieden,35
2024,08118KRSI,"Ludwigsburg, Landkreis",by_marital_status,Insgesamt,ledig,215
2024,08118KRSI,"Ludwigsburg, Landkreis",by_marital_status,Insgesamt,verheiratet,255
2024,08118KRSI,"Ludwigsburg, Landkreis",by_marital_status,Insgesamt,verwitwet,27
2024,08118KRSI,"Ludwigsburg, Landkreis",by_marital_status,mit Migrationshintergrund,Insgesamt,226
2024,08118KRSI,"Ludwigsburg, Landkreis",by_marital_status,mit Migrationshintergrund,geschieden,13
2024,08118KRSI,"Ludwigsburg, Landkreis",by_marital_status,mit Migrationshintergrund,ledig,101
2024,08118KRSI,"Ludwigsburg, Landkreis",by_marital_status,mit Migrationshintergrund,verheiratet,104
2024,08118KRSI,"Ludwigsburg, Landkreis",by_marital_status,mit Migrationshintergrund,verwitwet,8
2024,08118KRSI,"Ludwigsburg, Landkreis",second_generation_german,mit Migrationshintergrund | ohne eigene Migrationserfahrung | Deutsche,Insgesamt,80
2024,08118KRSI,"Ludwigsburg, Landkreis",second_generation_german,mit Migrationshintergrund | ohne eigene Migrationserfahrung | Deutsche,geschieden,/
2024,08118KRSI,"Ludwigsburg, Landkreis",second_generation_german,mit Migrationshintergrund | ohne eigene Migrationserfahrung | Deutsche,ledig,60
2024,08118KRSI,"Ludwigsburg, Landkreis",second_generation_german,mit Migrationshintergrund | ohne eigene Migrationserfahrung | Deutsche,verheiratet,18
2024,08118KRSI,"Ludwigsburg, Landkreis",second_generation_german,mit Migrationshintergrund | ohne eigene Migrationserfahrung | Deutsche,verwitwet,/
2024,08119KRSI,"Rems-Murr-Kreis, Landkreis",by_marital_status,Insgesamt,Insgesamt,443
2024,08119KRSI,"Rems-Murr-Kreis, Landkreis",by_marital_status,Insgesamt,geschieden,29
2024,08119KRSI,"Rems-Murr-Kreis, Landkreis",by_marital_status,Insgesamt,ledig,183
2024,08119KRSI,"Rems-Murr-Kreis, Landkreis",by_marital_status,Insgesamt,verheiratet,207
2024,08119KRSI,"Rems-Murr-Kreis, Landkreis",by_marital_status,Insgesamt,verwitwet,24
2024,08119KRSI,"Rems-Murr-Kreis, Landkreis",by_marital_status,mit Migrationshintergrund,Insgesamt,173
2024,08119KRSI,"Rems-Murr-Kreis, Landkreis",by_marital_status,mit Migrationshintergrund,geschieden,9
2024,08119KRSI,"Rems-Murr-Kreis, Landkreis",by_marital_status,mit Migrationshintergrund,ledig,82
2024,08119KRSI,"Rems-Murr-Kreis, Landkreis",by_marital_status,mit Migrationshintergrund,verheiratet,76
2024,08119KRSI,"Rems-Murr-Kreis, Landkreis",by_marital_status,mit Migrationshintergrund,verwitwet,/
2024,08119KRSI,"Rems-Murr-Kreis, Landkreis",second_generation_german,mit Migrationshintergrund | ohne eigene Migrationserfahrung | Deutsche,Insgesamt,63
2024,08119KRSI,"Rems-Murr-Kreis, Landkreis",second_generation_german,mit Migrationshintergrund | ohne eigene Migrationserfahrung | Deutsche,geschieden,/
2024,08119KRSI,"Rems-Murr-Kreis, Landkreis",second_generation_german,mit Migrationshintergrund | ohne eigene Migrationserfahrung | Deutsche,ledig,50
2024,08119KRSI,"Rems-Murr-Kreis, Landkreis",second_generation_german,mit Migrationshintergrund | ohne eigene Migrationserfahrung | Deutsche,verheiratet,12
2024,08119KRSI,"Rems-Murr-Kreis, Landkreis",second_generation_german,mit Migrationshintergrund | ohne eigene Migrationserfahrung | Deutsche,verwitwet,/
2024,08121KRSI,"Heilbronn, Stadtkreis",by_marital_status,Insgesamt,Insgesamt,129
2024,08121KRSI,"Heilbronn, Stadtkreis",by_marital_status,Insgesamt,geschieden,10
2024,08121KRSI,"Heilbronn, Stadtkreis",by_marital_status,Insgesamt,ledig,62
2024,08121KRSI,"Heilbronn, Stadtkreis",by_marital_status,Insgesamt,verheiratet,50
2024,08121KRSI,"Heilbronn, Stadtkreis",by_marital_status,Insgesamt,verwitwet,7
2024,08121KRSI,"Heilbronn, Stadtkreis",by_marital_status,mit Migrationshintergrund,Insgesamt,73
2024,08121KRSI,"Heilbronn, Stadtkreis",by_marital_status,mit Migrationshintergrund,geschieden,/
2024,08121KRSI,"Heilbronn, Stadtkreis",by_marital_status,mit Migrationshintergrund,ledig,37
2024,08121KRSI,"Heilbronn, Stadtkreis",by_marital_status,mit Migrationshintergrund,verheiratet,28
2024,08121KRSI,"Heilbronn, Stadtkreis",by_marital_status,mit Migrationshintergrund,verwitwet,/
2024,08121KRSI,"Heilbronn, Stadtkreis",second_generation_german,mit Migrationshintergrund | ohne eigene Migrationserfahrung | Deutsche,Insgesamt,21
2024,08121KRSI,"Heilbronn, Stadtkreis",second_generation_german,mit Migrationshintergrund | ohne eigene Migrationserfahrung | Deutsche,geschieden,/
2024,08121KRSI,"Heilbronn, Stadtkreis",second_generation_german,mit Migrationshintergrund | ohne eigene Migrationserfahrung | Deutsche,ledig,18
2024,08121KRSI,"Heilbronn, Stadtkreis",second_generation_german,mit Migrationshintergrund | ohne eigene Migrationserfahrung | Deutsche,verheiratet,/
2024,08121KRSI,"Heilbronn, Stadtkreis",second_generation_german,mit Migrationshintergrund | ohne eigene Migrationserfahrung | Deutsche,verwitwet,/
2024,08125KRSI,"Heilbronn, Landkreis",by_marital_status,Insgesamt,Insgesamt,352
2024,08125KRSI,"Heilbronn, Landkreis",by_marital_status,Insgesamt,geschieden,24
2024,08125KRSI,"Heilbronn, Landkreis",by_marital_status,Insgesamt,ledig,143
2024,08125KRSI,"Heilbronn, Landkreis",by_marital_status,Insgesamt,verheiratet,164
2024,08125KRSI,"Heilbronn, Landkreis",by_marital_status,Insgesamt,verwitwet,22
2024,08125KRSI,"Heilbronn, Landkreis",by_marital_status,mit Migrationshintergrund,Insgesamt,135
2024,08125KRSI,"Heilbronn, Landkreis",by_marital_status,mit Migrationshintergrund,geschieden,7
2024,08125KRSI,"Heilbronn, Landkreis",by_marital_status,mit Migrationshintergrund,ledig,59
2024,08125KRSI,"Heilbronn, Landkreis",by_marital_status,mit Migrationshintergrund,verheiratet,62
2024,08125KRSI,"Heilbronn, Landkreis",by_marital_status,mit Migrationshintergrund,verwitwet,/
2024,08125KRSI,"Heilbronn, Landkreis",second_generation_german,mit Migrationshintergrund | ohne eigene Migrationserfahrung | Deutsche,Insgesamt,43
2024,08125KRSI,"Heilbronn, Landkreis",second_generation_german,mit Migrationshintergrund | ohne eigene Migrationserfahrung | Deutsche,geschieden,/
2024,08125KRSI,"Heilbronn, Landkreis",second_generation_german,mit Migrationshintergrund | ohne eigene Migrationserfahrung | Deutsche,ledig,32
2024,08125KRSI,"Heilbronn, Landkreis",second_generation_german,mit Migrationshintergrund | ohne eigene Migrationserfahrung | Deutsche,verheiratet,9
2024,08125KRSI,"Heilbronn, Landkreis",second_generation_german,mit Migrationshintergrund | ohne eigene Migrationserfahrung | Deutsche,verwitwet,/
2024,08126KRSI,"Hohenlohekreis, Landkreis",by_marital_status,Insgesamt,Insgesamt,116
2024,08126KRSI,"Hohenlohekreis, Landkreis",by_marital_status,Insgesamt,geschieden,6
2024,08126KRSI,"Hohenlohekreis, Landkreis",by_marital_status,Insgesamt,ledig,48
2024,08126KRSI,"Hohenlohekreis, Landkreis",by_marital_status,Insgesamt,verheiratet,57
2024,08126KRSI,"Hohenlohekreis, Landkreis",by_marital_status,Insgesamt,verwitwet,5
2024,08126KRSI,"Hohenlohekreis, Landkreis",by_marital_status,mit Migrationshintergrund,Insgesamt,51
2024,08126KRSI,"Hohenlohekreis, Landkreis",by_marital_status,mit Migrationshintergrund,geschieden,/
2024,08126KRSI,"Hohenlohekreis, Landkreis",by_marital_status,mit Migrationshintergrund,ledig,23
2024,08126KRSI,"Hohenlohekreis, Landkreis",by_marital_status,mit Migrationshintergrund,verheiratet,24
2024,08126KRSI,"Hohenlohekreis, Landkreis",by_marital_status,mit Migrationshintergrund,verwitwet,/
2024,08126KRSI,"Hohenlohekreis, Landkreis",second_generation_german,mit Migrationshintergrund | ohne eigene Migrationserfahrung | Deutsche,Insgesamt,13
2024,08126KRSI,"Hohenlohekreis, Landkreis",second_generation_german,mit Migrationshintergrund | ohne eigene Migrationserfahrung | Deutsche,geschieden,/
2024,08126KRSI,"Hohenlohekreis, Landkreis",second_generation_german,mit Migrationshintergrund | ohne eigene Migrationserfahrung | Deutsche,ledig,11
2024,08126KRSI,"Hohenlohekreis, Landkreis",second_generation_german,mit Migrationshintergrund | ohne eigene Migrationserfahrung | Deutsche,verheiratet,/
2024,08126KRSI,"Hohenlohekreis, Landkreis",second_generation_german,mit Migrationshintergrund | ohne eigene Migrationserfahrung | Deutsche,verwitwet,/
2024,08127KRSI,"Schwäbisch Hall, Landkreis",by_marital_status,Insgesamt,Insgesamt,200
2024,08127KRSI,"Schwäbisch Hall, Landkreis",by_marital_status,Insgesamt,geschieden,13
2024,08127KRSI,"Schwäbisch Hall, Landkreis",by_marital_status,Insgesamt,ledig,90
2024,08127KRSI,"Schwäbisch Hall, Landkreis",by_marital_status,Insgesamt,verheiratet,87
2024,08127KRSI,"Schwäbisch Hall, Landkreis",by_marital_status,Insgesamt,verwitwet,10
2024,08127KRSI,"Schwäbisch Hall, Landkreis",by_marital_status,mit Migrationshintergrund,Insgesamt,68
2024,08127KRSI,"Schwäbisch Hall, Landkreis",by_marital_status,mit Migrationshintergrund,geschieden,/
2024,08127KRSI,"Schwäbisch Hall, Landkreis",by_marital_status,mit Migrationshintergrund,ledig,32
2024,08127KRSI,"Schwäbisch Hall, Landkreis",by_marital_status,mit Migrationshintergrund,verheiratet,31
2024,08127KRSI,"Schwäbisch Hall, Landkreis",by_marital_status,mit Migrationshintergrund,verwitwet,/
2024,08127KRSI,"Schwäbisch Hall, Landkreis",second_generation_german,mit Migrationshintergrund | ohne eigene Migrationserfahrung | Deutsche,Insgesamt,19
2024,08127KRSI,"Schwäbisch Hall, Landkreis",second_generation_german,mit Migrationshintergrund | ohne eigene Migrationserfahrung | Deutsche,geschieden,/
2024,08127KRSI,"Schwäbisch Hall, Landkreis",second_generation_german,mit Migrationshintergrund | ohne eigene Migrationserfahrung | Deutsche,ledig,14
2024,08127KRSI,"Schwäbisch Hall, Landkreis",second_generation_german,mit Migrationshintergrund | ohne eigene Migrationserfahrung | Deutsche,verheiratet,/
2024,08127KRSI,"Schwäbisch Hall, Landkreis",second_generation_german,mit Migrationshintergrund | ohne eigene Migrationserfahrung | Deutsche,verwitwet,/
2024,08128KRSI,"Main-Tauber-Kreis, Landkreis",by_marital_status,Insgesamt,Insgesamt,134
2024,08128KRSI,"Main-Tauber-Kreis, Landkreis",by_marital_status,Insgesamt,geschieden,8
2024,08128KRSI,"Main-Tauber-Kreis, Landkreis",by_marital_status,Insgesamt,ledig,56
2024,08128KRSI,"Main-Tauber-Kreis, Landkreis",by_marital_status,Insgesamt,verheiratet,62
2024,08128KRSI,"Main-Tauber-Kreis, Landkreis",by_marital_status,Insgesamt,verwitwet,8
2024,08128KRSI,"Main-Tauber-Kreis, Landkreis",by_marital_status,mit Migrationshintergrund,Insgesamt,43
2024,08128KRSI,"Main-Tauber-Kreis, Landkreis",by_marital_status,mit Migrationshintergrund,geschieden,/
2024,08128KRSI,"Main-Tauber-Kreis, Landkreis",by_marital_status,mit Migrationshintergrund,ledig,19
2024,08128KRSI,"Main-Tauber-Kreis, Landkreis",by_marital_status,mit Migrationshintergrund,verheiratet,20
2024,08128KRSI,"Main-Tauber-Kreis, Landkreis",by_marital_status,mit Migrationshintergrund,verwitwet,/
2024,08128KRSI,"Main-Tauber-Kreis, Landkreis",second_generation_german,mit Migrationshintergrund | ohne eigene Migrationserfahrung | Deutsche,Insgesamt,11
2024,08128KRSI,"Main-Tauber-Kreis, Landkreis",second_generation_german,mit Migrationshintergrund | ohne eigene Migrationserfahrung | Deutsche,geschieden,/
2024,08128KRSI,"Main-Tauber-Kreis, Landkreis",second_generation_german,mit Migrationshintergrund | ohne eigene Migrationserfahrung | Deutsche,ledig,8
2024,08128KRSI,"Main-Tauber-Kreis, Landkreis",second_generation_german,mit Migrationshintergrund | ohne eigene Migrationserfahrung | Deutsche,verheiratet,/
2024,08128KRSI,"Main-Tauber-Kreis, Landkreis",second_generation_german,mit Migrationshintergrund | ohne eigene Migrationserfahrung | Deutsche,verwitwet,/
2024,08135KRSI,"Heidenheim, Landkreis",by_marital_status,Insgesamt,Insgesamt,136
2024,08135KRSI,"Heidenheim, Landkreis",by_marital_status,Insgesamt,geschieden,10
2024,08135KRSI,"Heidenheim, Landkreis",by_marital_status,Insgesamt,ledig,55
2024,08135KRSI,"Heidenheim, Landkreis",by_marital_status,Insgesamt,verheiratet,63
2024,08135KRSI,"Heidenheim, Landkreis",by_marital_status,Insgesamt,verwitwet,7
2024,08135KRSI,"Heidenheim, Landkreis",by_marital_status,mit Migrationshintergrund,Insgesamt,47
2024,08135KRSI,"Heidenheim, Landkreis",by_marital_status,mit Migrationshintergrund,geschieden,/
2024,08135KRSI,"Heidenheim, Landkreis",by_marital_status,mit Migrationshintergrund,ledig,20
2024,08135KRSI,"Heidenheim, Landkreis",by_marital_status,mit Migrationshintergrund,verheiratet,21
2024,08135KRSI,"Heidenheim, Landkreis",by_marital_status,mit Migrationshintergrund,verwitwet,/
2024,08135KRSI,"Heidenheim, Landkreis",second_generation_german,mit Migrationshintergrund | ohne eigene Migrationserfahrung | Deutsche,Insgesamt,16
2024,08135KRSI,"Heidenheim, Landkreis",second_generation_german,mit Migrationshintergrund | ohne eigene Migrationserfahrung | Deutsche,geschieden,/
2024,08135KRSI,"Heidenheim, Landkreis",second_generation_german,mit Migrationshintergrund | ohne eigene Migrationserfahrung | Deutsche,ledig,11
2024,08135KRSI,"Heidenheim, Landkreis",second_generation_german,mit Migrationshintergrund | ohne eigene Migrationserfahrung | Deutsche,verheiratet,/
2024,08135KRSI,"Heidenheim, Landkreis",second_generation_german,mit Migrationshintergrund | ohne eigene Migrationserfahrung | Deutsche,verwitwet,/
2024,08136KRSI,"Ostalbkreis, Landkreis",by_marital_status,Insgesamt,Insgesamt,317
2024,08136KRSI,"Ostalbkreis, Landkreis",by_marital_status,Insgesamt,geschieden,17
2024,08136KRSI,"Ostalbkreis, Landkreis",by_marital_status,Insgesamt,ledig,129
2024,08136KRSI,"Ostalbkreis, Landkreis",by_marital_status,Insgesamt,verheiratet,152
2024,08136KRSI,"Ostalbkreis, Landkreis",by_marital_status,Insgesamt,verwitwet,20
2024,08136KRSI,"Ostalbkreis, Landkreis",by_marital_status,mit Migrationshintergrund,Insgesamt,107
2024,08136KRSI,"Ostalbkreis, Landkreis",by_marital_status,mit Migrationshintergrund,geschieden,/
2024,08136KRSI,"Ostalbkreis, Landkreis",by_marital_status,mit Migrationshintergrund,ledig,50
2024,08136KRSI,"Ostalbkreis, Landkreis",by_marital_status,mit Migrationshintergrund,verheiratet,46
2024,08136KRSI,"Ostalbkreis, Landkreis",by_marital_status,mit Migrationshintergrund,verwitwet,/
2024,08136KRSI,"Ostalbkreis, Landkreis",second_generation_german,mit Migrationshintergrund | ohne eigene Migrationserfahrung | Deutsche,Insgesamt,36
2024,08136KRSI,"Ostalbkreis, Landkreis",second_generation_german,mit Migrationshintergrund | ohne eigene Migrationserfahrung | Deutsche,geschieden,/
2024,08136KRSI,"Ostalbkreis, Landkreis",second_generation_german,mit Migrationshintergrund | ohne eigene Migrationserfahrung | Deutsche,ledig,29
2024,08136KRSI,"Ostalbkreis, Landkreis",second_generation_german,mit Migrationshintergrund | ohne eigene Migrationserfahrung | Deutsche,verheiratet,/
2024,08136KRSI,"Ostalbkreis, Landkreis",second_generation_german,mit Migrationshintergrund | ohne eigene Migrationserfahrung | Deutsche,verwitwet,/
2024,08212KRSI,"Karlsruhe, Stadtkreis",by_marital_status,Insgesamt,Insgesamt,308
2024,08212KRSI,"Karlsruhe, Stadtkreis",by_marital_status,Insgesamt,geschieden,23
2024,08212KRSI,"Karlsruhe, Stadtkreis",by_marital_status,Insgesamt,ledig,153
2024,08212KRSI,"Karlsruhe, Stadtkreis",by_marital_status,Insgesamt,verheiratet,116
2024,08212KRSI,"Karlsruhe, Stadtkreis",by_marital_status,Insgesamt,verwitwet,16
2024,08212KRSI,"Karlsruhe, Stadtkreis",by_marital_status,mit Migrationshintergrund,Insgesamt,117
2024,08212KRSI,"Karlsruhe, Stadtkreis",by_marital_status,mit Migrationshintergrund,geschieden,9
2024,08212KRSI,"Karlsruhe, Stadtkreis",by_marital_status,mit Migrationshintergrund,ledig,61
2024,08212KRSI,"Karlsruhe, Stadtkreis",by_marital_status,mit Migrationshintergrund,verheiratet,44
2024,08212KRSI,"Karlsruhe, Stadtkreis",by_marital_status,mit Migrationshintergrund,verwitwet,/
2024,08212KRSI,"Karlsruhe, Stadtkreis",second_generation_german,mit Migrationshintergrund | ohne eigene Migrationserfahrung | Deutsche,Insgesamt,35
2024,08212KRSI,"Karlsruhe, Stadtkreis",second_generation_german,mit Migrationshintergrund | ohne eigene Migrationserfahrung | Deutsche,geschieden,/
2024,08212KRSI,"Karlsruhe, Stadtkreis",second_generation_german,mit Migrationshintergrund | ohne eigene Migrationserfahrung | Deutsche,ledig,28
2024,08212KRSI,"Karlsruhe, Stadtkreis",second_generation_german,mit Migrationshintergrund | ohne eigene Migrationserfahrung | Deutsche,verheiratet,/
2024,08212KRSI,"Karlsruhe, Stadtkreis",second_generation_german,mit Migrationshintergrund | ohne eigene Migrationserfahrung | Deutsche,verwitwet,/
2024,08215KRSI,"Karlsruhe, Landkreis",by_marital_status,Insgesamt,Insgesamt,455
2024,08215KRSI,"Karlsruhe, Landkreis",by_marital_status,Insgesamt,geschieden,30
2024,08215KRSI,"Karlsruhe, Landkreis",by_marital_status,Insgesamt,ledig,181
2024,08215KRSI,"Karlsruhe, Landkreis",by_marital_status,Insgesamt,verheiratet,216
2024,08215KRSI,"Karlsruhe, Landkreis",by_marital_status,Insgesamt,verwitwet,28
2024,08215KRSI,"Karlsruhe, Landkreis",by_marital_status,mit Migrationshintergrund,Insgesamt,151
2024,08215KRSI,"Karlsruhe, Landkreis",by_marital_status,mit Migrationshintergrund,geschieden,10
2024,08215KRSI,"Karlsruhe, Landkreis",by_marital_status,mit Migrationshintergrund,ledig,67
2024,08215KRSI,"Karlsruhe, Landkreis",by_marital_status,mit Migrationshintergrund,verheiratet,69
2024,08215KRSI,"Karlsruhe, Landkreis",by_marital_status,mit Migrationshintergrund,verwitwet,/
2024,08215KRSI,"Karlsruhe, Landkreis",second_generation_german,mit Migrationshintergrund | ohne eigene Migrationserfahrung | Deutsche,Insgesamt,46
2024,08215KRSI,"Karlsruhe, Landkreis",second_generation_german,mit Migrationshintergrund | ohne eigene Migrationserfahrung | Deutsche,geschieden,/
2024,08215KRSI,"Karlsruhe, Landkreis",second_generation_german,mit Migrationshintergrund | ohne eigene Migrationserfahrung | Deutsche,ledig,34
2024,08215KRSI,"Karlsruhe, Landkreis",second_generation_german,mit Migrationshintergrund | ohne eigene Migrationserfahrung | Deutsche,verheiratet,10
2024,08215KRSI,"Karlsruhe, Landkreis",second_generation_german,mit Migrationshintergrund | ohne eigene Migrationserfahrung | Deutsche,verwitwet,/
2024,08217KRSI,Landkreis Rastatt und Stadtkreis Baden-Baden,by_marital_status,Insgesamt,Insgesamt,55
2024,08217KRSI,Landkreis Rastatt und Stadtkreis Baden-Baden,by_marital_status,Insgesamt,geschieden,19
2024,08217KRSI,Landkreis Rastatt und Stadtkreis Baden-Baden,by_marital_status,Insgesamt,ledig,115
2024,08217KRSI,Landkreis Rastatt und Stadtkreis Baden-Baden,by_marital_status,Insgesamt,verheiratet,129
2024,08217KRSI,Landkreis Rastatt und Stadtkreis Baden-Baden,by_marital_status,Insgesamt,verwitwet,22
2024,08217KRSI,Landkreis Rastatt und Stadtkreis Baden-Baden,by_marital_status,mit Migrationshintergrund,Insgesamt,115
2024,08217KRSI,Landkreis Rastatt und Stadtkreis Baden-Baden,by_marital_status,mit Migrationshintergrund,geschieden,/
2024,08217KRSI,Landkreis Rastatt und Stadtkreis Baden-Baden,by_marital_status,mit Migrationshintergrund,ledig,54
2024,08217KRSI,Landkreis Rastatt und Stadtkreis Baden-Baden,by_marital_status,mit Migrationshintergrund,verheiratet,48
2024,08217KRSI,Landkreis Rastatt und Stadtkreis Baden-Baden,by_marital_status,mit Migrationshintergrund,verwitwet,/
2024,08217KRSI,Landkreis Rastatt und Stadtkreis Baden-Baden,second_generation_german,mit Migrationshintergrund | ohne eigene Migrationserfahrung | Deutsche,Insgesamt,33
2024,08217KRSI,Landkreis Rastatt und Stadtkreis Baden-Baden,second_generation_german,mit Migrationshintergrund | ohne eigene Migrationserfahrung | Deutsche,geschieden,/
2024,08217KRSI,Landkreis Rastatt und Stadtkreis Baden-Baden,second_generation_german,mit Migrationshintergrund | ohne eigene Migrationserfahrung | Deutsche,ledig,26
2024,08217KRSI,Landkreis Rastatt und Stadtkreis Baden-Baden,second_generation_german,mit Migrationshintergrund | ohne eigene Migrationserfahrung | Deutsche,verheiratet,/
2024,08217KRSI,Landkreis Rastatt und Stadtkreis Baden-Baden,second_generation_german,mit Migrationshintergrund | ohne eigene Migrationserfahrung | Deutsche,verwitwet,/
2024,08221KRSI,"Heidelberg, Stadtkreis",by_marital_status,Insgesamt,Insgesamt,153
2024,08221KRSI,"Heidelberg, Stadtkreis",by_marital_status,Insgesamt,geschieden,11
2024,08221KRSI,"Heidelberg, Stadtkreis",by_marital_status,Insgesamt,ledig,87
2024,08221KRSI,"Heidelberg, Stadtkreis",by_marital_status,Insgesamt,verheiratet,50
2024,08221KRSI,"Heidelberg, Stadtkreis",by_marital_status,Insgesamt,verwitwet,6
2024,08221KRSI,"Heidelberg, Stadtkreis",by_marital_status,mit Migrationshintergrund,Insgesamt,72
2024,08221KRSI,"Heidelberg, Stadtkreis",by_marital_status,mit Migrationshintergrund,geschieden,/
2024,08221KRSI,"Heidelberg, Stadtkreis",by_marital_status,mit Migrationshintergrund,ledig,40
2024,08221KRSI,"Heidelberg, Stadtkreis",by_marital_status,mit Migrationshintergrund,verheiratet,23
2024,08221KRSI,"Heidelberg, Stadtkreis",by_marital_status,mit Migrationshintergrund,verwitwet,/
2024,08221KRSI,"Heidelberg, Stadtkreis",second_generation_german,mit Migrationshintergrund | ohne eigene Migrationserfahrung | Deutsche,Insgesamt,18
2024,08221KRSI,"Heidelberg, Stadtkreis",second_generation_german,mit Migrationshintergrund | ohne eigene Migrationserfahrung | Deutsche,geschieden,/
2024,08221KRSI,"Heidelberg, Stadtkreis",second_generation_german,mit Migrationshintergrund | ohne eigene Migrationserfahrung | Deutsche,ledig,15
2024,08221KRSI,"Heidelberg, Stadtkreis",second_generation_german,mit Migrationshintergrund | ohne eigene Migrationserfahrung | Deutsche,verheiratet,/
2024,08221KRSI,"Heidelberg, Stadtkreis",second_generation_german,mit Migrationshintergrund | ohne eigene Migrationserfahrung | Deutsche,verwitwet,/
2024,08222KRSI,"Mannheim, Stadtkreis",by_marital_status,Insgesamt,Insgesamt,318
2024,08222KRSI,"Mannheim, Stadtkreis",by_marital_status,Insgesamt,geschieden,21
2024,08222KRSI,"Mannheim, Stadtkreis",by_marital_status,Insgesamt,ledig,151
2024,08222KRSI,"Mannheim, Stadtkreis",by_marital_status,Insgesamt,verheiratet,129
2024,08222KRSI,"Mannheim, Stadtkreis",by_marital_status,Insgesamt,verwitwet,17
2024,08222KRSI,"Mannheim, Stadtkreis",by_marital_status,mit Migrationshintergrund,Insgesamt,154
2024,08222KRSI,"Mannheim, Stadtkreis",by_marital_status,mit Migrationshintergrund,geschieden,9
2024,08222KRSI,"Mannheim, Stadtkreis",by_marital_status,mit Migrationshintergrund,ledig,77
2024,08222KRSI,"Mannheim, Stadtkreis",by_marital_status,mit Migrationshintergrund,verheiratet,64
2024,08222KRSI,"Mannheim, Stadtkreis",by_marital_status,mit Migrationshintergrund,verwitwet,/
2024,08222KRSI,"Mannheim, Stadtkreis",second_generation_german,mit Migrationshintergrund | ohne eigene Migrationserfahrung | Deutsche,Insgesamt,46
2024,08222KRSI,"Mannheim, Stadtkreis",second_generation_german,mit Migrationshintergrund | ohne eigene Migrationserfahrung | Deutsche,geschieden,/
2024,08222KRSI,"Mannheim, Stadtkreis",second_generation_german,mit Migrationshintergrund | ohne eigene Migrationserfahrung | Deutsche,ledig,36
2024,08222KRSI,"Mannheim, Stadtkreis",second_generation_german,mit Migrationshintergrund | ohne eigene Migrationserfahrung | Deutsche,verheiratet,8
2024,08222KRSI,"Mannheim, Stadtkreis",second_generation_german,mit Migrationshintergrund | ohne eigene Migrationserfahrung | Deutsche,verwitwet,/
2024,08225KRSI,"Neckar-Odenwald-Kreis, Landkreis",by_marital_status,Insgesamt,Insgesamt,145
2024,08225KRSI,"Neckar-Odenwald-Kreis, Landkreis",by_marital_status,Insgesamt,geschieden,9
2024,08225KRSI,"Neckar-Odenwald-Kreis, Landkreis",by_marital_status,Insgesamt,ledig,55
2024,08225KRSI,"Neckar-Odenwald-Kreis, Landkreis",by_marital_status,Insgesamt,verheiratet,70
2024,08225KRSI,"Neckar-Odenwald-Kreis, Landkreis",by_marital_status,Insgesamt,verwitwet,10
2024,08225KRSI,"Neckar-Odenwald-Kreis, Landkreis",by_marital_status,mit Migrationshintergrund,Insgesamt,42
2024,08225KRSI,"Neckar-Odenwald-Kreis, Landkreis",by_marital_status,mit Migrationshintergrund,geschieden,/
2024,08225KRSI,"Neckar-Odenwald-Kreis, Landkreis",by_marital_status,mit Migrationshintergrund,ledig,17
2024,08225KRSI,"Neckar-Odenwald-Kreis, Landkreis",by_marital_status,mit Migrationshintergrund,verheiratet,21
2024,08225KRSI,"Neckar-Odenwald-Kreis, Landkreis",by_marital_status,mit Migrationshintergrund,verwitwet,/
2024,08225KRSI,"Neckar-Odenwald-Kreis, Landkreis",second_generation_german,mit Migrationshintergrund | ohne eigene Migrationserfahrung | Deutsche,Insgesamt,12
2024,08225KRSI,"Neckar-Odenwald-Kreis, Landkreis",second_generation_german,mit Migrationshintergrund | ohne eigene Migrationserfahrung | Deutsche,geschieden,/
2024,08225KRSI,"Neckar-Odenwald-Kreis, Landkreis",second_generation_german,mit Migrationshintergrund | ohne eigene Migrationserfahrung | Deutsche,ledig,9
2024,08225KRSI,"Neckar-Odenwald-Kreis, Landkreis",second_generation_german,mit Migrationshintergrund | ohne eigene Migrationserfahrung | Deutsche,verheiratet,/
2024,08225KRSI,"Neckar-Odenwald-Kreis, Landkreis",second_generation_german,mit Migrationshintergrund | ohne eigene Migrationserfahrung | Deutsche,verwitwet,/
2024,08226KRSI,"Rhein-Neckar-Kreis, Landkreis",by_marital_status,Insgesamt,Insgesamt,557
2024,08226KRSI,"Rhein-Neckar-Kreis, Landkreis",by_marital_status,Insgesamt,geschieden,37
2024,08226KRSI,"Rhein-Neckar-Kreis, Landkreis",by_marital_status,Insgesamt,ledig,225
2024,08226KRSI,"Rhein-Neckar-Kreis, Landkreis",by_marital_status,Insgesamt,verheiratet,261
2024,08226KRSI,"Rhein-Neckar-Kreis, Landkreis",by_marital_status,Insgesamt,verwitwet,34
2024,08226KRSI,"Rhein-Neckar-Kreis, Landkreis",by_marital_status,mit Migrationshintergrund,Insgesamt,198
2024,08226KRSI,"Rhein-Neckar-Kreis, Landkreis",by_marital_status,mit Migrationshintergrund,geschieden,11
2024,08226KRSI,"Rhein-Neckar-Kreis, Landkreis",by_marital_status,mit Migrationshintergrund,ledig,91
2024,08226KRSI,"Rhein-Neckar-Kreis, Landkreis",by_marital_status,mit Migrationshintergrund,verheiratet,89
2024,08226KRSI,"Rhein-Neckar-Kreis, Landkreis",by_marital_status,mit Migrationshintergrund,verwitwet,7
2024,08226KRSI,"Rhein-Neckar-Kreis, Landkreis",second_generation_german,mit Migrationshintergrund | ohne eigene Migrationserfahrung | Deutsche,Insgesamt,71
2024,08226KRSI,"Rhein-Neckar-Kreis, Landkreis",second_generation_german,mit Migrationshintergrund | ohne eigene Migrationserfahrung | Deutsche,geschieden,/
2024,08226KRSI,"Rhein-Neckar-Kreis, Landkreis",second_generation_german,mit Migrationshintergrund | ohne eigene Migrationserfahrung | Deutsche,ledig,55
2024,08226KRSI,"Rhein-Neckar-Kreis, Landkreis",second_generation_german,mit Migrationshintergrund | ohne eigene Migrationserfahrung | Deutsche,verheiratet,13
2024,08226KRSI,"Rhein-Neckar-Kreis, Landkreis",second_generation_german,mit Migrationshintergrund | ohne eigene Migrationserfahrung | Deutsche,verwitwet,/
2024,08231KRSI,"Pforzheim, Stadtkreis",by_marital_status,Insgesamt,Insgesamt,134
2024,08231KRSI,"Pforzheim, Stadtkreis",by_marital_status,Insgesamt,geschieden,9
2024,08231KRSI,"Pforzheim, Stadtkreis",by_marital_status,Insgesamt,ledig,57
2024,08231KRSI,"Pforzheim, Stadtkreis",by_marital_status,Insgesamt,verheiratet,57
2024,08231KRSI,"Pforzheim, Stadtkreis",by_marital_status,Insgesamt,verwitwet,10
2024,08231KRSI,"Pforzheim, Stadtkreis",by_marital_status,mit Migrationshintergrund,Insgesamt,80
2024,08231KRSI,"Pforzheim, Stadtkreis",by_marital_status,mit Migrationshintergrund,geschieden,/
2024,08231KRSI,"Pforzheim, Stadtkreis",by_marital_status,mit Migrationshintergrund,ledig,37
2024,08231KRSI,"Pforzheim, Stadtkreis",by_marital_status,mit Migrationshintergrund,verheiratet,34
2024,08231KRSI,"Pforzheim, Stadtkreis",by_marital_status,mit Migrationshintergrund,verwitwet,/
2024,08231KRSI,"Pforzheim, Stadtkreis",second_generation_german,mit Migrationshintergrund | ohne eigene Migrationserfahrung | Deutsche,Insgesamt,22
2024,08231KRSI,"Pforzheim, Stadtkreis",second_generation_german,mit Migrationshintergrund | ohne eigene Migrationserfahrung | Deutsche,geschieden,/
2024,08231KRSI,"Pforzheim, Stadtkreis",second_generation_german,mit Migrationshintergrund | ohne eigene Migrationserfahrung | Deutsche,ledig,19
2024,08231KRSI,"Pforzheim, Stadtkreis",second_generation_german,mit Migrationshintergrund | ohne eigene Migrationserfahrung | Deutsche,verheiratet,/
2024,08231KRSI,"Pforzheim, Stadtkreis",second_generation_german,mit Migrationshintergrund | ohne eigene Migrationserfahrung | Deutsche,verwitwet,/
2024,08235KRSI,"Calw, Landkreis",by_marital_status,Insgesamt,Insgesamt,157
2024,08235KRSI,"Calw, Landkreis",by_marital_status,Insgesamt,geschieden,11
2024,08235KRSI,"Calw, Landkreis",by_marital_status,Insgesamt,ledig,64
2024,08235KRSI,"Calw, Landkreis",by_marital_status,Insgesamt,verheiratet,72
2024,08235KRSI,"Calw, Landkreis",by_marital_status,Insgesamt,verwitwet,9
2024,08235KRSI,"Calw, Landkreis",by_marital_status,mit Migrationshintergrund,Insgesamt,61
2024,08235KRSI,"Calw, Landkreis",by_marital_status,mit Migrationshintergrund,geschieden,/
2024,08235KRSI,"Calw, Landkreis",by_marital_status,mit Migrationshintergrund,ledig,27
2024,08235KRSI,"Calw, Landkreis",by_marital_status,mit Migrationshintergrund,verheiratet,27
2024,08235KRSI,"Calw, Landkreis",by_marital_status,mit Migrationshintergrund,verwitwet,/
2024,08235KRSI,"Calw, Landkreis",second_generation_german,mit Migrationshintergrund | ohne eigene Migrationserfahrung | Deutsche,Insgesamt,19
2024,08235KRSI,"Calw, Landkreis",second_generation_german,mit Migrationshintergrund | ohne eigene Migrationserfahrung | Deutsche,geschieden,/
2024,08235KRSI,"Calw, Landkreis",second_generation_german,mit Migrationshintergrund | ohne eigene Migrationserfahrung | Deutsche,ledig,14
2024,08235KRSI,"Calw, Landkreis",second_generation_german,mit Migrationshintergrund | ohne eigene Migrationserfahrung | Deutsche,verheiratet,/
2024,08235KRSI,"Calw, Landkreis",second_generation_german,mit Migrationshintergrund | ohne eigene Migrationserfahrung | Deutsche,verwitwet,/
2024,08236KRSI,"Enzkreis, Landkreis",by_marital_status,Insgesamt,Insgesamt,201
2024,08236KRSI,"Enzkreis, Landkreis",by_marital_status,Insgesamt,geschieden,11
2024,08236KRSI,"Enzkreis, Landkreis",by_marital_status,Insgesamt,ledig,77
2024,08236KRSI,"Enzkreis, Landkreis",by_marital_status,Insgesamt,verheiratet,101
2024,08236KRSI,"Enzkreis, Landkreis",by_marital_status,Insgesamt,verwitwet,12
2024,08236KRSI,"Enzkreis, Landkreis",by_marital_status,mit Migrationshintergrund,Insgesamt,70
2024,08236KRSI,"Enzkreis, Landkreis",by_marital_status,mit Migrationshintergrund,geschieden,/
2024,08236KRSI,"Enzkreis, Landkreis",by_marital_status,mit Migrationshintergrund,ledig,32
2024,08236KRSI,"Enzkreis, Landkreis",by_marital_status,mit Migrationshintergrund,verheiratet,32
2024,08236KRSI,"Enzkreis, Landkreis",by_marital_status,mit Migrationshintergrund,verwitwet,/
2024,08236KRSI,"Enzkreis, Landkreis",second_generation_german,mit Migrationshintergrund | ohne eigene Migrationserfahrung | Deutsche,Insgesamt,25
2024,08236KRSI,"Enzkreis, Landkreis",second_generation_german,mit Migrationshintergrund | ohne eigene Migrationserfahrung | Deutsche,geschieden,/
2024,08236KRSI,"Enzkreis, Landkreis",second_generation_german,mit Migrationshintergrund | ohne eigene Migrationserfahrung | Deutsche,ledig,18
2024,08236KRSI,"Enzkreis, Landkreis",second_generation_german,mit Migrationshintergrund | ohne eigene Migrationserfahrung | Deutsche,verheiratet,5
2024,08236KRSI,"Enzkreis, Landkreis",second_generation_german,mit Migrationshintergrund | ohne eigene Migrationserfahrung | Deutsche,verwitwet,/
2024,08237KRSI,"Freudenstadt, Landkreis",by_marital_status,Insgesamt,Insgesamt,122
2024,08237KRSI,"Freudenstadt, Landkreis",by_marital_status,Insgesamt,geschieden,8
2024,08237KRSI,"Freudenstadt, Landkreis",by_marital_status,Insgesamt,ledig,53
2024,08237KRSI,"Freudenstadt, Landkreis",by_marital_status,Insgesamt,verheiratet,55
2024,08237KRSI,"Freudenstadt, Landkreis",by_marital_status,Insgesamt,verwitwet,6
2024,08237KRSI,"Freudenstadt, Landkreis",by_marital_status,mit Migrationshintergrund,Insgesamt,42
2024,08237KRSI,"Freudenstadt, Landkreis",by_marital_status,mit Migrationshintergrund,geschieden,/
2024,08237KRSI,"Freudenstadt, Landkreis",by_marital_status,mit Migrationshintergrund,ledig,20
2024,08237KRSI,"Freudenstadt, Landkreis",by_marital_status,mit Migrationshintergrund,verheiratet,18
2024,08237KRSI,"Freudenstadt, Landkreis",by_marital_status,mit Migrationshintergrund,verwitwet,/
2024,08237KRSI,"Freudenstadt, Landkreis",second_generation_german,mit Migrationshintergrund | ohne eigene Migrationserfahrung | Deutsche,Insgesamt,14
2024,08237KRSI,"Freudenstadt, Landkreis",second_generation_german,mit Migrationshintergrund | ohne eigene Migrationserfahrung | Deutsche,geschieden,/
2024,08237KRSI,"Freudenstadt, Landkreis",second_generation_german,mit Migrationshintergrund | ohne eigene Migrationserfahrung | Deutsche,ledig,11
2024,08237KRSI,"Freudenstadt, Landkreis",second_generation_german,mit Migrationshintergrund | ohne eigene Migrationserfahrung | Deutsche,verheiratet,/
2024,08237KRSI,"Freudenstadt, Landkreis",second_generation_german,mit Migrationshintergrund | ohne eigene Migrationserfahrung | Deutsche,verwitwet,/
2024,08311KRSI,"Freiburg im Breisgau, Stadtkreis",by_marital_status,Insgesamt,Insgesamt,237
2024,08311KRSI,"Freiburg im Breisgau, Stadtkreis",by_marital_status,Insgesamt,geschieden,14
2024,08311KRSI,"Freiburg im Breisgau, Stadtkreis",by_marital_status,Insgesamt,ledig,135
2024,08311KRSI,"Freiburg im Breisgau, Stadtkreis",by_marital_status,Insgesamt,verheiratet,78
2024,08311KRSI,"Freiburg im Breisgau, Stadtkreis",by_marital_status,Insgesamt,verwitwet,9
2024,08311KRSI,"Freiburg im Breisgau, Stadtkreis",by_marital_status,mit Migrationshintergrund,Insgesamt,91
2024,08311KRSI,"Freiburg im Breisgau, Stadtkreis",by_marital_status,mit Migrationshintergrund,geschieden,/
2024,08311KRSI,"Freiburg im Breisgau, Stadtkreis",by_marital_status,mit Migrationshintergrund,ledig,52
2024,08311KRSI,"Freiburg im Breisgau, Stadtkreis",by_marital_status,mit Migrationshintergrund,verheiratet,30
2024,08311KRSI,"Freiburg im Breisgau, Stadtkreis",by_marital_status,mit Migrationshintergrund,verwitwet,/
2024,08311KRSI,"Freiburg im Breisgau, Stadtkreis",second_generation_german,mit Migrationshintergrund | ohne eigene Migrationserfahrung | Deutsche,Insgesamt,28
2024,08311KRSI,"Freiburg im Breisgau, Stadtkreis",second_generation_german,mit Migrationshintergrund | ohne eigene Migrationserfahrung | Deutsche,geschieden,/
2024,08311KRSI,"Freiburg im Breisgau, Stadtkreis",second_generation_german,mit Migrationshintergrund | ohne eigene Migrationserfahrung | Deutsche,ledig,21
2024,08311KRSI,"Freiburg im Breisgau, Stadtkreis",second_generation_german,mit Migrationshintergrund | ohne eigene Migrationserfahrung | Deutsche,verheiratet,/
2024,08311KRSI,"Freiburg im Breisgau, Stadtkreis",second_generation_german,mit Migrationshintergrund | ohne eigene Migrationserfahrung | Deutsche,verwitwet,/
2024,08315KRSI,"Breisgau-Hochschwarzwald, Landkreis",by_marital_status,Insgesamt,Insgesamt,270
2024,08315KRSI,"Breisgau-Hochschwarzwald, Landkreis",by_marital_status,Insgesamt,geschieden,16
2024,08315KRSI,"Breisgau-Hochschwarzwald, Landkreis",by_marital_status,Insgesamt,ledig,112
2024,08315KRSI,"Breisgau-Hochschwarzwald, Landkreis",by_marital_status,Insgesamt,verheiratet,126
2024,08315KRSI,"Breisgau-Hochschwarzwald, Landkreis",by_marital_status,Insgesamt,verwitwet,16
2024,08315KRSI,"Breisgau-Hochschwarzwald, Landkreis",by_marital_status,mit Migrationshintergrund,Insgesamt,78
2024,08315KRSI,"Breisgau-Hochschwarzwald, Landkreis",by_marital_status,mit Migrationshintergrund,geschieden,/
2024,08315KRSI,"Breisgau-Hochschwarzwald, Landkreis",by_marital_status,mit Migrationshintergrund,ledig,38
2024,08315KRSI,"Breisgau-Hochschwarzwald, Landkreis",by_marital_status,mit Migrationshintergrund,verheiratet,33
2024,08315KRSI,"Breisgau-Hochschwarzwald, Landkreis",by_marital_status,mit Migrationshintergrund,verwitwet,/
2024,08315KRSI,"Breisgau-Hochschwarzwald, Landkreis",second_generation_german,mit Migrationshintergrund | ohne eigene Migrationserfahrung | Deutsche,Insgesamt,28
2024,08315KRSI,"Breisgau-Hochschwarzwald, Landkreis",second_generation_german,mit Migrationshintergrund | ohne eigene Migrationserfahrung | Deutsche,geschieden,/
2024,08315KRSI,"Breisgau-Hochschwarzwald, Landkreis",second_generation_german,mit Migrationshintergrund | ohne eigene Migrationserfahrung | Deutsche,ledig,22
2024,08315KRSI,"Breisgau-Hochschwarzwald, Landkreis",second_generation_german,mit Migrationshintergrund | ohne eigene Migrationserfahrung | Deutsche,verheiratet,/
2024,08315KRSI,"Breisgau-Hochschwarzwald, Landkreis",second_generation_german,mit Migrationshintergrund | ohne eigene Migrationserfahrung | Deutsche,verwitwet,/
2024,08316KRSI,"Emmendingen, Landkreis",by_marital_status,Insgesamt,Insgesamt,168
2024,08316KRSI,"Emmendingen, Landkreis",by_marital_status,Insgesamt,geschieden,10
2024,08316KRSI,"Emmendingen, Landkreis",by_marital_status,Insgesamt,ledig,70
2024,08316KRSI,"Emmendingen, Landkreis",by_marital_status,Insgesamt,verheiratet,80
2024,08316KRSI,"Emmendingen, Landkreis",by_marital_status,Insgesamt,verwitwet,8
2024,08316KRSI,"Emmendingen, Landkreis",by_marital_status,mit Migrationshintergrund,Insgesamt,50
2024,08316KRSI,"Emmendingen, Landkreis",by_marital_status,mit Migrationshintergrund,geschieden,/
2024,08316KRSI,"Emmendingen, Landkreis",by_marital_status,mit Migrationshintergrund,ledig,24
2024,08316KRSI,"Emmendingen, Landkreis",by_marital_status,mit Migrationshintergrund,verheiratet,22
2024,08316KRSI,"Emmendingen, Landkreis",by_marital_status,mit Migrationshintergrund,verwitwet,/
2024,08316KRSI,"Emmendingen, Landkreis",second_generation_german,mit Migrationshintergrund | ohne eigene Migrationserfahrung | Deutsche,Insgesamt,15
2024,08316KRSI,"Emmendingen, Landkreis",second_generation_german,mit Migrationshintergrund | ohne eigene Migrationserfahrung | Deutsche,geschieden,/
2024,08316KRSI,"Emmendingen, Landkreis",second_generation_german,mit Migrationshintergrund | ohne eigene Migrationserfahrung | Deutsche,ledig,12
2024,08316KRSI,"Emmendingen, Landkreis",second_generation_german,mit Migrationshintergrund | ohne eigene Migrationserfahrung | Deutsche,verheiratet,/
2024,08316KRSI,"Emmendingen, Landkreis",second_generation_german,mit Migrationshintergrund | ohne eigene Migrationserfahrung | Deutsche,verwitwet,/
2024,08317KRSI,"Ortenaukreis, Landkreis",by_marital_status,Insgesamt,Insgesamt,441
2024,08317KRSI,"Ortenaukreis, Landkreis",by_marital_status,Insgesamt,geschieden,25
2024,08317KRSI,"Ortenaukreis, Landkreis",by_marital_status,Insgesamt,ledig,184
2024,08317KRSI,"Ortenaukreis, Landkreis",by_marital_status,Insgesamt,verheiratet,206
2024,08317KRSI,"Ortenaukreis, Landkreis",by_marital_status,Insgesamt,verwitwet,26
2024,08317KRSI,"Ortenaukreis, Landkreis",by_marital_status,mit Migrationshintergrund,Insgesamt,147
2024,08317KRSI,"Ortenaukreis, Landkreis",by_marital_status,mit Migrationshintergrund,geschieden,8
2024,08317KRSI,"Ortenaukreis, Landkreis",by_marital_status,mit Migrationshintergrund,ledig,70
2024,08317KRSI,"Ortenaukreis, Landkreis",by_marital_status,mit Migrationshintergrund,verheiratet,63
2024,08317KRSI,"Ortenaukreis, Landkreis",by_marital_status,mit Migrationshintergrund,verwitwet,/
2024,08317KRSI,"Ortenaukreis, Landkreis",second_generation_german,mit Migrationshintergrund | ohne eigene Migrationserfahrung | Deutsche,Insgesamt,45
2024,08317KRSI,"Ortenaukreis, Landkreis",second_generation_german,mit Migrationshintergrund | ohne eigene Migrationserfahrung | Deutsche,geschieden,/
2024,08317KRSI,"Ortenaukreis, Landkreis",second_generation_german,mit Migrationshintergrund | ohne eigene Migrationserfahrung | Deutsche,ledig,36
2024,08317KRSI,"Ortenaukreis, Landkreis",second_generation_german,mit Migrationshintergrund | ohne eigene Migrationserfahrung | Deutsche,verheiratet,8
2024,08317KRSI,"Ortenaukreis, Landkreis",second_generation_german,mit Migrationshintergrund | ohne eigene Migrationserfahrung | Deutsche,verwitwet,/
2024,08325KRSI,"Rottweil, Landkreis",by_marital_status,Insgesamt,Insgesamt,140
2024,08325KRSI,"Rottweil, Landkreis",by_marital_status,Insgesamt,geschieden,11
2024,08325KRSI,"Rottweil, Landkreis",by_marital_status,Insgesamt,ledig,59
2024,08325KRSI,"Rottweil, Landkreis",by_marital_status,Insgesamt,verheiratet,60
2024,08325KRSI,"Rottweil, Landkreis",by_marital_status,Insgesamt,verwitwet,10
2024,08325KRSI,"Rottweil, Landkreis",by_marital_status,mit Migrationshintergrund,Insgesamt,48
2024,08325KRSI,"Rottweil, Landkreis",by_marital_status,mit Migrationshintergrund,geschieden,/
2024,08325KRSI,"Rottweil, Landkreis",by_marital_status,mit Migrationshintergrund,ledig,25
2024,08325KRSI,"Rottweil, Landkreis",by_marital_status,mit Migrationshintergrund,verheiratet,18
2024,08325KRSI,"Rottweil, Landkreis",by_marital_status,mit Migrationshintergrund,verwitwet,/
2024,08325KRSI,"Rottweil, Landkreis",second_generation_german,mit Migrationshintergrund | ohne eigene Migrationserfahrung | Deutsche,Insgesamt,14
2024,08325KRSI,"Rottweil, Landkreis",second_generation_german,mit Migrationshintergrund | ohne eigene Migrationserfahrung | Deutsche,geschieden,/
2024,08325KRSI,"Rottweil, Landkreis",second_generation_german,mit Migrationshintergrund | ohne eigene Migrationserfahrung | Deutsche,ledig,10
2024,08325KRSI,"Rottweil, Landkreis",second_generation_german,mit Migrationshintergrund | ohne eigene Migrationserfahrung | Deutsche,verheiratet,/
2024,08325KRSI,"Rottweil, Landkreis",second_generation_german,mit Migrationshintergrund | ohne eigene Migrationserfahrung | Deutsche,verwitwet,/
2024,08326KRSI,"Schwarzwald-Baar-Kreis, Landkreis",by_marital_status,Insgesamt,Insgesamt,214
2024,08326KRSI,"Schwarzwald-Baar-Kreis, Landkreis",by_marital_status,Insgesamt,geschieden,13
2024,08326KRSI,"Schwarzwald-Baar-Kreis, Landkreis",by_marital_status,Insgesamt,ledig,89
2024,08326KRSI,"Schwarzwald-Baar-Kreis, Landkreis",by_marital_status,Insgesamt,verheiratet,96
2024,08326KRSI,"Schwarzwald-Baar-Kreis, Landkreis",by_marital_status,Insgesamt,verwitwet,16
2024,08326KRSI,"Schwarzwald-Baar-Kreis, Landkreis",by_marital_status,mit Migrationshintergrund,Insgesamt,87
2024,08326KRSI,"Schwarzwald-Baar-Kreis, Landkreis",by_marital_status,mit Migrationshintergrund,geschieden,/
2024,08326KRSI,"Schwarzwald-Baar-Kreis, Landkreis",by_marital_status,mit Migrationshintergrund,ledig,42
2024,08326KRSI,"Schwarzwald-Baar-Kreis, Landkreis",by_marital_status,mit Migrationshintergrund,verheiratet,38
2024,08326KRSI,"Schwarzwald-Baar-Kreis, Landkreis",by_marital_status,mit Migrationshintergrund,verwitwet,/
2024,08326KRSI,"Schwarzwald-Baar-Kreis, Landkreis",second_generation_german,mit Migrationshintergrund | ohne eigene Migrationserfahrung | Deutsche,Insgesamt,23
2024,08326KRSI,"Schwarzwald-Baar-Kreis, Landkreis",second_generation_german,mit Migrationshintergrund | ohne eigene Migrationserfahrung | Deutsche,geschieden,/
2024,08326KRSI,"Schwarzwald-Baar-Kreis, Landkreis",second_generation_german,mit Migrationshintergrund | ohne eigene Migrationserfahrung | Deutsche,ledig,19
2024,08326KRSI,"Schwarzwald-Baar-Kreis, Landkreis",second_generation_german,mit Migrationshintergrund | ohne eigene Migrationserfahrung | Deutsche,verheiratet,/
2024,08326KRSI,"Schwarzwald-Baar-Kreis, Landkreis",second_generation_german,mit Migrationshintergrund | ohne eigene Migrationserfahrung | Deutsche,verwitwet,/
2024,08327KRSI,"Tuttlingen, Landkreis",by_marital_status,Insgesamt,Insgesamt,144
2024,08327KRSI,"Tuttlingen, Landkreis",by_marital_status,Insgesamt,geschieden,8
2024,08327KRSI,"Tuttlingen, Landkreis",by_marital_status,Insgesamt,ledig,61
2024,08327KRSI,"Tuttlingen, Landkreis",by_marital_status,Insgesamt,verheiratet,67
2024,08327KRSI,"Tuttlingen, Landkreis",by_marital_status,Insgesamt,verwitwet,8
2024,08327KRSI,"Tuttlingen, Landkreis",by_marital_status,mit Migrationshintergrund,Insgesamt,65
2024,08327KRSI,"Tuttlingen, Landkreis",by_marital_status,mit Migrationshintergrund,geschieden,/
2024,08327KRSI,"Tuttlingen, Landkreis",by_marital_status,mit Migrationshintergrund,ledig,30
2024,08327KRSI,"Tuttlingen, Landkreis",by_marital_status,mit Migrationshintergrund,verheiratet,29
2024,08327KRSI,"Tuttlingen, Landkreis",by_marital_status,mit Migrationshintergrund,verwitwet,/
2024,08327KRSI,"Tuttlingen, Landkreis",second_generation_german,mit Migrationshintergrund | ohne eigene Migrationserfahrung | Deutsche,Insgesamt,20
2024,08327KRSI,"Tuttlingen, Landkreis",second_generation_german,mit Migrationshintergrund | ohne eigene Migrationserfahrung | Deutsche,geschieden,/
2024,08327KRSI,"Tuttlingen, Landkreis",second_generation_german,mit Migrationshintergrund | ohne eigene Migrationserfahrung | Deutsche,ledig,15
2024,08327KRSI,"Tuttlingen, Landkreis",second_generation_german,mit Migrationshintergrund | ohne eigene Migrationserfahrung | Deutsche,verheiratet,/
2024,08327KRSI,"Tuttlingen, Landkreis",second_generation_german,mit Migrationshintergrund | ohne eigene Migrationserfahrung | Deutsche,verwitwet,/
2024,08335KRSI,"Konstanz, Landkreis",by_marital_status,Insgesamt,Insgesamt,290
2024,08335KRSI,"Konstanz, Landkreis",by_marital_status,Insgesamt,geschieden,20
2024,08335KRSI,"Konstanz, Landkreis",by_marital_status,Insgesamt,ledig,130
2024,08335KRSI,"Konstanz, Landkreis",by_marital_status,Insgesamt,verheiratet,122
2024,08335KRSI,"Konstanz, Landkreis",by_marital_status,Insgesamt,verwitwet,18
2024,08335KRSI,"Konstanz, Landkreis",by_marital_status,mit Migrationshintergrund,Insgesamt,108
2024,08335KRSI,"Konstanz, Landkreis",by_marital_status,mit Migrationshintergrund,geschieden,7
2024,08335KRSI,"Konstanz, Landkreis",by_marital_status,mit Migrationshintergrund,ledig,52
2024,08335KRSI,"Konstanz, Landkreis",by_marital_status,mit Migrationshintergrund,verheiratet,46
2024,08335KRSI,"Konstanz, Landkreis",by_marital_status,mit Migrationshintergrund,verwitwet,/
2024,08335KRSI,"Konstanz, Landkreis",second_generation_german,mit Migrationshintergrund | ohne eigene Migrationserfahrung | Deutsche,Insgesamt,31
2024,08335KRSI,"Konstanz, Landkreis",second_generation_german,mit Migrationshintergrund | ohne eigene Migrationserfahrung | Deutsche,geschieden,/
2024,08335KRSI,"Konstanz, Landkreis",second_generation_german,mit Migrationshintergrund | ohne eigene Migrationserfahrung | Deutsche,ledig,25
2024,08335KRSI,"Konstanz, Landkreis",second_generation_german,mit Migrationshintergrund | ohne eigene Migrationserfahrung | Deutsche,verheiratet,/
2024,08335KRSI,"Konstanz, Landkreis",second_generation_german,mit Migrationshintergrund | ohne eigene Migrationserfahrung | Deutsche,verwitwet,/
2024,08336KRSI,"Lörrach, Landkreis",by_marital_status,Insgesamt,Insgesamt,238
2024,08336KRSI,"Lörrach, Landkreis",by_marital_status,Insgesamt,geschieden,17
2024,08336KRSI,"Lörrach, Landkreis",by_marital_status,Insgesamt,ledig,98
2024,08336KRSI,"Lörrach, Landkreis",by_marital_status,Insgesamt,verheiratet,109
2024,08336KRSI,"Lörrach, Landkreis",by_marital_status,Insgesamt,verwitwet,14
2024,08336KRSI,"Lörrach, Landkreis",by_marital_status,mit Migrationshintergrund,Insgesamt,96
2024,08336KRSI,"Lörrach, Landkreis",by_marital_status,mit Migrationshintergrund,geschieden,/
2024,08336KRSI,"Lörrach, Landkreis",by_marital_status,mit Migrationshintergrund,ledig,43
2024,08336KRSI,"Lörrach, Landkreis",by_marital_status,mit Migrationshintergrund,verheiratet,44
2024,08336KRSI,"Lörrach, Landkreis",by_marital_status,mit Migrationshintergrund,verwitwet,/
2024,08336KRSI,"Lörrach, Landkreis",second_generation_german,mit Migrationshintergrund | ohne eigene Migrationserfahrung | Deutsche,Insgesamt,30
2024,08336KRSI,"Lörrach, Landkreis",second_generation_german,mit Migrationshintergrund | ohne eigene Migrationserfahrung | Deutsche,geschieden,/
2024,08336KRSI,"Lörrach, Landkreis",second_generation_german,mit Migrationshintergrund | ohne eigene Migrationserfahrung | Deutsche,ledig,23
2024,08336KRSI,"Lörrach, Landkreis",second_generation_german,mit Migrationshintergrund | ohne eigene Migrationserfahrung | Deutsche,verheiratet,6
2024,08336KRSI,"Lörrach, Landkreis",second_generation_german,mit Migrationshintergrund | ohne eigene Migrationserfahrung | Deutsche,verwitwet,/
2024,08337KRSI,"Waldshut, Landkreis",by_marital_status,Insgesamt,Insgesamt,171
2024,08337KRSI,"Waldshut, Landkreis",by_marital_status,Insgesamt,geschieden,12
2024,08337KRSI,"Waldshut, Landkreis",by_marital_status,Insgesamt,ledig,66
2024,08337KRSI,"Waldshut, Landkreis",by_marital_status,Insgesamt,verheiratet,83
2024,08337KRSI,"Waldshut, Landkreis",by_marital_status,Insgesamt,verwitwet,10
2024,08337KRSI,"Waldshut, Landkreis",by_marital_status,mit Migrationshintergrund,Insgesamt,58
2024,08337KRSI,"Waldshut, Landkreis",by_marital_status,mit Migrationshintergrund,geschieden,/
2024,08337KRSI,"Waldshut, Landkreis",by_marital_status,mit Migrationshintergrund,ledig,25
2024,08337KRSI,"Waldshut, Landkreis",by_marital_status,mit Migrationshintergrund,verheiratet,27
2024,08337KRSI,"Waldshut, Landkreis",by_marital_status,mit Migrationshintergrund,verwitwet,/
2024,08337KRSI,"Waldshut, Landkreis",second_generation_german,mit Migrationshintergrund | ohne eigene Migrationserfahrung | Deutsche,Insgesamt,18
2024,08337KRSI,"Waldshut, Landkreis",second_generation_german,mit Migrationshintergrund | ohne eigene Migrationserfahrung | Deutsche,geschieden,/
2024,08337KRSI,"Waldshut, Landkreis",second_generation_german,mit Migrationshintergrund | ohne eigene Migrationserfahrung | Deutsche,ledig,14
2024,08337KRSI,"Waldshut, Landkreis",second_generation_german,mit Migrationshintergrund | ohne eigene Migrationserfahrung | Deutsche,verheiratet,/
2024,08337KRSI,"Waldshut, Landkreis",second_generation_german,mit Migrationshintergrund | ohne eigene Migrationserfahrung | Deutsche,verwitwet,/
2024,08415KRSI,"Reutlingen, Landkreis",by_marital_status,Insgesamt,Insgesamt,286
2024,08415KRSI,"Reutlingen, Landkreis",by_marital_status,Insgesamt,geschieden,21
2024,08415KRSI,"Reutlingen, Landkreis",by_marital_status,Insgesamt,ledig,122
2024,08415KRSI,"Reutlingen, Landkreis",by_marital_status,Insgesamt,verheiratet,129
2024,08415KRSI,"Reutlingen, Landkreis",by_marital_status,Insgesamt,verwitwet,15
2024,08415KRSI,"Reutlingen, Landkreis",by_marital_status,mit Migrationshintergrund,Insgesamt,114
2024,08415KRSI,"Reutlingen, Landkreis",by_marital_status,mit Migrationshintergrund,geschieden,9
2024,08415KRSI,"Reutlingen, Landkreis",by_marital_status,mit Migrationshintergrund,ledig,55
2024,08415KRSI,"Reutlingen, Landkreis",by_marital_status,mit Migrationshintergrund,verheiratet,46
2024,08415KRSI,"Reutlingen, Landkreis",by_marital_status,mit Migrationshintergrund,verwitwet,/
2024,08415KRSI,"Reutlingen, Landkreis",second_generation_german,mit Migrationshintergrund | ohne eigene Migrationserfahrung | Deutsche,Insgesamt,36
2024,08415KRSI,"Reutlingen, Landkreis",second_generation_german,mit Migrationshintergrund | ohne eigene Migrationserfahrung | Deutsche,geschieden,/
2024,08415KRSI,"Reutlingen, Landkreis",second_generation_german,mit Migrationshintergrund | ohne eigene Migrationserfahrung | Deutsche,ledig,29
2024,08415KRSI,"Reutlingen, Landkreis",second_generation_german,mit Migrationshintergrund | ohne eigene Migrationserfahrung | Deutsche,verheiratet,/
2024,08415KRSI,"Reutlingen, Landkreis",second_generation_german,mit Migrationshintergrund | ohne eigene Migrationserfahrung | Deutsche,verwitwet,/
2024,08416KRSI,"Tübingen, Landkreis",by_marital_status,Insgesamt,Insgesamt,233
2024,08416KRSI,"Tübingen, Landkreis",by_marital_status,Insgesamt,geschieden,12
2024,08416KRSI,"Tübingen, Landkreis",by_marital_status,Insgesamt,ledig,112
2024,08416KRSI,"Tübingen, Landkreis",by_marital_status,Insgesamt,verheiratet,100
2024,08416KRSI,"Tübingen, Landkreis",by_marital_status,Insgesamt,verwitwet,9
2024,08416KRSI,"Tübingen, Landkreis",by_marital_status,mit Migrationshintergrund,Insgesamt,74
2024,08416KRSI,"Tübingen, Landkreis",by_marital_status,mit Migrationshintergrund,geschieden,/
2024,08416KRSI,"Tübingen, Landkreis",by_marital_status,mit Migrationshintergrund,ledig,37
2024,08416KRSI,"Tübingen, Landkreis",by_marital_status,mit Migrationshintergrund,verheiratet,31
2024,08416KRSI,"Tübingen, Landkreis",by_marital_status,mit Migrationshintergrund,verwitwet,/
2024,08416KRSI,"Tübingen, Landkreis",second_generation_german,mit Migrationshintergrund | ohne eigene Migrationserfahrung | Deutsche,Insgesamt,23
2024,08416KRSI,"Tübingen, Landkreis",second_generation_german,mit Migrationshintergrund | ohne eigene Migrationserfahrung | Deutsche,geschieden,/
2024,08416KRSI,"Tübingen, Landkreis",second_generation_german,mit Migrationshintergrund | ohne eigene Migrationserfahrung | Deutsche,ledig,19
2024,08416KRSI,"Tübingen, Landkreis",second_generation_german,mit Migrationshintergrund | ohne eigene Migrationserfahrung | Deutsche,verheiratet,/
2024,08416KRSI,"Tübingen, Landkreis",second_generation_german,mit Migrationshintergrund | ohne eigene Migrationserfahrung | Deutsche,verwitwet,/
2024,08417KRSI,"Zollernalbkreis, Landkreis",by_marital_status,Insgesamt,Insgesamt,195
2024,08417KRSI,"Zollernalbkreis, Landkreis",by_marital_status,Insgesamt,geschieden,15
2024,08417KRSI,"Zollernalbkreis, Landkreis",by_marital_status,Insgesamt,ledig,76
2024,08417KRSI,"Zollernalbkreis, Landkreis",by_marital_status,Insgesamt,verheiratet,91
2024,08417KRSI,"Zollernalbkreis, Landkreis",by_marital_status,Insgesamt,verwitwet,13
2024,08417KRSI,"Zollernalbkreis, Landkreis",by_marital_status,mit Migrationshintergrund,Insgesamt,73
2024,08417KRSI,"Zollernalbkreis, Landkreis",by_marital_status,mit Migrationshintergrund,geschieden,/
2024,08417KRSI,"Zollernalbkreis, Landkreis",by_marital_status,mit Migrationshintergrund,ledig,31
2024,08417KRSI,"Zollernalbkreis, Landkreis",by_marital_status,mit Migrationshintergrund,verheiratet,33
2024,08417KRSI,"Zollernalbkreis, Landkreis",by_marital_status,mit Migrationshintergrund,verwitwet,/
2024,08417KRSI,"Zollernalbkreis, Landkreis",second_generation_german,mit Migrationshintergrund | ohne eigene Migrationserfahrung | Deutsche,Insgesamt,25
2024,08417KRSI,"Zollernalbkreis, Landkreis",second_generation_german,mit Migrationshintergrund | ohne eigene Migrationserfahrung | Deutsche,geschieden,/
2024,08417KRSI,"Zollernalbkreis, Landkreis",second_generation_german,mit Migrationshintergrund | ohne eigene Migrationserfahrung | Deutsche,ledig,19
2024,08417KRSI,"Zollernalbkreis, Landkreis",second_generation_german,mit Migrationshintergrund | ohne eigene Migrationserfahrung | Deutsche,verheiratet,/
2024,08417KRSI,"Zollernalbkreis, Landkreis",second_generation_german,mit Migrationshintergrund | ohne eigene Migrationserfahrung | Deutsche,verwitwet,/
2024,08421KRSI,"Ulm, Stadtkreis",by_marital_status,Insgesamt,Insgesamt,130
2024,08421KRSI,"Ulm, Stadtkreis",by_marital_status,Insgesamt,geschieden,7
2024,08421KRSI,"Ulm, Stadtkreis",by_marital_status,Insgesamt,ledig,62
2024,08421KRSI,"Ulm, Stadtkreis",by_marital_status,Insgesamt,verheiratet,54
2024,08421KRSI,"Ulm, Stadtkreis",by_marital_status,Insgesamt,verwitwet,7
2024,08421KRSI,"Ulm, Stadtkreis",by_marital_status,mit Migrationshintergrund,Insgesamt,59
2024,08421KRSI,"Ulm, Stadtkreis",by_marital_status,mit Migrationshintergrund,geschieden,/
2024,08421KRSI,"Ulm, Stadtkreis",by_marital_status,mit Migrationshintergrund,ledig,28
2024,08421KRSI,"Ulm, Stadtkreis",by_marital_status,mit Migrationshintergrund,verheiratet,26
2024,08421KRSI,"Ulm, Stadtkreis",by_marital_status,mit Migrationshintergrund,verwitwet,/
2024,08421KRSI,"Ulm, Stadtkreis",second_generation_german,mit Migrationshintergrund | ohne eigene Migrationserfahrung | Deutsche,Insgesamt,17
2024,08421KRSI,"Ulm, Stadtkreis",second_generation_german,mit Migrationshintergrund | ohne eigene Migrationserfahrung | Deutsche,geschieden,/
2024,08421KRSI,"Ulm, Stadtkreis",second_generation_german,mit Migrationshintergrund | ohne eigene Migrationserfahrung | Deutsche,ledig,13
2024,08421KRSI,"Ulm, Stadtkreis",second_generation_german,mit Migrationshintergrund | ohne eigene Migrationserfahrung | Deutsche,verheiratet,/
2024,08421KRSI,"Ulm, Stadtkreis",second_generation_german,mit Migrationshintergrund | ohne eigene Migrationserfahrung | Deutsche,verwitwet,/
2024,08425KRSI,"Alb-Donau-Kreis, Landkreis",by_marital_status,Insgesamt,Insgesamt,202
2024,08425KRSI,"Alb-Donau-Kreis, Landkreis",by_marital_status,Insgesamt,geschieden,8
2024,08425KRSI,"Alb-Donau-Kreis, Landkreis",by_marital_status,Insgesamt,ledig,84
2024,08425KRSI,"Alb-Donau-Kreis, Landkreis",by_marital_status,Insgesamt,verheiratet,99
2024,08425KRSI,"Alb-Donau-Kreis, Landkreis",by_marital_status,Insgesamt,verwitwet,11
2024,08425KRSI,"Alb-Donau-Kreis, Landkreis",by_marital_status,mit Migrationshintergrund,Insgesamt,60
2024,08425KRSI,"Alb-Donau-Kreis, Landkreis",by_marital_status,mit Migrationshintergrund,geschieden,/
2024,08425KRSI,"Alb-Donau-Kreis, Landkreis",by_marital_status,mit Migrationshintergrund,ledig,28
2024,08425KRSI,"Alb-Donau-Kreis, Landkreis",by_marital_status,mit Migrationshintergrund,verheiratet,27
2024,08425KRSI,"Alb-Donau-Kreis, Landkreis",by_marital_status,mit Migrationshintergrund,verwitwet,/
2024,08425KRSI,"Alb-Donau-Kreis, Landkreis",second_generation_german,mit Migrationshintergrund | ohne eigene Migrationserfahrung | Deutsche,Insgesamt,18
2024,08425KRSI,"Alb-Donau-Kreis, Landkreis",second_generation_german,mit Migrationshintergrund | ohne eigene Migrationserfahrung | Deutsche,geschieden,/
2024,08425KRSI,"Alb-Donau-Kreis, Landkreis",second_generation_german,mit Migrationshintergrund | ohne eigene Migrationserfahrung | Deutsche,ledig,13
2024,08425KRSI,"Alb-Donau-Kreis, Landkreis",second_generation_german,mit Migrationshintergrund | ohne eigene Migrationserfahrung | Deutsche,verheiratet,/
2024,08425KRSI,"Alb-Donau-Kreis, Landkreis",second_generation_german,mit Migrationshintergrund | ohne eigene Migrationserfahrung | Deutsche,verwitwet,/
2024,08426KRSI,"Biberach, Landkreis",by_marital_status,Insgesamt,Insgesamt,206
2024,08426KRSI,"Biberach, Landkreis",by_marital_status,Insgesamt,geschieden,12
2024,08426KRSI,"Biberach, Landkreis",by_marital_status,Insgesamt,ledig,84
2024,08426KRSI,"Biberach, Landkreis",by_marital_status,Insgesamt,verheiratet,98
2024,08426KRSI,"Biberach, Landkreis",by_marital_status,Insgesamt,verwitwet,12
2024,08426KRSI,"Biberach, Landkreis",by_marital_status,mit Migrationshintergrund,Insgesamt,59
2024,08426KRSI,"Biberach, Landkreis",by_marital_status,mit Migrationshintergrund,geschieden,/
2024,08426KRSI,"Biberach, Landkreis",by_marital_status,mit Migrationshintergrund,ledig,25
2024,08426KRSI,"Biberach, Landkreis",by_marital_status,mit Migrationshintergrund,verheiratet,29
2024,08426KRSI,"Biberach, Landkreis",by_marital_status,mit Migrationshintergrund,verwitwet,/
2024,08426KRSI,"Biberach, Landkreis",second_generation_german,mit Migrationshintergrund | ohne eigene Migrationserfahrung | Deutsche,Insgesamt,16
2024,08426KRSI,"Biberach, Landkreis",second_generation_german,mit Migrationshintergrund | ohne eigene Migrationserfahrung | Deutsche,geschieden,/
2024,08426KRSI,"Biberach, Landkreis",second_generation_german,mit Migrationshintergrund | ohne eigene Migrationserfahrung | Deutsche,ledig,13
2024,08426KRSI,"Biberach, Landkreis",second_generation_german,mit Migrationshintergrund | ohne eigene Migrationserfahrung | Deutsche,verheiratet,/
2024,08426KRSI,"Biberach, Landkreis",second_generation_german,mit Migrationshintergrund | ohne eigene Migrationserfahrung | Deutsche,verwitwet,/
2024,08435KRSI,"Bodenseekreis, Landkreis",by_marital_status,Insgesamt,Insgesamt,222
2024,08435KRSI,"Bodenseekreis, Landkreis",by_marital_status,Insgesamt,geschieden,16
2024,08435KRSI,"Bodenseekreis, Landkreis",by_marital_status,Insgesamt,ledig,85
2024,08435KRSI,"Bodenseekreis, Landkreis",by_marital_status,Insgesamt,verheiratet,107
2024,08435KRSI,"Bodenseekreis, Landkreis",by_marital_status,Insgesamt,verwitwet,15
2024,08435KRSI,"Bodenseekreis, Landkreis",by_marital_status,mit Migrationshintergrund,Insgesamt,77
2024,08435KRSI,"Bodenseekreis, Landkreis",by_marital_status,mit Migrationshintergrund,geschieden,/
2024,08435KRSI,"Bodenseekreis, Landkreis",by_marital_status,mit Migrationshintergrund,ledig,34
2024,08435KRSI,"Bodenseekreis, Landkreis",by_marital_status,mit Migrationshintergrund,verheiratet,36
2024,08435KRSI,"Bodenseekreis, Landkreis",by_marital_status,mit Migrationshintergrund,verwitwet,/
2024,08435KRSI,"Bodenseekreis, Landkreis",second_generation_german,mit Migrationshintergrund | ohne eigene Migrationserfahrung | Deutsche,Insgesamt,22
2024,08435KRSI,"Bodenseekreis, Landkreis",second_generation_german,mit Migrationshintergrund | ohne eigene Migrationserfahrung | Deutsche,geschieden,/
2024,08435KRSI,"Bodenseekreis, Landkreis",second_generation_german,mit Migrationshintergrund | ohne eigene Migrationserfahrung | Deutsche,ledig,16
2024,08435KRSI,"Bodenseekreis, Landkreis",second_generation_german,mit Migrationshintergrund | ohne eigene Migrationserfahrung | Deutsche,verheiratet,/
2024,08435KRSI,"Bodenseekreis, Landkreis",second_generation_german,mit Migrationshintergrund | ohne eigene Migrationserfahrung | Deutsche,verwitwet,/
2024,08436KRSI,"Ravensburg, Landkreis",by_marital_status,Insgesamt,Insgesamt,289
2024,08436KRSI,"Ravensburg, Landkreis",by_marital_status,Insgesamt,geschieden,17
2024,08436KRSI,"Ravensburg, Landkreis",by_marital_status,Insgesamt,ledig,120
2024,08436KRSI,"Ravensburg, Landkreis",by_marital_status,Insgesamt,verheiratet,137
2024,08436KRSI,"Ravensburg, Landkreis",by_marital_status,Insgesamt,verwitwet,16
2024,08436KRSI,"Ravensburg, Landkreis",by_marital_status,mit Migrationshintergrund,Insgesamt,82
2024,08436KRSI,"Ravensburg, Landkreis",by_marital_status,mit Migrationshintergrund,geschieden,/
2024,08436KRSI,"Ravensburg, Landkreis",by_marital_status,mit Migrationshintergrund,ledig,37
2024,08436KRSI,"Ravensburg, Landkreis",by_marital_status,mit Migrationshintergrund,verheiratet,39
2024,08436KRSI,"Ravensburg, Landkreis",by_marital_status,mit Migrationshintergrund,verwitwet,/
2024,08436KRSI,"Ravensburg, Landkreis",second_generation_german,mit Migrationshintergrund | ohne eigene Migrationserfahrung | Deutsche,Insgesamt,22
2024,08436KRSI,"Ravensburg, Landkreis",second_generation_german,mit Migrationshintergrund | ohne eigene Migrationserfahrung | Deutsche,geschieden,/
2024,08436KRSI,"Ravensburg, Landkreis",second_generation_german,mit Migrationshintergrund | ohne eigene Migrationserfahrung | Deutsche,ledig,17
2024,08436KRSI,"Ravensburg, Landkreis",second_generation_german,mit Migrationshintergrund | ohne eigene Migrationserfahrung | Deutsche,verheiratet,/
2024,08436KRSI,"Ravensburg, Landkreis",second_generation_german,mit Migrationshintergrund | ohne eigene Migrationserfahrung | Deutsche,verwitwet,/
2024,08437KRSI,"Sigmaringen, Landkreis",by_marital_status,Insgesamt,Insgesamt,131
2024,08437KRSI,"Sigmaringen, Landkreis",by_marital_status,Insgesamt,geschieden,8
2024,08437KRSI,"Sigmaringen, Landkreis",by_marital_status,Insgesamt,ledig,56
2024,08437KRSI,"Sigmaringen, Landkreis",by_marital_status,Insgesamt,verheiratet,57
2024,08437KRSI,"Sigmaringen, Landkreis",by_marital_status,Insgesamt,verwitwet,8
2024,08437KRSI,"Sigmaringen, Landkreis",by_marital_status,mit Migrationshintergrund,Insgesamt,30
2024,08437KRSI,"Sigmaringen, Landkreis",by_marital_status,mit Migrationshintergrund,geschieden,/
2024,08437KRSI,"Sigmaringen, Landkreis",by_marital_status,mit Migrationshintergrund,ledig,13
2024,08437KRSI,"Sigmaringen, Landkreis",by_marital_status,mit Migrationshintergrund,verheiratet,13
2024,08437KRSI,"Sigmaringen, Landkreis",by_marital_status,mit Migrationshintergrund,verwitwet,/
2024,08437KRSI,"Sigmaringen, Landkreis",second_generation_german,mit Migrationshintergrund | ohne eigene Migrationserfahrung | Deutsche,Insgesamt,10
2024,08437KRSI,"Sigmaringen, Landkreis",second_generation_german,mit Migrationshintergrund | ohne eigene Migrationserfahrung | Deutsche,geschieden,/
2024,08437KRSI,"Sigmaringen, Landkreis",second_generation_german,mit Migrationshintergrund | ohne eigene Migrationserfahrung | Deutsche,ledig,7
2024,08437KRSI,"Sigmaringen, Landkreis",second_generation_german,mit Migrationshintergrund | ohne eigene Migrationserfahrung | Deutsche,verheiratet,/
2024,08437KRSI,"Sigmaringen, Landkreis",second_generation_german,mit Migrationshintergrund | ohne eigene Migrationserfahrung | Deutsche,verwitwet,/
2025,08111KRSI,"Stuttgart, Stadtkreis",by_marital_status,Insgesamt,Insgesamt,611
2025,08111KRSI,"Stuttgart, Stadtkreis",by_marital_status,Insgesamt,geschieden,42
2025,08111KRSI,"Stuttgart, Stadtkreis",by_marital_status,Insgesamt,ledig,301
2025,08111KRSI,"Stuttgart, Stadtkreis",by_marital_status,Insgesamt,verheiratet,239
2025,08111KRSI,"Stuttgart, Stadtkreis",by_marital_status,Insgesamt,verwitwet,29
2025,08111KRSI,"Stuttgart, Stadtkreis",by_marital_status,mit Migrationshintergrund,Insgesamt,304
2025,08111KRSI,"Stuttgart, Stadtkreis",by_marital_status,mit Migrationshintergrund,geschieden,22
2025,08111KRSI,"Stuttgart, Stadtkreis",by_marital_status,mit Migrationshintergrund,ledig,153
2025,08111KRSI,"Stuttgart, Stadtkreis",by_marital_status,mit Migrationshintergrund,verheiratet,119
2025,08111KRSI,"Stuttgart, Stadtkreis",by_marital_status,mit Migrationshintergrund,verwitwet,10
2025,08111KRSI,"Stuttgart, Stadtkreis",second_generation_german,mit Migrationshintergrund | ohne eigene Migrationserfahrung | Deutsche,Insgesamt,88
2025,08111KRSI,"Stuttgart, Stadtkreis",second_generation_german,mit Migrationshintergrund | ohne eigene Migrationserfahrung | Deutsche,geschieden,/
2025,08111KRSI,"Stuttgart, Stadtkreis",second_generation_german,mit Migrationshintergrund | ohne eigene Migrationserfahrung | Deutsche,ledig,69
2025,08111KRSI,"Stuttgart, Stadtkreis",second_generation_german,mit Migrationshintergrund | ohne eigene Migrationserfahrung | Deutsche,verheiratet,15
2025,08111KRSI,"Stuttgart, Stadtkreis",second_generation_german,mit Migrationshintergrund | ohne eigene Migrationserfahrung | Deutsche,verwitwet,/
2025,08115KRSI,"Böblingen, Landkreis",by_marital_status,Insgesamt,Insgesamt,397
2025,08115KRSI,"Böblingen, Landkreis",by_marital_status,Insgesamt,geschieden,23
2025,08115KRSI,"Böblingen, Landkreis",by_marital_status,Insgesamt,ledig,161
2025,08115KRSI,"Böblingen, Landkreis",by_marital_status,Insgesamt,verheiratet,189
2025,08115KRSI,"Böblingen, Landkreis",by_marital_status,Insgesamt,verwitwet,24
2025,08115KRSI,"Böblingen, Landkreis",by_marital_status,mit Migrationshintergrund,Insgesamt,178
2025,08115KRSI,"Böblingen, Landkreis",by_marital_status,mit Migrationshintergrund,geschieden,8
2025,08115KRSI,"Böblingen, Landkreis",by_marital_status,mit Migrationshintergrund,ledig,79
2025,08115KRSI,"Böblingen, Landkreis",by_marital_status,mit Migrationshintergrund,verheiratet,84
2025,08115KRSI,"Böblingen, Landkreis",by_marital_status,mit Migrationshintergrund,verwitwet,7
2025,08115KRSI,"Böblingen, Landkreis",second_generation_german,mit Migrationshintergrund | ohne eigene Migrationserfahrung | Deutsche,Insgesamt,60
2025,08115KRSI,"Böblingen, Landkreis",second_generation_german,mit Migrationshintergrund | ohne eigene Migrationserfahrung | Deutsche,geschieden,/
2025,08115KRSI,"Böblingen, Landkreis",second_generation_german,mit Migrationshintergrund | ohne eigene Migrationserfahrung | Deutsche,ledig,46
2025,08115KRSI,"Böblingen, Landkreis",second_generation_german,mit Migrationshintergrund | ohne eigene Migrationserfahrung | Deutsche,verheiratet,13
2025,08115KRSI,"Böblingen, Landkreis",second_generation_german,mit Migrationshintergrund | ohne eigene Migrationserfahrung | Deutsche,verwitwet,/
2025,08116KRSI,"Esslingen, Landkreis",by_marital_status,Insgesamt,Insgesamt,538
2025,08116KRSI,"Esslingen, Landkreis",by_marital_status,Insgesamt,geschieden,30
2025,08116KRSI,"Esslingen, Landkreis",by_marital_status,Insgesamt,ledig,222
2025,08116KRSI,"Esslingen, Landkreis",by_marital_status,Insgesamt,verheiratet,257
2025,08116KRSI,"Esslingen, Landkreis",by_marital_status,Insgesamt,verwitwet,29
2025,08116KRSI,"Esslingen, Landkreis",by_marital_status,mit Migrationshintergrund,Insgesamt,216
2025,08116KRSI,"Esslingen, Landkreis",by_marital_status,mit Migrationshintergrund,geschieden,10
2025,08116KRSI,"Esslingen, Landkreis",by_marital_status,mit Migrationshintergrund,ledig,99
2025,08116KRSI,"Esslingen, Landkreis",by_marital_status,mit Migrationshintergrund,verheiratet,99
2025,08116KRSI,"Esslingen, Landkreis",by_marital_status,mit Migrationshintergrund,verwitwet,7
2025,08116KRSI,"Esslingen, Landkreis",second_generation_german,mit Migrationshintergrund | ohne eigene Migrationserfahrung | Deutsche,Insgesamt,72
2025,08116KRSI,"Esslingen, Landkreis",second_generation_german,mit Migrationshintergrund | ohne eigene Migrationserfahrung | Deutsche,geschieden,/
2025,08116KRSI,"Esslingen, Landkreis",second_generation_german,mit Migrationshintergrund | ohne eigene Migrationserfahrung | Deutsche,ledig,50
2025,08116KRSI,"Esslingen, Landkreis",second_generation_german,mit Migrationshintergrund | ohne eigene Migrationserfahrung | Deutsche,verheiratet,19
2025,08116KRSI,"Esslingen, Landkreis",second_generation_german,mit Migrationshintergrund | ohne eigene Migrationserfahrung | Deutsche,verwitwet,/
2025,08117KRSI,"Göppingen, Landkreis",by_marital_status,Insgesamt,Insgesamt,258
2025,08117KRSI,"Göppingen, Landkreis",by_marital_status,Insgesamt,geschieden,18
2025,08117KRSI,"Göppingen, Landkreis",by_marital_status,Insgesamt,ledig,102
2025,08117KRSI,"Göppingen, Landkreis",by_marital_status,Insgesamt,verheiratet,119
2025,08117KRSI,"Göppingen, Landkreis",by_marital_status,Insgesamt,verwitwet,19
2025,08117KRSI,"Göppingen, Landkreis",by_marital_status,mit Migrationshintergrund,Insgesamt,109
2025,08117KRSI,"Göppingen, Landkreis",by_marital_status,mit Migrationshintergrund,geschieden,7
2025,08117KRSI,"Göppingen, Landkreis",by_marital_status,mit Migrationshintergrund,ledig,48
2025,08117KRSI,"Göppingen, Landkreis",by_marital_status,mit Migrationshintergrund,verheiratet,49
2025,08117KRSI,"Göppingen, Landkreis",by_marital_status,mit Migrationshintergrund,verwitwet,/
2025,08117KRSI,"Göppingen, Landkreis",second_generation_german,mit Migrationshintergrund | ohne eigene Migrationserfahrung | Deutsche,Insgesamt,33
2025,08117KRSI,"Göppingen, Landkreis",second_generation_german,mit Migrationshintergrund | ohne eigene Migrationserfahrung | Deutsche,geschieden,/
2025,08117KRSI,"Göppingen, Landkreis",second_generation_german,mit Migrationshintergrund | ohne eigene Migrationserfahrung | Deutsche,ledig,25
2025,08117KRSI,"Göppingen, Landkreis",second_generation_german,mit Migrationshintergrund | ohne eigene Migrationserfahrung | Deutsche,verheiratet,7
2025,08117KRSI,"Göppingen, Landkreis",second_generation_german,mit Migrationshintergrund | ohne eigene Migrationserfahrung | Deutsche,verwitwet,/
2025,08118KRSI,"Ludwigsburg, Landkreis",by_marital_status,Insgesamt,Insgesamt,534
2025,08118KRSI,"Ludwigsburg, Landkreis",by_marital_status,Insgesamt,geschieden,35
2025,08118KRSI,"Ludwigsburg, Landkreis",by_marital_status,Insgesamt,ledig,212
2025,08118KRSI,"Ludwigsburg, Landkreis",by_marital_status,Insgesamt,verheiratet,259
2025,08118KRSI,"Ludwigsburg, Landkreis",by_marital_status,Insgesamt,verwitwet,28
2025,08118KRSI,"Ludwigsburg, Landkreis",by_marital_status,mit Migrationshintergrund,Insgesamt,222
2025,08118KRSI,"Ludwigsburg, Landkreis",by_marital_status,mit Migrationshintergrund,geschieden,14
2025,08118KRSI,"Ludwigsburg, Landkreis",by_marital_status,mit Migrationshintergrund,ledig,95
2025,08118KRSI,"Ludwigsburg, Landkreis",by_marital_status,mit Migrationshintergrund,verheiratet,105
2025,08118KRSI,"Ludwigsburg, Landkreis",by_marital_status,mit Migrationshintergrund,verwitwet,7
2025,08118KRSI,"Ludwigsburg, Landkreis",second_generation_german,mit Migrationshintergrund | ohne eigene Migrationserfahrung | Deutsche,Insgesamt,81
2025,08118KRSI,"Ludwigsburg, Landkreis",second_generation_german,mit Migrationshintergrund | ohne eigene Migrationserfahrung | Deutsche,geschieden,/
2025,08118KRSI,"Ludwigsburg, Landkreis",second_generation_german,mit Migrationshintergrund | ohne eigene Migrationserfahrung | Deutsche,ledig,58
2025,08118KRSI,"Ludwigsburg, Landkreis",second_generation_german,mit Migrationshintergrund | ohne eigene Migrationserfahrung | Deutsche,verheiratet,20
2025,08118KRSI,"Ludwigsburg, Landkreis",second_generation_german,mit Migrationshintergrund | ohne eigene Migrationserfahrung | Deutsche,verwitwet,/
2025,08119KRSI,"Rems-Murr-Kreis, Landkreis",by_marital_status,Insgesamt,Insgesamt,444
2025,08119KRSI,"Rems-Murr-Kreis, Landkreis",by_marital_status,Insgesamt,geschieden,27
2025,08119KRSI,"Rems-Murr-Kreis, Landkreis",by_marital_status,Insgesamt,ledig,183
2025,08119KRSI,"Rems-Murr-Kreis, Landkreis",by_marital_status,Insgesamt,verheiratet,208
2025,08119KRSI,"Rems-Murr-Kreis, Landkreis",by_marital_status,Insgesamt,verwitwet,26
2025,08119KRSI,"Rems-Murr-Kreis, Landkreis",by_marital_status,mit Migrationshintergrund,Insgesamt,169
2025,08119KRSI,"Rems-Murr-Kreis, Landkreis",by_marital_status,mit Migrationshintergrund,geschieden,9
2025,08119KRSI,"Rems-Murr-Kreis, Landkreis",by_marital_status,mit Migrationshintergrund,ledig,75
2025,08119KRSI,"Rems-Murr-Kreis, Landkreis",by_marital_status,mit Migrationshintergrund,verheiratet,80
2025,08119KRSI,"Rems-Murr-Kreis, Landkreis",by_marital_status,mit Migrationshintergrund,verwitwet,/
2025,08119KRSI,"Rems-Murr-Kreis, Landkreis",second_generation_german,mit Migrationshintergrund | ohne eigene Migrationserfahrung | Deutsche,Insgesamt,56
2025,08119KRSI,"Rems-Murr-Kreis, Landkreis",second_generation_german,mit Migrationshintergrund | ohne eigene Migrationserfahrung | Deutsche,geschieden,/
2025,08119KRSI,"Rems-Murr-Kreis, Landkreis",second_generation_german,mit Migrationshintergrund | ohne eigene Migrationserfahrung | Deutsche,ledig,42
2025,08119KRSI,"Rems-Murr-Kreis, Landkreis",second_generation_german,mit Migrationshintergrund | ohne eigene Migrationserfahrung | Deutsche,verheiratet,12
2025,08119KRSI,"Rems-Murr-Kreis, Landkreis",second_generation_german,mit Migrationshintergrund | ohne eigene Migrationserfahrung | Deutsche,verwitwet,/
2025,08121KRSI,"Heilbronn, Stadtkreis",by_marital_status,Insgesamt,Insgesamt,130
2025,08121KRSI,"Heilbronn, Stadtkreis",by_marital_status,Insgesamt,geschieden,8
2025,08121KRSI,"Heilbronn, Stadtkreis",by_marital_status,Insgesamt,ledig,61
2025,08121KRSI,"Heilbronn, Stadtkreis",by_marital_status,Insgesamt,verheiratet,54
2025,08121KRSI,"Heilbronn, Stadtkreis",by_marital_status,Insgesamt,verwitwet,7
2025,08121KRSI,"Heilbronn, Stadtkreis",by_marital_status,mit Migrationshintergrund,Insgesamt,74
2025,08121KRSI,"Heilbronn, Stadtkreis",by_marital_status,mit Migrationshintergrund,geschieden,/
2025,08121KRSI,"Heilbronn, Stadtkreis",by_marital_status,mit Migrationshintergrund,ledig,37
2025,08121KRSI,"Heilbronn, Stadtkreis",by_marital_status,mit Migrationshintergrund,verheiratet,29
2025,08121KRSI,"Heilbronn, Stadtkreis",by_marital_status,mit Migrationshintergrund,verwitwet,/
2025,08121KRSI,"Heilbronn, Stadtkreis",second_generation_german,mit Migrationshintergrund | ohne eigene Migrationserfahrung | Deutsche,Insgesamt,23
2025,08121KRSI,"Heilbronn, Stadtkreis",second_generation_german,mit Migrationshintergrund | ohne eigene Migrationserfahrung | Deutsche,geschieden,/
2025,08121KRSI,"Heilbronn, Stadtkreis",second_generation_german,mit Migrationshintergrund | ohne eigene Migrationserfahrung | Deutsche,ledig,19
2025,08121KRSI,"Heilbronn, Stadtkreis",second_generation_german,mit Migrationshintergrund | ohne eigene Migrationserfahrung | Deutsche,verheiratet,/
2025,08121KRSI,"Heilbronn, Stadtkreis",second_generation_german,mit Migrationshintergrund | ohne eigene Migrationserfahrung | Deutsche,verwitwet,/
2025,08125KRSI,"Heilbronn, Landkreis",by_marital_status,Insgesamt,Insgesamt,349
2025,08125KRSI,"Heilbronn, Landkreis",by_marital_status,Insgesamt,geschieden,21
2025,08125KRSI,"Heilbronn, Landkreis",by_marital_status,Insgesamt,ledig,142
2025,08125KRSI,"Heilbronn, Landkreis",by_marital_status,Insgesamt,verheiratet,163
2025,08125KRSI,"Heilbronn, Landkreis",by_marital_status,Insgesamt,verwitwet,23
2025,08125KRSI,"Heilbronn, Landkreis",by_marital_status,mit Migrationshintergrund,Insgesamt,135
2025,08125KRSI,"Heilbronn, Landkreis",by_marital_status,mit Migrationshintergrund,geschieden,/
2025,08125KRSI,"Heilbronn, Landkreis",by_marital_status,mit Migrationshintergrund,ledig,62
2025,08125KRSI,"Heilbronn, Landkreis",by_marital_status,mit Migrationshintergrund,verheiratet,61
2025,08125KRSI,"Heilbronn, Landkreis",by_marital_status,mit Migrationshintergrund,verwitwet,/
2025,08125KRSI,"Heilbronn, Landkreis",second_generation_german,mit Migrationshintergrund | ohne eigene Migrationserfahrung | Deutsche,Insgesamt,37
2025,08125KRSI,"Heilbronn, Landkreis",second_generation_german,mit Migrationshintergrund | ohne eigene Migrationserfahrung | Deutsche,geschieden,/
2025,08125KRSI,"Heilbronn, Landkreis",second_generation_german,mit Migrationshintergrund | ohne eigene Migrationserfahrung | Deutsche,ledig,28
2025,08125KRSI,"Heilbronn, Landkreis",second_generation_german,mit Migrationshintergrund | ohne eigene Migrationserfahrung | Deutsche,verheiratet,8
2025,08125KRSI,"Heilbronn, Landkreis",second_generation_german,mit Migrationshintergrund | ohne eigene Migrationserfahrung | Deutsche,verwitwet,/
2025,08126KRSI,"Hohenlohekreis, Landkreis",by_marital_status,Insgesamt,Insgesamt,117
2025,08126KRSI,"Hohenlohekreis, Landkreis",by_marital_status,Insgesamt,geschieden,/
2025,08126KRSI,"Hohenlohekreis, Landkreis",by_marital_status,Insgesamt,ledig,49
2025,08126KRSI,"Hohenlohekreis, Landkreis",by_marital_status,Insgesamt,verheiratet,56
2025,08126KRSI,"Hohenlohekreis, Landkreis",by_marital_status,Insgesamt,verwitwet,/
2025,08126KRSI,"Hohenlohekreis, Landkreis",by_marital_status,mit Migrationshintergrund,Insgesamt,46
2025,08126KRSI,"Hohenlohekreis, Landkreis",by_marital_status,mit Migrationshintergrund,geschieden,/
2025,08126KRSI,"Hohenlohekreis, Landkreis",by_marital_status,mit Migrationshintergrund,ledig,22
2025,08126KRSI,"Hohenlohekreis, Landkreis",by_marital_status,mit Migrationshintergrund,verheiratet,20
2025,08126KRSI,"Hohenlohekreis, Landkreis",by_marital_status,mit Migrationshintergrund,verwitwet,/
2025,08126KRSI,"Hohenlohekreis, Landkreis",second_generation_german,mit Migrationshintergrund | ohne eigene Migrationserfahrung | Deutsche,Insgesamt,13
2025,08126KRSI,"Hohenlohekreis, Landkreis",second_generation_german,mit Migrationshintergrund | ohne eigene Migrationserfahrung | Deutsche,geschieden,/
2025,08126KRSI,"Hohenlohekreis, Landkreis",second_generation_german,mit Migrationshintergrund | ohne eigene Migrationserfahrung | Deutsche,ledig,10
2025,08126KRSI,"Hohenlohekreis, Landkreis",second_generation_german,mit Migrationshintergrund | ohne eigene Migrationserfahrung | Deutsche,verheiratet,/
2025,08126KRSI,"Hohenlohekreis, Landkreis",second_generation_german,mit Migrationshintergrund | ohne eigene Migrationserfahrung | Deutsche,verwitwet,/
2025,08127KRSI,"Schwäbisch Hall, Landkreis",by_marital_status,Insgesamt,Insgesamt,200
2025,08127KRSI,"Schwäbisch Hall, Landkreis",by_marital_status,Insgesamt,geschieden,13
2025,08127KRSI,"Schwäbisch Hall, Landkreis",by_marital_status,Insgesamt,ledig,88
2025,08127KRSI,"Schwäbisch Hall, Landkreis",by_marital_status,Insgesamt,verheiratet,89
2025,08127KRSI,"Schwäbisch Hall, Landkreis",by_marital_status,Insgesamt,verwitwet,9
2025,08127KRSI,"Schwäbisch Hall, Landkreis",by_marital_status,mit Migrationshintergrund,Insgesamt,71
2025,08127KRSI,"Schwäbisch Hall, Landkreis",by_marital_status,mit Migrationshintergrund,geschieden,/
2025,08127KRSI,"Schwäbisch Hall, Landkreis",by_marital_status,mit Migrationshintergrund,ledig,34
2025,08127KRSI,"Schwäbisch Hall, Landkreis",by_marital_status,mit Migrationshintergrund,verheiratet,31
2025,08127KRSI,"Schwäbisch Hall, Landkreis",by_marital_status,mit Migrationshintergrund,verwitwet,/
2025,08127KRSI,"Schwäbisch Hall, Landkreis",second_generation_german,mit Migrationshintergrund | ohne eigene Migrationserfahrung | Deutsche,Insgesamt,17
2025,08127KRSI,"Schwäbisch Hall, Landkreis",second_generation_german,mit Migrationshintergrund | ohne eigene Migrationserfahrung | Deutsche,geschieden,/
2025,08127KRSI,"Schwäbisch Hall, Landkreis",second_generation_german,mit Migrationshintergrund | ohne eigene Migrationserfahrung | Deutsche,ledig,13
2025,08127KRSI,"Schwäbisch Hall, Landkreis",second_generation_german,mit Migrationshintergrund | ohne eigene Migrationserfahrung | Deutsche,verheiratet,/
2025,08127KRSI,"Schwäbisch Hall, Landkreis",second_generation_german,mit Migrationshintergrund | ohne eigene Migrationserfahrung | Deutsche,verwitwet,/
2025,08128KRSI,"Main-Tauber-Kreis, Landkreis",by_marital_status,Insgesamt,Insgesamt,133
2025,08128KRSI,"Main-Tauber-Kreis, Landkreis",by_marital_status,Insgesamt,geschieden,8
2025,08128KRSI,"Main-Tauber-Kreis, Landkreis",by_marital_status,Insgesamt,ledig,55
2025,08128KRSI,"Main-Tauber-Kreis, Landkreis",by_marital_status,Insgesamt,verheiratet,63
2025,08128KRSI,"Main-Tauber-Kreis, Landkreis",by_marital_status,Insgesamt,verwitwet,7
2025,08128KRSI,"Main-Tauber-Kreis, Landkreis",by_marital_status,mit Migrationshintergrund,Insgesamt,39
2025,08128KRSI,"Main-Tauber-Kreis, Landkreis",by_marital_status,mit Migrationshintergrund,geschieden,/
2025,08128KRSI,"Main-Tauber-Kreis, Landkreis",by_marital_status,mit Migrationshintergrund,ledig,18
2025,08128KRSI,"Main-Tauber-Kreis, Landkreis",by_marital_status,mit Migrationshintergrund,verheiratet,19
2025,08128KRSI,"Main-Tauber-Kreis, Landkreis",by_marital_status,mit Migrationshintergrund,verwitwet,/
2025,08128KRSI,"Main-Tauber-Kreis, Landkreis",second_generation_german,mit Migrationshintergrund | ohne eigene Migrationserfahrung | Deutsche,Insgesamt,12
2025,08128KRSI,"Main-Tauber-Kreis, Landkreis",second_generation_german,mit Migrationshintergrund | ohne eigene Migrationserfahrung | Deutsche,geschieden,/
2025,08128KRSI,"Main-Tauber-Kreis, Landkreis",second_generation_german,mit Migrationshintergrund | ohne eigene Migrationserfahrung | Deutsche,ledig,9
2025,08128KRSI,"Main-Tauber-Kreis, Landkreis",second_generation_german,mit Migrationshintergrund | ohne eigene Migrationserfahrung | Deutsche,verheiratet,/
2025,08128KRSI,"Main-Tauber-Kreis, Landkreis",second_generation_german,mit Migrationshintergrund | ohne eigene Migrationserfahrung | Deutsche,verwitwet,/
2025,08135KRSI,"Heidenheim, Landkreis",by_marital_status,Insgesamt,Insgesamt,135
2025,08135KRSI,"Heidenheim, Landkreis",by_marital_status,Insgesamt,geschieden,10
2025,08135KRSI,"Heidenheim, Landkreis",by_marital_status,Insgesamt,ledig,55
2025,08135KRSI,"Heidenheim, Landkreis",by_marital_status,Insgesamt,verheiratet,62
2025,08135KRSI,"Heidenheim, Landkreis",by_marital_status,Insgesamt,verwitwet,8
2025,08135KRSI,"Heidenheim, Landkreis",by_marital_status,mit Migrationshintergrund,Insgesamt,54
2025,08135KRSI,"Heidenheim, Landkreis",by_marital_status,mit Migrationshintergrund,geschieden,/
2025,08135KRSI,"Heidenheim, Landkreis",by_marital_status,mit Migrationshintergrund,ledig,24
2025,08135KRSI,"Heidenheim, Landkreis",by_marital_status,mit Migrationshintergrund,verheiratet,24
2025,08135KRSI,"Heidenheim, Landkreis",by_marital_status,mit Migrationshintergrund,verwitwet,/
2025,08135KRSI,"Heidenheim, Landkreis",second_generation_german,mit Migrationshintergrund | ohne eigene Migrationserfahrung | Deutsche,Insgesamt,18
2025,08135KRSI,"Heidenheim, Landkreis",second_generation_german,mit Migrationshintergrund | ohne eigene Migrationserfahrung | Deutsche,geschieden,/
2025,08135KRSI,"Heidenheim, Landkreis",second_generation_german,mit Migrationshintergrund | ohne eigene Migrationserfahrung | Deutsche,ledig,14
2025,08135KRSI,"Heidenheim, Landkreis",second_generation_german,mit Migrationshintergrund | ohne eigene Migrationserfahrung | Deutsche,verheiratet,/
2025,08135KRSI,"Heidenheim, Landkreis",second_generation_german,mit Migrationshintergrund | ohne eigene Migrationserfahrung | Deutsche,verwitwet,/
2025,08136KRSI,"Ostalbkreis, Landkreis",by_marital_status,Insgesamt,Insgesamt,315
2025,08136KRSI,"Ostalbkreis, Landkreis",by_marital_status,Insgesamt,geschieden,14
2025,08136KRSI,"Ostalbkreis, Landkreis",by_marital_status,Insgesamt,ledig,128
2025,08136KRSI,"Ostalbkreis, Landkreis",by_marital_status,Insgesamt,verheiratet,152
2025,08136KRSI,"Ostalbkreis, Landkreis",by_marital_status,Insgesamt,verwitwet,20
2025,08136KRSI,"Ostalbkreis, Landkreis",by_marital_status,mit Migrationshintergrund,Insgesamt,101
2025,08136KRSI,"Ostalbkreis, Landkreis",by_marital_status,mit Migrationshintergrund,geschieden,/
2025,08136KRSI,"Ostalbkreis, Landkreis",by_marital_status,mit Migrationshintergrund,ledig,44
2025,08136KRSI,"Ostalbkreis, Landkreis",by_marital_status,mit Migrationshintergrund,verheiratet,48
2025,08136KRSI,"Ostalbkreis, Landkreis",by_marital_status,mit Migrationshintergrund,verwitwet,/
2025,08136KRSI,"Ostalbkreis, Landkreis",second_generation_german,mit Migrationshintergrund | ohne eigene Migrationserfahrung | Deutsche,Insgesamt,35
2025,08136KRSI,"Ostalbkreis, Landkreis",second_generation_german,mit Migrationshintergrund | ohne eigene Migrationserfahrung | Deutsche,geschieden,/
2025,08136KRSI,"Ostalbkreis, Landkreis",second_generation_german,mit Migrationshintergrund | ohne eigene Migrationserfahrung | Deutsche,ledig,26
2025,08136KRSI,"Ostalbkreis, Landkreis",second_generation_german,mit Migrationshintergrund | ohne eigene Migrationserfahrung | Deutsche,verheiratet,8
2025,08136KRSI,"Ostalbkreis, Landkreis",second_generation_german,mit Migrationshintergrund | ohne eigene Migrationserfahrung | Deutsche,verwitwet,/
2025,08212KRSI,"Karlsruhe, Stadtkreis",by_marital_status,Insgesamt,Insgesamt,309
2025,08212KRSI,"Karlsruhe, Stadtkreis",by_marital_status,Insgesamt,geschieden,23
2025,08212KRSI,"Karlsruhe, Stadtkreis",by_marital_status,Insgesamt,ledig,155
2025,08212KRSI,"Karlsruhe, Stadtkreis",by_marital_status,Insgesamt,verheiratet,114
2025,08212KRSI,"Karlsruhe, Stadtkreis",by_marital_status,Insgesamt,verwitwet,16
2025,08212KRSI,"Karlsruhe, Stadtkreis",by_marital_status,mit Migrationshintergrund,Insgesamt,124
2025,08212KRSI,"Karlsruhe, Stadtkreis",by_marital_status,mit Migrationshintergrund,geschieden,10
2025,08212KRSI,"Karlsruhe, Stadtkreis",by_marital_status,mit Migrationshintergrund,ledig,63
2025,08212KRSI,"Karlsruhe, Stadtkreis",by_marital_status,mit Migrationshintergrund,verheiratet,48
2025,08212KRSI,"Karlsruhe, Stadtkreis",by_marital_status,mit Migrationshintergrund,verwitwet,/
2025,08212KRSI,"Karlsruhe, Stadtkreis",second_generation_german,mit Migrationshintergrund | ohne eigene Migrationserfahrung | Deutsche,Insgesamt,36
2025,08212KRSI,"Karlsruhe, Stadtkreis",second_generation_german,mit Migrationshintergrund | ohne eigene Migrationserfahrung | Deutsche,geschieden,/
2025,08212KRSI,"Karlsruhe, Stadtkreis",second_generation_german,mit Migrationshintergrund | ohne eigene Migrationserfahrung | Deutsche,ledig,28
2025,08212KRSI,"Karlsruhe, Stadtkreis",second_generation_german,mit Migrationshintergrund | ohne eigene Migrationserfahrung | Deutsche,verheiratet,/
2025,08212KRSI,"Karlsruhe, Stadtkreis",second_generation_german,mit Migrationshintergrund | ohne eigene Migrationserfahrung | Deutsche,verwitwet,/
2025,08215KRSI,"Karlsruhe, Landkreis",by_marital_status,Insgesamt,Insgesamt,458
2025,08215KRSI,"Karlsruhe, Landkreis",by_marital_status,Insgesamt,geschieden,31
2025,08215KRSI,"Karlsruhe, Landkreis",by_marital_status,Insgesamt,ledig,185
2025,08215KRSI,"Karlsruhe, Landkreis",by_marital_status,Insgesamt,verheiratet,214
2025,08215KRSI,"Karlsruhe, Landkreis",by_marital_status,Insgesamt,verwitwet,27
2025,08215KRSI,"Karlsruhe, Landkreis",by_marital_status,mit Migrationshintergrund,Insgesamt,171
2025,08215KRSI,"Karlsruhe, Landkreis",by_marital_status,mit Migrationshintergrund,geschieden,11
2025,08215KRSI,"Karlsruhe, Landkreis",by_marital_status,mit Migrationshintergrund,ledig,80
2025,08215KRSI,"Karlsruhe, Landkreis",by_marital_status,mit Migrationshintergrund,verheiratet,75
2025,08215KRSI,"Karlsruhe, Landkreis",by_marital_status,mit Migrationshintergrund,verwitwet,/
2025,08215KRSI,"Karlsruhe, Landkreis",second_generation_german,mit Migrationshintergrund | ohne eigene Migrationserfahrung | Deutsche,Insgesamt,52
2025,08215KRSI,"Karlsruhe, Landkreis",second_generation_german,mit Migrationshintergrund | ohne eigene Migrationserfahrung | Deutsche,geschieden,/
2025,08215KRSI,"Karlsruhe, Landkreis",second_generation_german,mit Migrationshintergrund | ohne eigene Migrationserfahrung | Deutsche,ledig,39
2025,08215KRSI,"Karlsruhe, Landkreis",second_generation_german,mit Migrationshintergrund | ohne eigene Migrationserfahrung | Deutsche,verheiratet,11
2025,08215KRSI,"Karlsruhe, Landkreis",second_generation_german,mit Migrationshintergrund | ohne eigene Migrationserfahrung | Deutsche,verwitwet,/
2025,08217KRSI,Landkreis Rastatt und Stadtkreis Baden-Baden,by_marital_status,Insgesamt,Insgesamt,57
2025,08217KRSI,Landkreis Rastatt und Stadtkreis Baden-Baden,by_marital_status,Insgesamt,geschieden,18
2025,08217KRSI,Landkreis Rastatt und Stadtkreis Baden-Baden,by_marital_status,Insgesamt,ledig,113
2025,08217KRSI,Landkreis Rastatt und Stadtkreis Baden-Baden,by_marital_status,Insgesamt,verheiratet,137
2025,08217KRSI,Landkreis Rastatt und Stadtkreis Baden-Baden,by_marital_status,Insgesamt,verwitwet,18
2025,08217KRSI,Landkreis Rastatt und Stadtkreis Baden-Baden,by_marital_status,mit Migrationshintergrund,Insgesamt,119
2025,08217KRSI,Landkreis Rastatt und Stadtkreis Baden-Baden,by_marital_status,mit Migrationshintergrund,geschieden,/
2025,08217KRSI,Landkreis Rastatt und Stadtkreis Baden-Baden,by_marital_status,mit Migrationshintergrund,ledig,53
2025,08217KRSI,Landkreis Rastatt und Stadtkreis Baden-Baden,by_marital_status,mit Migrationshintergrund,verheiratet,56
2025,08217KRSI,Landkreis Rastatt und Stadtkreis Baden-Baden,by_marital_status,mit Migrationshintergrund,verwitwet,/
2025,08217KRSI,Landkreis Rastatt und Stadtkreis Baden-Baden,second_generation_german,mit Migrationshintergrund | ohne eigene Migrationserfahrung | Deutsche,Insgesamt,36
2025,08217KRSI,Landkreis Rastatt und Stadtkreis Baden-Baden,second_generation_german,mit Migrationshintergrund | ohne eigene Migrationserfahrung | Deutsche,geschieden,/
2025,08217KRSI,Landkreis Rastatt und Stadtkreis Baden-Baden,second_generation_german,mit Migrationshintergrund | ohne eigene Migrationserfahrung | Deutsche,ledig,28
2025,08217KRSI,Landkreis Rastatt und Stadtkreis Baden-Baden,second_generation_german,mit Migrationshintergrund | ohne eigene Migrationserfahrung | Deutsche,verheiratet,7
2025,08217KRSI,Landkreis Rastatt und Stadtkreis Baden-Baden,second_generation_german,mit Migrationshintergrund | ohne eigene Migrationserfahrung | Deutsche,verwitwet,/
2025,08221KRSI,"Heidelberg, Stadtkreis",by_marital_status,Insgesamt,Insgesamt,155
2025,08221KRSI,"Heidelberg, Stadtkreis",by_marital_status,Insgesamt,geschieden,9
2025,08221KRSI,"Heidelberg, Stadtkreis",by_marital_status,Insgesamt,ledig,87
2025,08221KRSI,"Heidelberg, Stadtkreis",by_marital_status,Insgesamt,verheiratet,53
2025,08221KRSI,"Heidelberg, Stadtkreis",by_marital_status,Insgesamt,verwitwet,/
2025,08221KRSI,"Heidelberg, Stadtkreis",by_marital_status,mit Migrationshintergrund,Insgesamt,66
2025,08221KRSI,"Heidelberg, Stadtkreis",by_marital_status,mit Migrationshintergrund,geschieden,/
2025,08221KRSI,"Heidelberg, Stadtkreis",by_marital_status,mit Migrationshintergrund,ledig,36
2025,08221KRSI,"Heidelberg, Stadtkreis",by_marital_status,mit Migrationshintergrund,verheiratet,22
2025,08221KRSI,"Heidelberg, Stadtkreis",by_marital_status,mit Migrationshintergrund,verwitwet,/
2025,08221KRSI,"Heidelberg, Stadtkreis",second_generation_german,mit Migrationshintergrund | ohne eigene Migrationserfahrung | Deutsche,Insgesamt,19
2025,08221KRSI,"Heidelberg, Stadtkreis",second_generation_german,mit Migrationshintergrund | ohne eigene Migrationserfahrung | Deutsche,geschieden,/
2025,08221KRSI,"Heidelberg, Stadtkreis",second_generation_german,mit Migrationshintergrund | ohne eigene Migrationserfahrung | Deutsche,ledig,16
2025,08221KRSI,"Heidelberg, Stadtkreis",second_generation_german,mit Migrationshintergrund | ohne eigene Migrationserfahrung | Deutsche,verheiratet,/
2025,08221KRSI,"Heidelberg, Stadtkreis",second_generation_german,mit Migrationshintergrund | ohne eigene Migrationserfahrung | Deutsche,verwitwet,/
2025,08222KRSI,"Mannheim, Stadtkreis",by_marital_status,Insgesamt,Insgesamt,320
2025,08222KRSI,"Mannheim, Stadtkreis",by_marital_status,Insgesamt,geschieden,20
2025,08222KRSI,"Mannheim, Stadtkreis",by_marital_status,Insgesamt,ledig,149
2025,08222KRSI,"Mannheim, Stadtkreis",by_marital_status,Insgesamt,verheiratet,133
2025,08222KRSI,"Mannheim, Stadtkreis",by_marital_status,Insgesamt,verwitwet,18
2025,08222KRSI,"Mannheim, Stadtkreis",by_marital_status,mit Migrationshintergrund,Insgesamt,149
2025,08222KRSI,"Mannheim, Stadtkreis",by_marital_status,mit Migrationshintergrund,geschieden,9
2025,08222KRSI,"Mannheim, Stadtkreis",by_marital_status,mit Migrationshintergrund,ledig,69
2025,08222KRSI,"Mannheim, Stadtkreis",by_marital_status,mit Migrationshintergrund,verheiratet,66
2025,08222KRSI,"Mannheim, Stadtkreis",by_marital_status,mit Migrationshintergrund,verwitwet,/
2025,08222KRSI,"Mannheim, Stadtkreis",second_generation_german,mit Migrationshintergrund | ohne eigene Migrationserfahrung | Deutsche,Insgesamt,44
2025,08222KRSI,"Mannheim, Stadtkreis",second_generation_german,mit Migrationshintergrund | ohne eigene Migrationserfahrung | Deutsche,geschieden,/
2025,08222KRSI,"Mannheim, Stadtkreis",second_generation_german,mit Migrationshintergrund | ohne eigene Migrationserfahrung | Deutsche,ledig,32
2025,08222KRSI,"Mannheim, Stadtkreis",second_generation_german,mit Migrationshintergrund | ohne eigene Migrationserfahrung | Deutsche,verheiratet,10
2025,08222KRSI,"Mannheim, Stadtkreis",second_generation_german,mit Migrationshintergrund | ohne eigene Migrationserfahrung | Deutsche,verwitwet,/
2025,08225KRSI,"Neckar-Odenwald-Kreis, Landkreis",by_marital_status,Insgesamt,Insgesamt,145
2025,08225KRSI,"Neckar-Odenwald-Kreis, Landkreis",by_marital_status,Insgesamt,geschieden,10
2025,08225KRSI,"Neckar-Odenwald-Kreis, Landkreis",by_marital_status,Insgesamt,ledig,58
2025,08225KRSI,"Neckar-Odenwald-Kreis, Landkreis",by_marital_status,Insgesamt,verheiratet,69
2025,08225KRSI,"Neckar-Odenwald-Kreis, Landkreis",by_marital_status,Insgesamt,verwitwet,9
2025,08225KRSI,"Neckar-Odenwald-Kreis, Landkreis",by_marital_status,mit Migrationshintergrund,Insgesamt,44
2025,08225KRSI,"Neckar-Odenwald-Kreis, Landkreis",by_marital_status,mit Migrationshintergrund,geschieden,/
2025,08225KRSI,"Neckar-Odenwald-Kreis, Landkreis",by_marital_status,mit Migrationshintergrund,ledig,20
2025,08225KRSI,"Neckar-Odenwald-Kreis, Landkreis",by_marital_status,mit Migrationshintergrund,verheiratet,19
2025,08225KRSI,"Neckar-Odenwald-Kreis, Landkreis",by_marital_status,mit Migrationshintergrund,verwitwet,/
2025,08225KRSI,"Neckar-Odenwald-Kreis, Landkreis",second_generation_german,mit Migrationshintergrund | ohne eigene Migrationserfahrung | Deutsche,Insgesamt,13
2025,08225KRSI,"Neckar-Odenwald-Kreis, Landkreis",second_generation_german,mit Migrationshintergrund | ohne eigene Migrationserfahrung | Deutsche,geschieden,/
2025,08225KRSI,"Neckar-Odenwald-Kreis, Landkreis",second_generation_german,mit Migrationshintergrund | ohne eigene Migrationserfahrung | Deutsche,ledig,10
2025,08225KRSI,"Neckar-Odenwald-Kreis, Landkreis",second_generation_german,mit Migrationshintergrund | ohne eigene Migrationserfahrung | Deutsche,verheiratet,/
2025,08225KRSI,"Neckar-Odenwald-Kreis, Landkreis",second_generation_german,mit Migrationshintergrund | ohne eigene Migrationserfahrung | Deutsche,verwitwet,/
2025,08226KRSI,"Rhein-Neckar-Kreis, Landkreis",by_marital_status,Insgesamt,Insgesamt,554
2025,08226KRSI,"Rhein-Neckar-Kreis, Landkreis",by_marital_status,Insgesamt,geschieden,37
2025,08226KRSI,"Rhein-Neckar-Kreis, Landkreis",by_marital_status,Insgesamt,ledig,222
2025,08226KRSI,"Rhein-Neckar-Kreis, Landkreis",by_marital_status,Insgesamt,verheiratet,263
2025,08226KRSI,"Rhein-Neckar-Kreis, Landkreis",by_marital_status,Insgesamt,verwitwet,32
2025,08226KRSI,"Rhein-Neckar-Kreis, Landkreis",by_marital_status,mit Migrationshintergrund,Insgesamt,198
2025,08226KRSI,"Rhein-Neckar-Kreis, Landkreis",by_marital_status,mit Migrationshintergrund,geschieden,11
2025,08226KRSI,"Rhein-Neckar-Kreis, Landkreis",by_marital_status,mit Migrationshintergrund,ledig,92
2025,08226KRSI,"Rhein-Neckar-Kreis, Landkreis",by_marital_status,mit Migrationshintergrund,verheiratet,89
2025,08226KRSI,"Rhein-Neckar-Kreis, Landkreis",by_marital_status,mit Migrationshintergrund,verwitwet,/
2025,08226KRSI,"Rhein-Neckar-Kreis, Landkreis",second_generation_german,mit Migrationshintergrund | ohne eigene Migrationserfahrung | Deutsche,Insgesamt,65
2025,08226KRSI,"Rhein-Neckar-Kreis, Landkreis",second_generation_german,mit Migrationshintergrund | ohne eigene Migrationserfahrung | Deutsche,geschieden,/
2025,08226KRSI,"Rhein-Neckar-Kreis, Landkreis",second_generation_german,mit Migrationshintergrund | ohne eigene Migrationserfahrung | Deutsche,ledig,51
2025,08226KRSI,"Rhein-Neckar-Kreis, Landkreis",second_generation_german,mit Migrationshintergrund | ohne eigene Migrationserfahrung | Deutsche,verheiratet,12
2025,08226KRSI,"Rhein-Neckar-Kreis, Landkreis",second_generation_german,mit Migrationshintergrund | ohne eigene Migrationserfahrung | Deutsche,verwitwet,/
2025,08231KRSI,"Pforzheim, Stadtkreis",by_marital_status,Insgesamt,Insgesamt,132
2025,08231KRSI,"Pforzheim, Stadtkreis",by_marital_status,Insgesamt,geschieden,10
2025,08231KRSI,"Pforzheim, Stadtkreis",by_marital_status,Insgesamt,ledig,55
2025,08231KRSI,"Pforzheim, Stadtkreis",by_marital_status,Insgesamt,verheiratet,57
2025,08231KRSI,"Pforzheim, Stadtkreis",by_marital_status,Insgesamt,verwitwet,11
2025,08231KRSI,"Pforzheim, Stadtkreis",by_marital_status,mit Migrationshintergrund,Insgesamt,76
2025,08231KRSI,"Pforzheim, Stadtkreis",by_marital_status,mit Migrationshintergrund,geschieden,/
2025,08231KRSI,"Pforzheim, Stadtkreis",by_marital_status,mit Migrationshintergrund,ledig,35
2025,08231KRSI,"Pforzheim, Stadtkreis",by_marital_status,mit Migrationshintergrund,verheiratet,32
2025,08231KRSI,"Pforzheim, Stadtkreis",by_marital_status,mit Migrationshintergrund,verwitwet,/
2025,08231KRSI,"Pforzheim, Stadtkreis",second_generation_german,mit Migrationshintergrund | ohne eigene Migrationserfahrung | Deutsche,Insgesamt,23
2025,08231KRSI,"Pforzheim, Stadtkreis",second_generation_german,mit Migrationshintergrund | ohne eigene Migrationserfahrung | Deutsche,geschieden,/
2025,08231KRSI,"Pforzheim, Stadtkreis",second_generation_german,mit Migrationshintergrund | ohne eigene Migrationserfahrung | Deutsche,ledig,19
2025,08231KRSI,"Pforzheim, Stadtkreis",second_generation_german,mit Migrationshintergrund | ohne eigene Migrationserfahrung | Deutsche,verheiratet,/
2025,08231KRSI,"Pforzheim, Stadtkreis",second_generation_german,mit Migrationshintergrund | ohne eigene Migrationserfahrung | Deutsche,verwitwet,/
2025,08235KRSI,"Calw, Landkreis",by_marital_status,Insgesamt,Insgesamt,157
2025,08235KRSI,"Calw, Landkreis",by_marital_status,Insgesamt,geschieden,9
2025,08235KRSI,"Calw, Landkreis",by_marital_status,Insgesamt,ledig,64
2025,08235KRSI,"Calw, Landkreis",by_marital_status,Insgesamt,verheiratet,74
2025,08235KRSI,"Calw, Landkreis",by_marital_status,Insgesamt,verwitwet,9
2025,08235KRSI,"Calw, Landkreis",by_marital_status,mit Migrationshintergrund,Insgesamt,58
2025,08235KRSI,"Calw, Landkreis",by_marital_status,mit Migrationshintergrund,geschieden,/
2025,08235KRSI,"Calw, Landkreis",by_marital_status,mit Migrationshintergrund,ledig,25
2025,08235KRSI,"Calw, Landkreis",by_marital_status,mit Migrationshintergrund,verheiratet,28
2025,08235KRSI,"Calw, Landkreis",by_marital_status,mit Migrationshintergrund,verwitwet,/
2025,08235KRSI,"Calw, Landkreis",second_generation_german,mit Migrationshintergrund | ohne eigene Migrationserfahrung | Deutsche,Insgesamt,17
2025,08235KRSI,"Calw, Landkreis",second_generation_german,mit Migrationshintergrund | ohne eigene Migrationserfahrung | Deutsche,geschieden,/
2025,08235KRSI,"Calw, Landkreis",second_generation_german,mit Migrationshintergrund | ohne eigene Migrationserfahrung | Deutsche,ledig,14
2025,08235KRSI,"Calw, Landkreis",second_generation_german,mit Migrationshintergrund | ohne eigene Migrationserfahrung | Deutsche,verheiratet,/
2025,08235KRSI,"Calw, Landkreis",second_generation_german,mit Migrationshintergrund | ohne eigene Migrationserfahrung | Deutsche,verwitwet,/
2025,08236KRSI,"Enzkreis, Landkreis",by_marital_status,Insgesamt,Insgesamt,201
2025,08236KRSI,"Enzkreis, Landkreis",by_marital_status,Insgesamt,geschieden,12
2025,08236KRSI,"Enzkreis, Landkreis",by_marital_status,Insgesamt,ledig,80
2025,08236KRSI,"Enzkreis, Landkreis",by_marital_status,Insgesamt,verheiratet,97
2025,08236KRSI,"Enzkreis, Landkreis",by_marital_status,Insgesamt,verwitwet,12
2025,08236KRSI,"Enzkreis, Landkreis",by_marital_status,mit Migrationshintergrund,Insgesamt,67
2025,08236KRSI,"Enzkreis, Landkreis",by_marital_status,mit Migrationshintergrund,geschieden,/
2025,08236KRSI,"Enzkreis, Landkreis",by_marital_status,mit Migrationshintergrund,ledig,30
2025,08236KRSI,"Enzkreis, Landkreis",by_marital_status,mit Migrationshintergrund,verheiratet,32
2025,08236KRSI,"Enzkreis, Landkreis",by_marital_status,mit Migrationshintergrund,verwitwet,/
2025,08236KRSI,"Enzkreis, Landkreis",second_generation_german,mit Migrationshintergrund | ohne eigene Migrationserfahrung | Deutsche,Insgesamt,26
2025,08236KRSI,"Enzkreis, Landkreis",second_generation_german,mit Migrationshintergrund | ohne eigene Migrationserfahrung | Deutsche,geschieden,/
2025,08236KRSI,"Enzkreis, Landkreis",second_generation_german,mit Migrationshintergrund | ohne eigene Migrationserfahrung | Deutsche,ledig,19
2025,08236KRSI,"Enzkreis, Landkreis",second_generation_german,mit Migrationshintergrund | ohne eigene Migrationserfahrung | Deutsche,verheiratet,/
2025,08236KRSI,"Enzkreis, Landkreis",second_generation_german,mit Migrationshintergrund | ohne eigene Migrationserfahrung | Deutsche,verwitwet,/
2025,08237KRSI,"Freudenstadt, Landkreis",by_marital_status,Insgesamt,Insgesamt,122
2025,08237KRSI,"Freudenstadt, Landkreis",by_marital_status,Insgesamt,geschieden,6
2025,08237KRSI,"Freudenstadt, Landkreis",by_marital_status,Insgesamt,ledig,51
2025,08237KRSI,"Freudenstadt, Landkreis",by_marital_status,Insgesamt,verheiratet,60
2025,08237KRSI,"Freudenstadt, Landkreis",by_marital_status,Insgesamt,verwitwet,/
2025,08237KRSI,"Freudenstadt, Landkreis",by_marital_status,mit Migrationshintergrund,Insgesamt,44
2025,08237KRSI,"Freudenstadt, Landkreis",by_marital_status,mit Migrationshintergrund,geschieden,/
2025,08237KRSI,"Freudenstadt, Landkreis",by_marital_status,mit Migrationshintergrund,ledig,21
2025,08237KRSI,"Freudenstadt, Landkreis",by_marital_status,mit Migrationshintergrund,verheiratet,20
2025,08237KRSI,"Freudenstadt, Landkreis",by_marital_status,mit Migrationshintergrund,verwitwet,/
2025,08237KRSI,"Freudenstadt, Landkreis",second_generation_german,mit Migrationshintergrund | ohne eigene Migrationserfahrung | Deutsche,Insgesamt,13
2025,08237KRSI,"Freudenstadt, Landkreis",second_generation_german,mit Migrationshintergrund | ohne eigene Migrationserfahrung | Deutsche,geschieden,/
2025,08237KRSI,"Freudenstadt, Landkreis",second_generation_german,mit Migrationshintergrund | ohne eigene Migrationserfahrung | Deutsche,ledig,11
2025,08237KRSI,"Freudenstadt, Landkreis",second_generation_german,mit Migrationshintergrund | ohne eigene Migrationserfahrung | Deutsche,verheiratet,/
2025,08237KRSI,"Freudenstadt, Landkreis",second_generation_german,mit Migrationshintergrund | ohne eigene Migrationserfahrung | Deutsche,verwitwet,/
2025,08311KRSI,"Freiburg im Breisgau, Stadtkreis",by_marital_status,Insgesamt,Insgesamt,236
2025,08311KRSI,"Freiburg im Breisgau, Stadtkreis",by_marital_status,Insgesamt,geschieden,15
2025,08311KRSI,"Freiburg im Breisgau, Stadtkreis",by_marital_status,Insgesamt,ledig,129
2025,08311KRSI,"Freiburg im Breisgau, Stadtkreis",by_marital_status,Insgesamt,verheiratet,83
2025,08311KRSI,"Freiburg im Breisgau, Stadtkreis",by_marital_status,Insgesamt,verwitwet,9
2025,08311KRSI,"Freiburg im Breisgau, Stadtkreis",by_marital_status,mit Migrationshintergrund,Insgesamt,85
2025,08311KRSI,"Freiburg im Breisgau, Stadtkreis",by_marital_status,mit Migrationshintergrund,geschieden,/
2025,08311KRSI,"Freiburg im Breisgau, Stadtkreis",by_marital_status,mit Migrationshintergrund,ledig,46
2025,08311KRSI,"Freiburg im Breisgau, Stadtkreis",by_marital_status,mit Migrationshintergrund,verheiratet,32
2025,08311KRSI,"Freiburg im Breisgau, Stadtkreis",by_marital_status,mit Migrationshintergrund,verwitwet,/
2025,08311KRSI,"Freiburg im Breisgau, Stadtkreis",second_generation_german,mit Migrationshintergrund | ohne eigene Migrationserfahrung | Deutsche,Insgesamt,28
2025,08311KRSI,"Freiburg im Breisgau, Stadtkreis",second_generation_german,mit Migrationshintergrund | ohne eigene Migrationserfahrung | Deutsche,geschieden,/
2025,08311KRSI,"Freiburg im Breisgau, Stadtkreis",second_generation_german,mit Migrationshintergrund | ohne eigene Migrationserfahrung | Deutsche,ledig,22
2025,08311KRSI,"Freiburg im Breisgau, Stadtkreis",second_generation_german,mit Migrationshintergrund | ohne eigene Migrationserfahrung | Deutsche,verheiratet,/
2025,08311KRSI,"Freiburg im Breisgau, Stadtkreis",second_generation_german,mit Migrationshintergrund | ohne eigene Migrationserfahrung | Deutsche,verwitwet,/
2025,08315KRSI,"Breisgau-Hochschwarzwald, Landkreis",by_marital_status,Insgesamt,Insgesamt,270
2025,08315KRSI,"Breisgau-Hochschwarzwald, Landkreis",by_marital_status,Insgesamt,geschieden,15
2025,08315KRSI,"Breisgau-Hochschwarzwald, Landkreis",by_marital_status,Insgesamt,ledig,112
2025,08315KRSI,"Breisgau-Hochschwarzwald, Landkreis",by_marital_status,Insgesamt,verheiratet,127
2025,08315KRSI,"Breisgau-Hochschwarzwald, Landkreis",by_marital_status,Insgesamt,verwitwet,16
2025,08315KRSI,"Breisgau-Hochschwarzwald, Landkreis",by_marital_status,mit Migrationshintergrund,Insgesamt,79
2025,08315KRSI,"Breisgau-Hochschwarzwald, Landkreis",by_marital_status,mit Migrationshintergrund,geschieden,/
2025,08315KRSI,"Breisgau-Hochschwarzwald, Landkreis",by_marital_status,mit Migrationshintergrund,ledig,40
2025,08315KRSI,"Breisgau-Hochschwarzwald, Landkreis",by_marital_status,mit Migrationshintergrund,verheiratet,33
2025,08315KRSI,"Breisgau-Hochschwarzwald, Landkreis",by_marital_status,mit Migrationshintergrund,verwitwet,/
2025,08315KRSI,"Breisgau-Hochschwarzwald, Landkreis",second_generation_german,mit Migrationshintergrund | ohne eigene Migrationserfahrung | Deutsche,Insgesamt,24
2025,08315KRSI,"Breisgau-Hochschwarzwald, Landkreis",second_generation_german,mit Migrationshintergrund | ohne eigene Migrationserfahrung | Deutsche,geschieden,/
2025,08315KRSI,"Breisgau-Hochschwarzwald, Landkreis",second_generation_german,mit Migrationshintergrund | ohne eigene Migrationserfahrung | Deutsche,ledig,19
2025,08315KRSI,"Breisgau-Hochschwarzwald, Landkreis",second_generation_german,mit Migrationshintergrund | ohne eigene Migrationserfahrung | Deutsche,verheiratet,/
2025,08315KRSI,"Breisgau-Hochschwarzwald, Landkreis",second_generation_german,mit Migrationshintergrund | ohne eigene Migrationserfahrung | Deutsche,verwitwet,/
2025,08316KRSI,"Emmendingen, Landkreis",by_marital_status,Insgesamt,Insgesamt,169
2025,08316KRSI,"Emmendingen, Landkreis",by_marital_status,Insgesamt,geschieden,10
2025,08316KRSI,"Emmendingen, Landkreis",by_marital_status,Insgesamt,ledig,72
2025,08316KRSI,"Emmendingen, Landkreis",by_marital_status,Insgesamt,verheiratet,78
2025,08316KRSI,"Emmendingen, Landkreis",by_marital_status,Insgesamt,verwitwet,9
2025,08316KRSI,"Emmendingen, Landkreis",by_marital_status,mit Migrationshintergrund,Insgesamt,48
2025,08316KRSI,"Emmendingen, Landkreis",by_marital_status,mit Migrationshintergrund,geschieden,/
2025,08316KRSI,"Emmendingen, Landkreis",by_marital_status,mit Migrationshintergrund,ledig,23
2025,08316KRSI,"Emmendingen, Landkreis",by_marital_status,mit Migrationshintergrund,verheiratet,20
2025,08316KRSI,"Emmendingen, Landkreis",by_marital_status,mit Migrationshintergrund,verwitwet,/
2025,08316KRSI,"Emmendingen, Landkreis",second_generation_german,mit Migrationshintergrund | ohne eigene Migrationserfahrung | Deutsche,Insgesamt,17
2025,08316KRSI,"Emmendingen, Landkreis",second_generation_german,mit Migrationshintergrund | ohne eigene Migrationserfahrung | Deutsche,geschieden,/
2025,08316KRSI,"Emmendingen, Landkreis",second_generation_german,mit Migrationshintergrund | ohne eigene Migrationserfahrung | Deutsche,ledig,13
2025,08316KRSI,"Emmendingen, Landkreis",second_generation_german,mit Migrationshintergrund | ohne eigene Migrationserfahrung | Deutsche,verheiratet,/
2025,08316KRSI,"Emmendingen, Landkreis",second_generation_german,mit Migrationshintergrund | ohne eigene Migrationserfahrung | Deutsche,verwitwet,/
2025,08317KRSI,"Ortenaukreis, Landkreis",by_marital_status,Insgesamt,Insgesamt,445
2025,08317KRSI,"Ortenaukreis, Landkreis",by_marital_status,Insgesamt,geschieden,30
2025,08317KRSI,"Ortenaukreis, Landkreis",by_marital_status,Insgesamt,ledig,193
2025,08317KRSI,"Ortenaukreis, Landkreis",by_marital_status,Insgesamt,verheiratet,197
2025,08317KRSI,"Ortenaukreis, Landkreis",by_marital_status,Insgesamt,verwitwet,24
2025,08317KRSI,"Ortenaukreis, Landkreis",by_marital_status,mit Migrationshintergrund,Insgesamt,158
2025,08317KRSI,"Ortenaukreis, Landkreis",by_marital_status,mit Migrationshintergrund,geschieden,11
2025,08317KRSI,"Ortenaukreis, Landkreis",by_marital_status,mit Migrationshintergrund,ledig,79
2025,08317KRSI,"Ortenaukreis, Landkreis",by_marital_status,mit Migrationshintergrund,verheiratet,63
2025,08317KRSI,"Ortenaukreis, Landkreis",by_marital_status,mit Migrationshintergrund,verwitwet,/
2025,08317KRSI,"Ortenaukreis, Landkreis",second_generation_german,mit Migrationshintergrund | ohne eigene Migrationserfahrung | Deutsche,Insgesamt,47
2025,08317KRSI,"Ortenaukreis, Landkreis",second_generation_german,mit Migrationshintergrund | ohne eigene Migrationserfahrung | Deutsche,geschieden,/
2025,08317KRSI,"Ortenaukreis, Landkreis",second_generation_german,mit Migrationshintergrund | ohne eigene Migrationserfahrung | Deutsche,ledig,37
2025,08317KRSI,"Ortenaukreis, Landkreis",second_generation_german,mit Migrationshintergrund | ohne eigene Migrationserfahrung | Deutsche,verheiratet,8
2025,08317KRSI,"Ortenaukreis, Landkreis",second_generation_german,mit Migrationshintergrund | ohne eigene Migrationserfahrung | Deutsche,verwitwet,/
2025,08325KRSI,"Rottweil, Landkreis",by_marital_status,Insgesamt,Insgesamt,140
2025,08325KRSI,"Rottweil, Landkreis",by_marital_status,Insgesamt,geschieden,10
2025,08325KRSI,"Rottweil, Landkreis",by_marital_status,Insgesamt,ledig,58
2025,08325KRSI,"Rottweil, Landkreis",by_marital_status,Insgesamt,verheiratet,64
2025,08325KRSI,"Rottweil, Landkreis",by_marital_status,Insgesamt,verwitwet,7
2025,08325KRSI,"Rottweil, Landkreis",by_marital_status,mit Migrationshintergrund,Insgesamt,49
2025,08325KRSI,"Rottweil, Landkreis",by_marital_status,mit Migrationshintergrund,geschieden,/
2025,08325KRSI,"Rottweil, Landkreis",by_marital_status,mit Migrationshintergrund,ledig,24
2025,08325KRSI,"Rottweil, Landkreis",by_marital_status,mit Migrationshintergrund,verheiratet,20
2025,08325KRSI,"Rottweil, Landkreis",by_marital_status,mit Migrationshintergrund,verwitwet,/
2025,08325KRSI,"Rottweil, Landkreis",second_generation_german,mit Migrationshintergrund | ohne eigene Migrationserfahrung | Deutsche,Insgesamt,14
2025,08325KRSI,"Rottweil, Landkreis",second_generation_german,mit Migrationshintergrund | ohne eigene Migrationserfahrung | Deutsche,geschieden,/
2025,08325KRSI,"Rottweil, Landkreis",second_generation_german,mit Migrationshintergrund | ohne eigene Migrationserfahrung | Deutsche,ledig,12
2025,08325KRSI,"Rottweil, Landkreis",second_generation_german,mit Migrationshintergrund | ohne eigene Migrationserfahrung | Deutsche,verheiratet,/
2025,08325KRSI,"Rottweil, Landkreis",second_generation_german,mit Migrationshintergrund | ohne eigene Migrationserfahrung | Deutsche,verwitwet,/
2025,08326KRSI,"Schwarzwald-Baar-Kreis, Landkreis",by_marital_status,Insgesamt,Insgesamt,214
2025,08326KRSI,"Schwarzwald-Baar-Kreis, Landkreis",by_marital_status,Insgesamt,geschieden,16
2025,08326KRSI,"Schwarzwald-Baar-Kreis, Landkreis",by_marital_status,Insgesamt,ledig,84
2025,08326KRSI,"Schwarzwald-Baar-Kreis, Landkreis",by_marital_status,Insgesamt,verheiratet,99
2025,08326KRSI,"Schwarzwald-Baar-Kreis, Landkreis",by_marital_status,Insgesamt,verwitwet,15
2025,08326KRSI,"Schwarzwald-Baar-Kreis, Landkreis",by_marital_status,mit Migrationshintergrund,Insgesamt,92
2025,08326KRSI,"Schwarzwald-Baar-Kreis, Landkreis",by_marital_status,mit Migrationshintergrund,geschieden,/
2025,08326KRSI,"Schwarzwald-Baar-Kreis, Landkreis",by_marital_status,mit Migrationshintergrund,ledig,42
2025,08326KRSI,"Schwarzwald-Baar-Kreis, Landkreis",by_marital_status,mit Migrationshintergrund,verheiratet,42
2025,08326KRSI,"Schwarzwald-Baar-Kreis, Landkreis",by_marital_status,mit Migrationshintergrund,verwitwet,/
2025,08326KRSI,"Schwarzwald-Baar-Kreis, Landkreis",second_generation_german,mit Migrationshintergrund | ohne eigene Migrationserfahrung | Deutsche,Insgesamt,27
2025,08326KRSI,"Schwarzwald-Baar-Kreis, Landkreis",second_generation_german,mit Migrationshintergrund | ohne eigene Migrationserfahrung | Deutsche,geschieden,/
2025,08326KRSI,"Schwarzwald-Baar-Kreis, Landkreis",second_generation_german,mit Migrationshintergrund | ohne eigene Migrationserfahrung | Deutsche,ledig,21
2025,08326KRSI,"Schwarzwald-Baar-Kreis, Landkreis",second_generation_german,mit Migrationshintergrund | ohne eigene Migrationserfahrung | Deutsche,verheiratet,/
2025,08326KRSI,"Schwarzwald-Baar-Kreis, Landkreis",second_generation_german,mit Migrationshintergrund | ohne eigene Migrationserfahrung | Deutsche,verwitwet,/
2025,08327KRSI,"Tuttlingen, Landkreis",by_marital_status,Insgesamt,Insgesamt,145
2025,08327KRSI,"Tuttlingen, Landkreis",by_marital_status,Insgesamt,geschieden,7
2025,08327KRSI,"Tuttlingen, Landkreis",by_marital_status,Insgesamt,ledig,59
2025,08327KRSI,"Tuttlingen, Landkreis",by_marital_status,Insgesamt,verheiratet,71
2025,08327KRSI,"Tuttlingen, Landkreis",by_marital_status,Insgesamt,verwitwet,8
2025,08327KRSI,"Tuttlingen, Landkreis",by_marital_status,mit Migrationshintergrund,Insgesamt,60
2025,08327KRSI,"Tuttlingen, Landkreis",by_marital_status,mit Migrationshintergrund,geschieden,/
2025,08327KRSI,"Tuttlingen, Landkreis",by_marital_status,mit Migrationshintergrund,ledig,27
2025,08327KRSI,"Tuttlingen, Landkreis",by_marital_status,mit Migrationshintergrund,verheiratet,28
2025,08327KRSI,"Tuttlingen, Landkreis",by_marital_status,mit Migrationshintergrund,verwitwet,/
2025,08327KRSI,"Tuttlingen, Landkreis",second_generation_german,mit Migrationshintergrund | ohne eigene Migrationserfahrung | Deutsche,Insgesamt,18
2025,08327KRSI,"Tuttlingen, Landkreis",second_generation_german,mit Migrationshintergrund | ohne eigene Migrationserfahrung | Deutsche,geschieden,/
2025,08327KRSI,"Tuttlingen, Landkreis",second_generation_german,mit Migrationshintergrund | ohne eigene Migrationserfahrung | Deutsche,ledig,13
2025,08327KRSI,"Tuttlingen, Landkreis",second_generation_german,mit Migrationshintergrund | ohne eigene Migrationserfahrung | Deutsche,verheiratet,/
2025,08327KRSI,"Tuttlingen, Landkreis",second_generation_german,mit Migrationshintergrund | ohne eigene Migrationserfahrung | Deutsche,verwitwet,/
2025,08335KRSI,"Konstanz, Landkreis",by_marital_status,Insgesamt,Insgesamt,289
2025,08335KRSI,"Konstanz, Landkreis",by_marital_status,Insgesamt,geschieden,18
2025,08335KRSI,"Konstanz, Landkreis",by_marital_status,Insgesamt,ledig,130
2025,08335KRSI,"Konstanz, Landkreis",by_marital_status,Insgesamt,verheiratet,126
2025,08335KRSI,"Konstanz, Landkreis",by_marital_status,Insgesamt,verwitwet,15
2025,08335KRSI,"Konstanz, Landkreis",by_marital_status,mit Migrationshintergrund,Insgesamt,109
2025,08335KRSI,"Konstanz, Landkreis",by_marital_status,mit Migrationshintergrund,geschieden,/
2025,08335KRSI,"Konstanz, Landkreis",by_marital_status,mit Migrationshintergrund,ledig,52
2025,08335KRSI,"Konstanz, Landkreis",by_marital_status,mit Migrationshintergrund,verheiratet,47
2025,08335KRSI,"Konstanz, Landkreis",by_marital_status,mit Migrationshintergrund,verwitwet,/
2025,08335KRSI,"Konstanz, Landkreis",second_generation_german,mit Migrationshintergrund | ohne eigene Migrationserfahrung | Deutsche,Insgesamt,34
2025,08335KRSI,"Konstanz, Landkreis",second_generation_german,mit Migrationshintergrund | ohne eigene Migrationserfahrung | Deutsche,geschieden,/
2025,08335KRSI,"Konstanz, Landkreis",second_generation_german,mit Migrationshintergrund | ohne eigene Migrationserfahrung | Deutsche,ledig,27
2025,08335KRSI,"Konstanz, Landkreis",second_generation_german,mit Migrationshintergrund | ohne eigene Migrationserfahrung | Deutsche,verheiratet,6
2025,08335KRSI,"Konstanz, Landkreis",second_generation_german,mit Migrationshintergrund | ohne eigene Migrationserfahrung | Deutsche,verwitwet,/
2025,08336KRSI,"Lörrach, Landkreis",by_marital_status,Insgesamt,Insgesamt,236
2025,08336KRSI,"Lörrach, Landkreis",by_marital_status,Insgesamt,geschieden,16
2025,08336KRSI,"Lörrach, Landkreis",by_marital_status,Insgesamt,ledig,95
2025,08336KRSI,"Lörrach, Landkreis",by_marital_status,Insgesamt,verheiratet,110
2025,08336KRSI,"Lörrach, Landkreis",by_marital_status,Insgesamt,verwitwet,14
2025,08336KRSI,"Lörrach, Landkreis",by_marital_status,mit Migrationshintergrund,Insgesamt,94
2025,08336KRSI,"Lörrach, Landkreis",by_marital_status,mit Migrationshintergrund,geschieden,/
2025,08336KRSI,"Lörrach, Landkreis",by_marital_status,mit Migrationshintergrund,ledig,43
2025,08336KRSI,"Lörrach, Landkreis",by_marital_status,mit Migrationshintergrund,verheiratet,41
2025,08336KRSI,"Lörrach, Landkreis",by_marital_status,mit Migrationshintergrund,verwitwet,/
2025,08336KRSI,"Lörrach, Landkreis",second_generation_german,mit Migrationshintergrund | ohne eigene Migrationserfahrung | Deutsche,Insgesamt,28
2025,08336KRSI,"Lörrach, Landkreis",second_generation_german,mit Migrationshintergrund | ohne eigene Migrationserfahrung | Deutsche,geschieden,/
2025,08336KRSI,"Lörrach, Landkreis",second_generation_german,mit Migrationshintergrund | ohne eigene Migrationserfahrung | Deutsche,ledig,21
2025,08336KRSI,"Lörrach, Landkreis",second_generation_german,mit Migrationshintergrund | ohne eigene Migrationserfahrung | Deutsche,verheiratet,6
2025,08336KRSI,"Lörrach, Landkreis",second_generation_german,mit Migrationshintergrund | ohne eigene Migrationserfahrung | Deutsche,verwitwet,/
2025,08337KRSI,"Waldshut, Landkreis",by_marital_status,Insgesamt,Insgesamt,172
2025,08337KRSI,"Waldshut, Landkreis",by_marital_status,Insgesamt,geschieden,10
2025,08337KRSI,"Waldshut, Landkreis",by_marital_status,Insgesamt,ledig,68
2025,08337KRSI,"Waldshut, Landkreis",by_marital_status,Insgesamt,verheiratet,85
2025,08337KRSI,"Waldshut, Landkreis",by_marital_status,Insgesamt,verwitwet,9
2025,08337KRSI,"Waldshut, Landkreis",by_marital_status,mit Migrationshintergrund,Insgesamt,65
2025,08337KRSI,"Waldshut, Landkreis",by_marital_status,mit Migrationshintergrund,geschieden,/
2025,08337KRSI,"Waldshut, Landkreis",by_marital_status,mit Migrationshintergrund,ledig,29
2025,08337KRSI,"Waldshut, Landkreis",by_marital_status,mit Migrationshintergrund,verheiratet,31
2025,08337KRSI,"Waldshut, Landkreis",by_marital_status,mit Migrationshintergrund,verwitwet,/
2025,08337KRSI,"Waldshut, Landkreis",second_generation_german,mit Migrationshintergrund | ohne eigene Migrationserfahrung | Deutsche,Insgesamt,19
2025,08337KRSI,"Waldshut, Landkreis",second_generation_german,mit Migrationshintergrund | ohne eigene Migrationserfahrung | Deutsche,geschieden,/
2025,08337KRSI,"Waldshut, Landkreis",second_generation_german,mit Migrationshintergrund | ohne eigene Migrationserfahrung | Deutsche,ledig,15
2025,08337KRSI,"Waldshut, Landkreis",second_generation_german,mit Migrationshintergrund | ohne eigene Migrationserfahrung | Deutsche,verheiratet,/
2025,08337KRSI,"Waldshut, Landkreis",second_generation_german,mit Migrationshintergrund | ohne eigene Migrationserfahrung | Deutsche,verwitwet,/
2025,08415KRSI,"Reutlingen, Landkreis",by_marital_status,Insgesamt,Insgesamt,288
2025,08415KRSI,"Reutlingen, Landkreis",by_marital_status,Insgesamt,geschieden,19
2025,08415KRSI,"Reutlingen, Landkreis",by_marital_status,Insgesamt,ledig,116
2025,08415KRSI,"Reutlingen, Landkreis",by_marital_status,Insgesamt,verheiratet,138
2025,08415KRSI,"Reutlingen, Landkreis",by_marital_status,Insgesamt,verwitwet,15
2025,08415KRSI,"Reutlingen, Landkreis",by_marital_status,mit Migrationshintergrund,Insgesamt,112
2025,08415KRSI,"Reutlingen, Landkreis",by_marital_status,mit Migrationshintergrund,geschieden,7
2025,08415KRSI,"Reutlingen, Landkreis",by_marital_status,mit Migrationshintergrund,ledig,51
2025,08415KRSI,"Reutlingen, Landkreis",by_marital_status,mit Migrationshintergrund,verheiratet,51
2025,08415KRSI,"Reutlingen, Landkreis",by_marital_status,mit Migrationshintergrund,verwitwet,/
2025,08415KRSI,"Reutlingen, Landkreis",second_generation_german,mit Migrationshintergrund | ohne eigene Migrationserfahrung | Deutsche,Insgesamt,37
2025,08415KRSI,"Reutlingen, Landkreis",second_generation_german,mit Migrationshintergrund | ohne eigene Migrationserfahrung | Deutsche,geschieden,/
2025,08415KRSI,"Reutlingen, Landkreis",second_generation_german,mit Migrationshintergrund | ohne eigene Migrationserfahrung | Deutsche,ledig,27
2025,08415KRSI,"Reutlingen, Landkreis",second_generation_german,mit Migrationshintergrund | ohne eigene Migrationserfahrung | Deutsche,verheiratet,8
2025,08415KRSI,"Reutlingen, Landkreis",second_generation_german,mit Migrationshintergrund | ohne eigene Migrationserfahrung | Deutsche,verwitwet,/
2025,08416KRSI,"Tübingen, Landkreis",by_marital_status,Insgesamt,Insgesamt,233
2025,08416KRSI,"Tübingen, Landkreis",by_marital_status,Insgesamt,geschieden,13
2025,08416KRSI,"Tübingen, Landkreis",by_marital_status,Insgesamt,ledig,115
2025,08416KRSI,"Tübingen, Landkreis",by_marital_status,Insgesamt,verheiratet,94
2025,08416KRSI,"Tübingen, Landkreis",by_marital_status,Insgesamt,verwitwet,11
2025,08416KRSI,"Tübingen, Landkreis",by_marital_status,mit Migrationshintergrund,Insgesamt,69
2025,08416KRSI,"Tübingen, Landkreis",by_marital_status,mit Migrationshintergrund,geschieden,/
2025,08416KRSI,"Tübingen, Landkreis",by_marital_status,mit Migrationshintergrund,ledig,35
2025,08416KRSI,"Tübingen, Landkreis",by_marital_status,mit Migrationshintergrund,verheiratet,27
2025,08416KRSI,"Tübingen, Landkreis",by_marital_status,mit Migrationshintergrund,verwitwet,/
2025,08416KRSI,"Tübingen, Landkreis",second_generation_german,mit Migrationshintergrund | ohne eigene Migrationserfahrung | Deutsche,Insgesamt,24
2025,08416KRSI,"Tübingen, Landkreis",second_generation_german,mit Migrationshintergrund | ohne eigene Migrationserfahrung | Deutsche,geschieden,/
2025,08416KRSI,"Tübingen, Landkreis",second_generation_german,mit Migrationshintergrund | ohne eigene Migrationserfahrung | Deutsche,ledig,18
2025,08416KRSI,"Tübingen, Landkreis",second_generation_german,mit Migrationshintergrund | ohne eigene Migrationserfahrung | Deutsche,verheiratet,/
2025,08416KRSI,"Tübingen, Landkreis",second_generation_german,mit Migrationshintergrund | ohne eigene Migrationserfahrung | Deutsche,verwitwet,/
2025,08417KRSI,"Zollernalbkreis, Landkreis",by_marital_status,Insgesamt,Insgesamt,195
2025,08417KRSI,"Zollernalbkreis, Landkreis",by_marital_status,Insgesamt,geschieden,12
2025,08417KRSI,"Zollernalbkreis, Landkreis",by_marital_status,Insgesamt,ledig,78
2025,08417KRSI,"Zollernalbkreis, Landkreis",by_marital_status,Insgesamt,verheiratet,94
2025,08417KRSI,"Zollernalbkreis, Landkreis",by_marital_status,Insgesamt,verwitwet,12
2025,08417KRSI,"Zollernalbkreis, Landkreis",by_marital_status,mit Migrationshintergrund,Insgesamt,68
2025,08417KRSI,"Zollernalbkreis, Landkreis",by_marital_status,mit Migrationshintergrund,geschieden,/
2025,08417KRSI,"Zollernalbkreis, Landkreis",by_marital_status,mit Migrationshintergrund,ledig,32
2025,08417KRSI,"Zollernalbkreis, Landkreis",by_marital_status,mit Migrationshintergrund,verheiratet,30
2025,08417KRSI,"Zollernalbkreis, Landkreis",by_marital_status,mit Migrationshintergrund,verwitwet,/
2025,08417KRSI,"Zollernalbkreis, Landkreis",second_generation_german,mit Migrationshintergrund | ohne eigene Migrationserfahrung | Deutsche,Insgesamt,23
2025,08417KRSI,"Zollernalbkreis, Landkreis",second_generation_german,mit Migrationshintergrund | ohne eigene Migrationserfahrung | Deutsche,geschieden,/
2025,08417KRSI,"Zollernalbkreis, Landkreis",second_generation_german,mit Migrationshintergrund | ohne eigene Migrationserfahrung | Deutsche,ledig,18
2025,08417KRSI,"Zollernalbkreis, Landkreis",second_generation_german,mit Migrationshintergrund | ohne eigene Migrationserfahrung | Deutsche,verheiratet,/
2025,08417KRSI,"Zollernalbkreis, Landkreis",second_generation_german,mit Migrationshintergrund | ohne eigene Migrationserfahrung | Deutsche,verwitwet,/
2025,08421KRSI,"Ulm, Stadtkreis",by_marital_status,Insgesamt,Insgesamt,130
2025,08421KRSI,"Ulm, Stadtkreis",by_marital_status,Insgesamt,geschieden,7
2025,08421KRSI,"Ulm, Stadtkreis",by_marital_status,Insgesamt,ledig,62
2025,08421KRSI,"Ulm, Stadtkreis",by_marital_status,Insgesamt,verheiratet,55
2025,08421KRSI,"Ulm, Stadtkreis",by_marital_status,Insgesamt,verwitwet,/
2025,08421KRSI,"Ulm, Stadtkreis",by_marital_status,mit Migrationshintergrund,Insgesamt,66
2025,08421KRSI,"Ulm, Stadtkreis",by_marital_status,mit Migrationshintergrund,geschieden,/
2025,08421KRSI,"Ulm, Stadtkreis",by_marital_status,mit Migrationshintergrund,ledig,31
2025,08421KRSI,"Ulm, Stadtkreis",by_marital_status,mit Migrationshintergrund,verheiratet,30
2025,08421KRSI,"Ulm, Stadtkreis",by_marital_status,mit Migrationshintergrund,verwitwet,/
2025,08421KRSI,"Ulm, Stadtkreis",second_generation_german,mit Migrationshintergrund | ohne eigene Migrationserfahrung | Deutsche,Insgesamt,18
2025,08421KRSI,"Ulm, Stadtkreis",second_generation_german,mit Migrationshintergrund | ohne eigene Migrationserfahrung | Deutsche,geschieden,/
2025,08421KRSI,"Ulm, Stadtkreis",second_generation_german,mit Migrationshintergrund | ohne eigene Migrationserfahrung | Deutsche,ledig,15
2025,08421KRSI,"Ulm, Stadtkreis",second_generation_german,mit Migrationshintergrund | ohne eigene Migrationserfahrung | Deutsche,verheiratet,/
2025,08421KRSI,"Ulm, Stadtkreis",second_generation_german,mit Migrationshintergrund | ohne eigene Migrationserfahrung | Deutsche,verwitwet,/
2025,08425KRSI,"Alb-Donau-Kreis, Landkreis",by_marital_status,Insgesamt,Insgesamt,200
2025,08425KRSI,"Alb-Donau-Kreis, Landkreis",by_marital_status,Insgesamt,geschieden,9
2025,08425KRSI,"Alb-Donau-Kreis, Landkreis",by_marital_status,Insgesamt,ledig,81
2025,08425KRSI,"Alb-Donau-Kreis, Landkreis",by_marital_status,Insgesamt,verheiratet,99
2025,08425KRSI,"Alb-Donau-Kreis, Landkreis",by_marital_status,Insgesamt,verwitwet,11
2025,08425KRSI,"Alb-Donau-Kreis, Landkreis",by_marital_status,mit Migrationshintergrund,Insgesamt,61
2025,08425KRSI,"Alb-Donau-Kreis, Landkreis",by_marital_status,mit Migrationshintergrund,geschieden,/
2025,08425KRSI,"Alb-Donau-Kreis, Landkreis",by_marital_status,mit Migrationshintergrund,ledig,29
2025,08425KRSI,"Alb-Donau-Kreis, Landkreis",by_marital_status,mit Migrationshintergrund,verheiratet,28
2025,08425KRSI,"Alb-Donau-Kreis, Landkreis",by_marital_status,mit Migrationshintergrund,verwitwet,/
2025,08425KRSI,"Alb-Donau-Kreis, Landkreis",second_generation_german,mit Migrationshintergrund | ohne eigene Migrationserfahrung | Deutsche,Insgesamt,16
2025,08425KRSI,"Alb-Donau-Kreis, Landkreis",second_generation_german,mit Migrationshintergrund | ohne eigene Migrationserfahrung | Deutsche,geschieden,/
2025,08425KRSI,"Alb-Donau-Kreis, Landkreis",second_generation_german,mit Migrationshintergrund | ohne eigene Migrationserfahrung | Deutsche,ledig,12
2025,08425KRSI,"Alb-Donau-Kreis, Landkreis",second_generation_german,mit Migrationshintergrund | ohne eigene Migrationserfahrung | Deutsche,verheiratet,/
2025,08425KRSI,"Alb-Donau-Kreis, Landkreis",second_generation_german,mit Migrationshintergrund | ohne eigene Migrationserfahrung | Deutsche,verwitwet,/
2025,08426KRSI,"Biberach, Landkreis",by_marital_status,Insgesamt,Insgesamt,209
2025,08426KRSI,"Biberach, Landkreis",by_marital_status,Insgesamt,geschieden,13
2025,08426KRSI,"Biberach, Landkreis",by_marital_status,Insgesamt,ledig,89
2025,08426KRSI,"Biberach, Landkreis",by_marital_status,Insgesamt,verheiratet,95
2025,08426KRSI,"Biberach, Landkreis",by_marital_status,Insgesamt,verwitwet,12
2025,08426KRSI,"Biberach, Landkreis",by_marital_status,mit Migrationshintergrund,Insgesamt,59
2025,08426KRSI,"Biberach, Landkreis",by_marital_status,mit Migrationshintergrund,geschieden,/
2025,08426KRSI,"Biberach, Landkreis",by_marital_status,mit Migrationshintergrund,ledig,26
2025,08426KRSI,"Biberach, Landkreis",by_marital_status,mit Migrationshintergrund,verheiratet,27
2025,08426KRSI,"Biberach, Landkreis",by_marital_status,mit Migrationshintergrund,verwitwet,/
2025,08426KRSI,"Biberach, Landkreis",second_generation_german,mit Migrationshintergrund | ohne eigene Migrationserfahrung | Deutsche,Insgesamt,18
2025,08426KRSI,"Biberach, Landkreis",second_generation_german,mit Migrationshintergrund | ohne eigene Migrationserfahrung | Deutsche,geschieden,/
2025,08426KRSI,"Biberach, Landkreis",second_generation_german,mit Migrationshintergrund | ohne eigene Migrationserfahrung | Deutsche,ledig,14
2025,08426KRSI,"Biberach, Landkreis",second_generation_german,mit Migrationshintergrund | ohne eigene Migrationserfahrung | Deutsche,verheiratet,/
2025,08426KRSI,"Biberach, Landkreis",second_generation_german,mit Migrationshintergrund | ohne eigene Migrationserfahrung | Deutsche,verwitwet,/
2025,08435KRSI,"Bodenseekreis, Landkreis",by_marital_status,Insgesamt,Insgesamt,217
2025,08435KRSI,"Bodenseekreis, Landkreis",by_marital_status,Insgesamt,geschieden,15
2025,08435KRSI,"Bodenseekreis, Landkreis",by_marital_status,Insgesamt,ledig,87
2025,08435KRSI,"Bodenseekreis, Landkreis",by_marital_status,Insgesamt,verheiratet,100
2025,08435KRSI,"Bodenseekreis, Landkreis",by_marital_status,Insgesamt,verwitwet,16
2025,08435KRSI,"Bodenseekreis, Landkreis",by_marital_status,mit Migrationshintergrund,Insgesamt,77
2025,08435KRSI,"Bodenseekreis, Landkreis",by_marital_status,mit Migrationshintergrund,geschieden,/
2025,08435KRSI,"Bodenseekreis, Landkreis",by_marital_status,mit Migrationshintergrund,ledig,36
2025,08435KRSI,"Bodenseekreis, Landkreis",by_marital_status,mit Migrationshintergrund,verheiratet,32
2025,08435KRSI,"Bodenseekreis, Landkreis",by_marital_status,mit Migrationshintergrund,verwitwet,/
2025,08435KRSI,"Bodenseekreis, Landkreis",second_generation_german,mit Migrationshintergrund | ohne eigene Migrationserfahrung | Deutsche,Insgesamt,21
2025,08435KRSI,"Bodenseekreis, Landkreis",second_generation_german,mit Migrationshintergrund | ohne eigene Migrationserfahrung | Deutsche,geschieden,/
2025,08435KRSI,"Bodenseekreis, Landkreis",second_generation_german,mit Migrationshintergrund | ohne eigene Migrationserfahrung | Deutsche,ledig,15
2025,08435KRSI,"Bodenseekreis, Landkreis",second_generation_german,mit Migrationshintergrund | ohne eigene Migrationserfahrung | Deutsche,verheiratet,/
2025,08435KRSI,"Bodenseekreis, Landkreis",second_generation_german,mit Migrationshintergrund | ohne eigene Migrationserfahrung | Deutsche,verwitwet,/
2025,08436KRSI,"Ravensburg, Landkreis",by_marital_status,Insgesamt,Insgesamt,290
2025,08436KRSI,"Ravensburg, Landkreis",by_marital_status,Insgesamt,geschieden,17
2025,08436KRSI,"Ravensburg, Landkreis",by_marital_status,Insgesamt,ledig,125
2025,08436KRSI,"Ravensburg, Landkreis",by_marital_status,Insgesamt,verheiratet,134
2025,08436KRSI,"Ravensburg, Landkreis",by_marital_status,Insgesamt,verwitwet,14
2025,08436KRSI,"Ravensburg, Landkreis",by_marital_status,mit Migrationshintergrund,Insgesamt,86
2025,08436KRSI,"Ravensburg, Landkreis",by_marital_status,mit Migrationshintergrund,geschieden,/
2025,08436KRSI,"Ravensburg, Landkreis",by_marital_status,mit Migrationshintergrund,ledig,40
2025,08436KRSI,"Ravensburg, Landkreis",by_marital_status,mit Migrationshintergrund,verheiratet,38
2025,08436KRSI,"Ravensburg, Landkreis",by_marital_status,mit Migrationshintergrund,verwitwet,/
2025,08436KRSI,"Ravensburg, Landkreis",second_generation_german,mit Migrationshintergrund | ohne eigene Migrationserfahrung | Deutsche,Insgesamt,26
2025,08436KRSI,"Ravensburg, Landkreis",second_generation_german,mit Migrationshintergrund | ohne eigene Migrationserfahrung | Deutsche,geschieden,/
2025,08436KRSI,"Ravensburg, Landkreis",second_generation_german,mit Migrationshintergrund | ohne eigene Migrationserfahrung | Deutsche,ledig,19
2025,08436KRSI,"Ravensburg, Landkreis",second_generation_german,mit Migrationshintergrund | ohne eigene Migrationserfahrung | Deutsche,verheiratet,/
2025,08436KRSI,"Ravensburg, Landkreis",second_generation_german,mit Migrationshintergrund | ohne eigene Migrationserfahrung | Deutsche,verwitwet,/
2025,08437KRSI,"Sigmaringen, Landkreis",by_marital_status,Insgesamt,Insgesamt,131
2025,08437KRSI,"Sigmaringen, Landkreis",by_marital_status,Insgesamt,geschieden,9
2025,08437KRSI,"Sigmaringen, Landkreis",by_marital_status,Insgesamt,ledig,54
2025,08437KRSI,"Sigmaringen, Landkreis",by_marital_status,Insgesamt,verheiratet,60
2025,08437KRSI,"Sigmaringen, Landkreis",by_marital_status,Insgesamt,verwitwet,8
2025,08437KRSI,"Sigmaringen, Landkreis",by_marital_status,mit Migrationshintergrund,Insgesamt,33
2025,08437KRSI,"Sigmaringen, Landkreis",by_marital_status,mit Migrationshintergrund,geschieden,/
2025,08437KRSI,"Sigmaringen, Landkreis",by_marital_status,mit Migrationshintergrund,ledig,14
2025,08437KRSI,"Sigmaringen, Landkreis",by_marital_status,mit Migrationshintergrund,verheiratet,15
2025,08437KRSI,"Sigmaringen, Landkreis",by_marital_status,mit Migrationshintergrund,verwitwet,/
2025,08437KRSI,"Sigmaringen, Landkreis",second_generation_german,mit Migrationshintergrund | ohne eigene Migrationserfahrung | Deutsche,Insgesamt,10
2025,08437KRSI,"Sigmaringen, Landkreis",second_generation_german,mit Migrationshintergrund | ohne eigene Migrationserfahrung | Deutsche,geschieden,/
2025,08437KRSI,"Sigmaringen, Landkreis",second_generation_german,mit Migrationshintergrund | ohne eigene Migrationserfahrung | Deutsche,ledig,8
2025,08437KRSI,"Sigmaringen, Landkreis",second_generation_german,mit Migrationshintergrund | ohne eigene Migrationserfahrung | Deutsche,verheiratet,/
2025,08437KRSI,"Sigmaringen, Landkreis",second_generation_german,mit Migrationshintergrund | ohne eigene Migrationserfahrung | Deutsche,verwitwet,/
